SOUTHEAST ASIAN CLIMATE ASSESSMENT & DATASET (SACA&D), file created on 26-08-2026
THESE DATA CAN BE USED FREELY PROVIDED THAT THE FOLLOWING SOURCE IS ACKNOWLEDGED:

Klein Tank, A.M.G. and Coauthors, 2011. Daily dataset for climate extremes
analyses in Southeast Asia.
In preparation
Data and metadata available at http://saca-bmkg.knmi.nl

FILE FORMAT (MISSING VALUE CODE IS -9999):

01-06 SOUID: Source identifier
08-15 DATE : Date YYYYMMDD
17-21 TG   : mean temperature in 0.1 &#176;C
23-27 Q_TG : Quality code for TG (0='valid'; 1='suspect'; 9='missing')

This is the blended series of station MALAYSIA, KUANTAN (STAID: 2842).
Blended and updated with sources: 101812 948657 
See file sources.txt and stations.txt for more info.

 SOUID,    DATE,   TG, Q_TG
101812,19680101,  251,    0
101812,19680102,  249,    0
101812,19680103,  245,    0
101812,19680104,  247,    0
101812,19680105,  251,    0
101812,19680106,  247,    0
101812,19680107,  254,    0
101812,19680108,  260,    0
101812,19680109,  259,    0
101812,19680110,  258,    0
101812,19680111,  253,    0
101812,19680112,  247,    0
101812,19680113,  255,    0
101812,19680114,  249,    0
101812,19680115,  255,    0
101812,19680116,  253,    0
101812,19680117,  247,    0
101812,19680118,  255,    0
101812,19680119,  256,    0
101812,19680120,  250,    0
101812,19680121,  252,    0
101812,19680122,  246,    0
101812,19680123,  248,    0
101812,19680124,  255,    0
101812,19680125,  252,    0
101812,19680126,  247,    0
101812,19680127,  248,    0
101812,19680128,  252,    0
101812,19680129,  247,    0
101812,19680130,  261,    0
101812,19680131,  262,    0
101812,19680201,  262,    0
101812,19680202,  265,    0
101812,19680203,  262,    0
101812,19680204,  255,    0
101812,19680205,  259,    0
101812,19680206,  259,    0
101812,19680207,  262,    0
101812,19680208,  276,    0
101812,19680209,  256,    0
101812,19680210,  260,    0
101812,19680211,  260,    0
101812,19680212,  250,    0
101812,19680213,  238,    0
101812,19680214,  256,    0
101812,19680215,  254,    0
101812,19680216,  253,    0
101812,19680217,  253,    0
101812,19680218,  262,    0
101812,19680219,  256,    0
101812,19680220,  254,    0
101812,19680221,  250,    0
101812,19680222,  263,    0
101812,19680223,  259,    0
101812,19680224,  258,    0
101812,19680225,  257,    0
101812,19680226,  257,    0
101812,19680227,  258,    0
101812,19680228,  262,    0
101812,19680229,  266,    0
101812,19680301,  264,    0
101812,19680302,  253,    0
101812,19680303,  261,    0
101812,19680304,  261,    0
101812,19680305,  253,    0
101812,19680306,  248,    0
101812,19680307,  261,    0
101812,19680308,  270,    0
101812,19680309,  273,    0
101812,19680310,  279,    0
101812,19680311,  270,    0
101812,19680312,  271,    0
101812,19680313,  269,    0
101812,19680314,  275,    0
101812,19680315,  274,    0
101812,19680316,  274,    0
101812,19680317,  282,    0
101812,19680318,  277,    0
101812,19680319,  271,    0
101812,19680320,  274,    0
101812,19680321,  276,    0
101812,19680322,  276,    0
101812,19680323,  282,    0
101812,19680324,  280,    0
101812,19680325,  262,    0
101812,19680326,  272,    0
101812,19680327,  273,    0
101812,19680328,  276,    0
101812,19680329,  273,    0
101812,19680330,  286,    0
101812,19680331,  282,    0
101812,19680401,  282,    0
101812,19680402,  272,    0
101812,19680403,  278,    0
101812,19680404,  277,    0
101812,19680405,  274,    0
101812,19680406,  270,    0
101812,19680407,  282,    0
101812,19680408,  276,    0
101812,19680409,  275,    0
101812,19680410,  276,    0
101812,19680411,  277,    0
101812,19680412,  276,    0
101812,19680413,  274,    0
101812,19680414,  279,    0
101812,19680415,  269,    0
101812,19680416,  270,    0
101812,19680417,  272,    0
101812,19680418,  270,    0
101812,19680419,  277,    0
101812,19680420,  277,    0
101812,19680421,  269,    0
101812,19680422,  277,    0
101812,19680423,  273,    0
101812,19680424,  276,    0
101812,19680425,  267,    0
101812,19680426,  280,    0
101812,19680427,  258,    0
101812,19680428,  265,    0
101812,19680429,  275,    0
101812,19680430,  268,    0
101812,19680501,  268,    0
101812,19680502,  270,    0
101812,19680503,  278,    0
101812,19680504,  280,    0
101812,19680505,  280,    0
101812,19680506,  278,    0
101812,19680507,  262,    0
101812,19680508,  283,    0
101812,19680509,  264,    0
101812,19680510,  281,    0
101812,19680511,  274,    0
101812,19680512,  279,    0
101812,19680513,  280,    0
101812,19680514,  278,    0
101812,19680515,  268,    0
101812,19680516,  274,    0
101812,19680517,  268,    0
101812,19680518,  284,    0
101812,19680519,  277,    0
101812,19680520,  270,    0
101812,19680521,  275,    0
101812,19680522,  284,    0
101812,19680523,  274,    0
101812,19680524,  278,    0
101812,19680525,  278,    0
101812,19680526,  277,    0
101812,19680527,  277,    0
101812,19680528,  289,    0
101812,19680529,  287,    0
101812,19680530,  285,    0
101812,19680531,  277,    0
101812,19680601,  283,    0
101812,19680602,  289,    0
101812,19680603,  270,    0
101812,19680604,  275,    0
101812,19680605,  279,    0
101812,19680606,  281,    0
101812,19680607,  287,    0
101812,19680608,  260,    0
101812,19680609,  269,    0
101812,19680610,  275,    0
101812,19680611,  278,    0
101812,19680612,  281,    0
101812,19680613,  275,    0
101812,19680614,  273,    0
101812,19680615,  281,    0
101812,19680616,  273,    0
101812,19680617,  275,    0
101812,19680618,  276,    0
101812,19680619,  266,    0
101812,19680620,  278,    0
101812,19680621,  274,    0
101812,19680622,  275,    0
101812,19680623,  269,    0
101812,19680624,  278,    0
101812,19680625,  267,    0
101812,19680626,  271,    0
101812,19680627,  279,    0
101812,19680628,  275,    0
101812,19680629,  276,    0
101812,19680630,  278,    0
101812,19680701,  277,    0
101812,19680702,  278,    0
101812,19680703,  277,    0
101812,19680704,  264,    0
101812,19680705,  271,    0
101812,19680706,  264,    0
101812,19680707,  268,    0
101812,19680708,  287,    0
101812,19680709,  269,    0
101812,19680710,  278,    0
101812,19680711,  276,    0
101812,19680712,  287,    0
101812,19680713,  281,    0
101812,19680714,  263,    0
101812,19680715,  276,    0
101812,19680716,  275,    0
101812,19680717,  265,    0
101812,19680718,  266,    0
101812,19680719,  264,    0
101812,19680720,  258,    0
101812,19680721,  266,    0
101812,19680722,  277,    0
101812,19680723,  277,    0
101812,19680724,  281,    0
101812,19680725,  278,    0
101812,19680726,  271,    0
101812,19680727,  265,    0
101812,19680728,  276,    0
101812,19680729,  284,    0
101812,19680730,  254,    0
101812,19680731,  280,    0
101812,19680801,  290,    0
101812,19680802,  279,    0
101812,19680803,  282,    0
101812,19680804,  263,    0
101812,19680805,  274,    0
101812,19680806,  245,    0
101812,19680807,  271,    0
101812,19680808,  273,    0
101812,19680809,  282,    0
101812,19680810,  281,    0
101812,19680811,  269,    0
101812,19680812,  276,    0
101812,19680813,  267,    0
101812,19680814,  279,    0
101812,19680815,  278,    0
101812,19680816,  279,    0
101812,19680817,  275,    0
101812,19680818,  267,    0
101812,19680819,  286,    0
101812,19680820,  278,    0
101812,19680821,  284,    0
101812,19680822,  283,    0
101812,19680823,  263,    0
101812,19680824,  274,    0
101812,19680825,  273,    0
101812,19680826,  272,    0
101812,19680827,  275,    0
101812,19680828,  278,    0
101812,19680829,  268,    0
101812,19680830,  283,    0
101812,19680831,  275,    0
101812,19680901,  271,    0
101812,19680902,  273,    0
101812,19680903,  277,    0
101812,19680904,  267,    0
101812,19680905,  274,    0
101812,19680906,  276,    0
101812,19680907,  283,    0
101812,19680908,  285,    0
101812,19680909,  271,    0
101812,19680910,  272,    0
101812,19680911,  268,    0
101812,19680912,  272,    0
101812,19680913,  276,    0
101812,19680914,  280,    0
101812,19680915,  264,    0
101812,19680916,  281,    0
101812,19680917,  240,    0
101812,19680918,  275,    0
101812,19680919,  272,    0
101812,19680920,  271,    0
101812,19680921,  269,    0
101812,19680922,  272,    0
101812,19680923,  274,    0
101812,19680924,  278,    0
101812,19680925,  275,    0
101812,19680926,  281,    0
101812,19680927,  278,    0
101812,19680928,  272,    0
101812,19680929,  280,    0
101812,19680930,  277,    0
101812,19681001,  273,    0
101812,19681002,  272,    0
101812,19681003,  277,    0
101812,19681004,  251,    0
101812,19681005,  263,    0
101812,19681006,  275,    0
101812,19681007,  274,    0
101812,19681008,  268,    0
101812,19681009,  273,    0
101812,19681010,  267,    0
101812,19681011,  270,    0
101812,19681012,  265,    0
101812,19681013,  268,    0
101812,19681014,  267,    0
101812,19681015,  274,    0
101812,19681016,  273,    0
101812,19681017,  276,    0
101812,19681018,  274,    0
101812,19681019,  272,    0
101812,19681020,  286,    0
101812,19681021,  271,    0
101812,19681022,  276,    0
101812,19681023,  258,    0
101812,19681024,  261,    0
101812,19681025,  247,    0
101812,19681026,  259,    0
101812,19681027,  260,    0
101812,19681028,  260,    0
101812,19681029,  262,    0
101812,19681030,  255,    0
101812,19681031,  264,    0
101812,19681101,  258,    0
101812,19681102,  248,    0
101812,19681103,  245,    0
101812,19681104,  267,    0
101812,19681105,  267,    0
101812,19681106,  265,    0
101812,19681107,  266,    0
101812,19681108,  255,    0
101812,19681109,  262,    0
101812,19681110,  261,    0
101812,19681111,  271,    0
101812,19681112,  263,    0
101812,19681113,  264,    0
101812,19681114,  256,    0
101812,19681115,  252,    0
101812,19681116,  269,    0
101812,19681117,  252,    0
101812,19681118,  256,    0
101812,19681119,  241,    0
101812,19681120,  261,    0
101812,19681121,  259,    0
101812,19681122,  262,    0
101812,19681123,  265,    0
101812,19681124,  271,    0
101812,19681125,  269,    0
101812,19681126,  270,    0
101812,19681127,  270,    0
101812,19681128,  272,    0
101812,19681129,  272,    0
101812,19681130,  249,    0
101812,19681201,  254,    0
101812,19681202,  261,    0
101812,19681203,  245,    0
101812,19681204,  259,    0
101812,19681205,  254,    0
101812,19681206,  254,    0
101812,19681207,  256,    0
101812,19681208,  263,    0
101812,19681209,  266,    0
101812,19681210,  263,    0
101812,19681211,  262,    0
101812,19681212,  267,    0
101812,19681213,  269,    0
101812,19681214,  240,    0
101812,19681215,  232,    0
101812,19681216,  252,    0
101812,19681217,  234,    0
101812,19681218,  234,    0
101812,19681219,  237,    0
101812,19681220,  243,    0
101812,19681221,  251,    0
101812,19681222,  252,    0
101812,19681223,  263,    0
101812,19681224,  260,    0
101812,19681225,  258,    0
101812,19681226,  256,    0
101812,19681227,  251,    0
101812,19681228,  258,    0
101812,19681229,  247,    0
101812,19681230,  264,    0
101812,19681231,  265,    0
101812,19690101,  266,    0
101812,19690102,  260,    0
101812,19690103,  260,    0
101812,19690104,  270,    0
101812,19690105,  263,    0
101812,19690106,  247,    0
101812,19690107,  238,    0
101812,19690108,  245,    0
101812,19690109,  247,    0
101812,19690110,  255,    0
101812,19690111,  260,    0
101812,19690112,  259,    0
101812,19690113,  260,    0
101812,19690114,  268,    0
101812,19690115,  260,    0
101812,19690116,  265,    0
101812,19690117,  259,    0
101812,19690118,  270,    0
101812,19690119,  264,    0
101812,19690120,  271,    0
101812,19690121,  267,    0
101812,19690122,  263,    0
101812,19690123,  261,    0
101812,19690124,  264,    0
101812,19690125,  257,    0
101812,19690126,  264,    0
101812,19690127,  264,    0
101812,19690128,  256,    0
101812,19690129,  268,    0
101812,19690130,  261,    0
101812,19690131,  263,    0
101812,19690201,  258,    0
101812,19690202,  263,    0
101812,19690203,  267,    0
101812,19690204,  260,    0
101812,19690205,  254,    0
101812,19690206,  240,    0
101812,19690207,  256,    0
101812,19690208,  263,    0
101812,19690209,  253,    0
101812,19690210,  253,    0
101812,19690211,  263,    0
101812,19690212,  258,    0
101812,19690213,  264,    0
101812,19690214,  269,    0
101812,19690215,  265,    0
101812,19690216,  257,    0
101812,19690217,  261,    0
101812,19690218,  258,    0
101812,19690219,  257,    0
101812,19690220,  264,    0
101812,19690221,  273,    0
101812,19690222,  267,    0
101812,19690223,  259,    0
101812,19690224,  262,    0
101812,19690225,  263,    0
101812,19690226,  260,    0
101812,19690227,  271,    0
101812,19690228,  255,    0
101812,19690301,  254,    0
101812,19690302,  267,    0
101812,19690303,  259,    0
101812,19690304,  252,    0
101812,19690305,  249,    0
101812,19690306,  254,    0
101812,19690307,  247,    0
101812,19690308,  270,    0
101812,19690309,  275,    0
101812,19690310,  265,    0
101812,19690311,  270,    0
101812,19690312,  268,    0
101812,19690313,  276,    0
101812,19690314,  276,    0
101812,19690315,  270,    0
101812,19690316,  277,    0
101812,19690317,  272,    0
101812,19690318,  271,    0
101812,19690319,  266,    0
101812,19690320,  267,    0
101812,19690321,  261,    0
101812,19690322,  270,    0
101812,19690323,  282,    0
101812,19690324,  272,    0
101812,19690325,  271,    0
101812,19690326,  272,    0
101812,19690327,  274,    0
101812,19690328,  280,    0
101812,19690329,  279,    0
101812,19690330,  278,    0
101812,19690331,  272,    0
101812,19690401,  275,    0
101812,19690402,  269,    0
101812,19690403,  274,    0
101812,19690404,  279,    0
101812,19690405,  275,    0
101812,19690406,  278,    0
101812,19690407,  264,    0
101812,19690408,  271,    0
101812,19690409,  269,    0
101812,19690410,  273,    0
101812,19690411,  278,    0
101812,19690412,  279,    0
101812,19690413,  279,    0
101812,19690414,  286,    0
101812,19690415,  283,    0
101812,19690416,  280,    0
101812,19690417,  276,    0
101812,19690418,  272,    0
101812,19690419,  270,    0
101812,19690420,  285,    0
101812,19690421,  282,    0
101812,19690422,  289,    0
101812,19690423,  281,    0
101812,19690424,  287,    0
101812,19690425,  270,    0
101812,19690426,  273,    0
101812,19690427,  275,    0
101812,19690428,  275,    0
101812,19690429,  276,    0
101812,19690430,  271,    0
101812,19690501,  271,    0
101812,19690502,  277,    0
101812,19690503,  280,    0
101812,19690504,  277,    0
101812,19690505,  285,    0
101812,19690506,  289,    0
101812,19690507,  278,    0
101812,19690508,  280,    0
101812,19690509,  283,    0
101812,19690510,  288,    0
101812,19690511,  282,    0
101812,19690512,  282,    0
101812,19690513,  291,    0
101812,19690514,  284,    0
101812,19690515,  286,    0
101812,19690516,  289,    0
101812,19690517,  284,    0
101812,19690518,  279,    0
101812,19690519,  289,    0
101812,19690520,  282,    0
101812,19690521,  285,    0
101812,19690522,  274,    0
101812,19690523,  283,    0
101812,19690524,  282,    0
101812,19690525,  283,    0
101812,19690526,  289,    0
101812,19690527,  282,    0
101812,19690528,  283,    0
101812,19690529,  286,    0
101812,19690530,  282,    0
101812,19690531,  272,    0
101812,19690601,  278,    0
101812,19690602,  289,    0
101812,19690603,  276,    0
101812,19690604,  280,    0
101812,19690605,  275,    0
101812,19690606,  275,    0
101812,19690607,  281,    0
101812,19690608,  298,    0
101812,19690609,  278,    0
101812,19690610,  277,    0
101812,19690611,  282,    0
101812,19690612,  278,    0
101812,19690613,  282,    0
101812,19690614,  285,    0
101812,19690615,  255,    0
101812,19690616,  282,    0
101812,19690617,  266,    0
101812,19690618,  262,    0
101812,19690619,  277,    0
101812,19690620,  281,    0
101812,19690621,  278,    0
101812,19690622,  267,    0
101812,19690623,  285,    0
101812,19690624,  275,    0
101812,19690625,  289,    0
101812,19690626,  272,    0
101812,19690627,  267,    0
101812,19690628,  284,    0
101812,19690629,  265,    0
101812,19690630,  268,    0
101812,19690701,  270,    0
101812,19690702,  275,    0
101812,19690703,  274,    0
101812,19690704,  281,    0
101812,19690705,  275,    0
101812,19690706,  269,    0
101812,19690707,  264,    0
101812,19690708,  278,    0
101812,19690709,  255,    0
101812,19690710,  272,    0
101812,19690711,  274,    0
101812,19690712,  265,    0
101812,19690713,  270,    0
101812,19690714,  254,    0
101812,19690715,  269,    0
101812,19690716,  277,    0
101812,19690717,  282,    0
101812,19690718,  275,    0
101812,19690719,  258,    0
101812,19690720,  274,    0
101812,19690721,  271,    0
101812,19690722,  269,    0
101812,19690723,  275,    0
101812,19690724,  282,    0
101812,19690725,  271,    0
101812,19690726,  270,    0
101812,19690727,  276,    0
101812,19690728,  279,    0
101812,19690729,  276,    0
101812,19690730,  277,    0
101812,19690731,  278,    0
101812,19690801,  269,    0
101812,19690802,  278,    0
101812,19690803,  277,    0
101812,19690804,  262,    0
101812,19690805,  275,    0
101812,19690806,  277,    0
101812,19690807,  270,    0
101812,19690808,  265,    0
101812,19690809,  257,    0
101812,19690810,  262,    0
101812,19690811,  272,    0
101812,19690812,  268,    0
101812,19690813,  261,    0
101812,19690814,  267,    0
101812,19690815,  269,    0
101812,19690816,  269,    0
101812,19690817,  279,    0
101812,19690818,  266,    0
101812,19690819,  267,    0
101812,19690820,  267,    0
101812,19690821,  269,    0
101812,19690822,  268,    0
101812,19690823,  261,    0
101812,19690824,  269,    0
101812,19690825,  263,    0
101812,19690826,  271,    0
101812,19690827,  280,    0
101812,19690828,  266,    0
101812,19690829,  264,    0
101812,19690830,  273,    0
101812,19690831,  274,    0
101812,19690901,  274,    0
101812,19690902,  267,    0
101812,19690903,  264,    0
101812,19690904,  266,    0
101812,19690905,  278,    0
101812,19690906,  256,    0
101812,19690907,  276,    0
101812,19690908,  275,    0
101812,19690909,  283,    0
101812,19690910,  274,    0
101812,19690911,  284,    0
101812,19690912,  280,    0
101812,19690913,  277,    0
101812,19690914,  277,    0
101812,19690915,  280,    0
101812,19690916,  268,    0
101812,19690917,  266,    0
101812,19690918,  272,    0
101812,19690919,  276,    0
101812,19690920,  275,    0
101812,19690921,  275,    0
101812,19690922,  265,    0
101812,19690923,  275,    0
101812,19690924,  271,    0
101812,19690925,  277,    0
101812,19690926,  270,    0
101812,19690927,  278,    0
101812,19690928,  271,    0
101812,19690929,  279,    0
101812,19690930,  278,    0
101812,19691001,  274,    0
101812,19691002,  278,    0
101812,19691003,  278,    0
101812,19691004,  270,    0
101812,19691005,  262,    0
101812,19691006,  262,    0
101812,19691007,  267,    0
101812,19691008,  276,    0
101812,19691009,  263,    0
101812,19691010,  269,    0
101812,19691011,  273,    0
101812,19691012,  272,    0
101812,19691013,  273,    0
101812,19691014,  262,    0
101812,19691015,  253,    0
101812,19691016,  267,    0
101812,19691017,  275,    0
101812,19691018,  278,    0
101812,19691019,  272,    0
101812,19691020,  264,    0
101812,19691021,  276,    0
101812,19691022,  274,    0
101812,19691023,  271,    0
101812,19691024,  263,    0
101812,19691025,  274,    0
101812,19691026,  279,    0
101812,19691027,  265,    0
101812,19691028,  267,    0
101812,19691029,  263,    0
101812,19691030,  273,    0
101812,19691031,  262,    0
101812,19691101,  273,    0
101812,19691102,  261,    0
101812,19691103,  263,    0
101812,19691104,  266,    0
101812,19691105,  254,    0
101812,19691106,  248,    0
101812,19691107,  246,    0
101812,19691108,  236,    0
101812,19691109,  267,    0
101812,19691110,  248,    0
101812,19691111,  256,    0
101812,19691112,  244,    0
101812,19691113,  234,    0
101812,19691114,  235,    0
101812,19691115,  269,    0
101812,19691116,  256,    0
101812,19691117,  265,    0
101812,19691118,  260,    0
101812,19691119,  277,    0
101812,19691120,  270,    0
101812,19691121,  264,    0
101812,19691122,  268,    0
101812,19691123,  266,    0
101812,19691124,  263,    0
101812,19691125,  269,    0
101812,19691126,  267,    0
101812,19691127,  263,    0
101812,19691128,  252,    0
101812,19691129,  241,    0
101812,19691130,  238,    0
101812,19691201,  246,    0
101812,19691202,  234,    0
101812,19691203,  234,    0
101812,19691204,  253,    0
101812,19691205,  260,    0
101812,19691206,  269,    0
101812,19691207,  259,    0
101812,19691208,  267,    0
101812,19691209,  253,    0
101812,19691210,  245,    0
101812,19691211,  229,    0
101812,19691212,  242,    0
101812,19691213,  246,    0
101812,19691214,  245,    0
101812,19691215,  258,    0
101812,19691216,  237,    0
101812,19691217,  249,    0
101812,19691218,  260,    0
101812,19691219,  259,    0
101812,19691220,  260,    0
101812,19691221,  260,    0
101812,19691222,  250,    0
101812,19691223,  245,    0
101812,19691224,  271,    0
101812,19691225,  254,    0
101812,19691226,  247,    0
101812,19691227,  237,    0
101812,19691228,  251,    0
101812,19691229,  257,    0
101812,19691230,  259,    0
101812,19691231,  256,    0
101812,19700101,  253,    0
101812,19700102,  259,    0
101812,19700103,  266,    0
101812,19700104,  268,    0
101812,19700105,  249,    0
101812,19700106,  259,    0
101812,19700107,  263,    0
101812,19700108,  258,    0
101812,19700109,  265,    0
101812,19700110,  261,    0
101812,19700111,  252,    0
101812,19700112,  252,    0
101812,19700113,  244,    0
101812,19700114,  230,    0
101812,19700115,  257,    0
101812,19700116,  260,    0
101812,19700117,  257,    0
101812,19700118,  261,    0
101812,19700119,  260,    0
101812,19700120,  258,    0
101812,19700121,  242,    0
101812,19700122,  245,    0
101812,19700123,  251,    0
101812,19700124,  258,    0
101812,19700125,  254,    0
101812,19700126,  268,    0
101812,19700127,  269,    0
101812,19700128,  260,    0
101812,19700129,  270,    0
101812,19700130,  272,    0
101812,19700131,  261,    0
101812,19700201,  262,    0
101812,19700202,  259,    0
101812,19700203,  239,    0
101812,19700204,  256,    0
101812,19700205,  250,    0
101812,19700206,  238,    0
101812,19700207,  257,    0
101812,19700208,  262,    0
101812,19700209,  260,    0
101812,19700210,  261,    0
101812,19700211,  263,    0
101812,19700212,  259,    0
101812,19700213,  261,    0
101812,19700214,  251,    0
101812,19700215,  256,    0
101812,19700216,  255,    0
101812,19700217,  256,    0
101812,19700218,  265,    0
101812,19700219,  257,    0
101812,19700220,  268,    0
101812,19700221,  255,    0
101812,19700222,  250,    0
101812,19700223,  249,    0
101812,19700224,  257,    0
101812,19700225,  269,    0
101812,19700226,  278,    0
101812,19700227,  269,    0
101812,19700228,  274,    0
101812,19700301,  264,    0
101812,19700302,  267,    0
101812,19700303,  273,    0
101812,19700304,  267,    0
101812,19700305,  266,    0
101812,19700306,  271,    0
101812,19700307,  277,    0
101812,19700308,  266,    0
101812,19700309,  264,    0
101812,19700310,  256,    0
101812,19700311,  273,    0
101812,19700312,  276,    0
101812,19700313,  272,    0
101812,19700314,  273,    0
101812,19700315,  259,    0
101812,19700316,  266,    0
101812,19700317,  270,    0
101812,19700318,  271,    0
101812,19700319,  265,    0
101812,19700320,  266,    0
101812,19700321,  278,    0
101812,19700322,  271,    0
101812,19700323,  271,    0
101812,19700324,  269,    0
101812,19700325,  275,    0
101812,19700326,  264,    0
101812,19700327,  271,    0
101812,19700328,  279,    0
101812,19700329,  274,    0
101812,19700330,  276,    0
101812,19700331,  279,    0
101812,19700401,  285,    0
101812,19700402,  268,    0
101812,19700403,  278,    0
101812,19700404,  267,    0
101812,19700405,  280,    0
101812,19700406,  262,    0
101812,19700407,  261,    0
101812,19700408,  273,    0
101812,19700409,  267,    0
101812,19700410,  269,    0
101812,19700411,  275,    0
101812,19700412,  278,    0
101812,19700413,  273,    0
101812,19700414,  263,    0
101812,19700415,  263,    0
101812,19700416,  269,    0
101812,19700417,  276,    0
101812,19700418,  278,    0
101812,19700419,  282,    0
101812,19700420,  281,    0
101812,19700421,  282,    0
101812,19700422,  281,    0
101812,19700423,  279,    0
101812,19700424,  282,    0
101812,19700425,  275,    0
101812,19700426,  276,    0
101812,19700427,  285,    0
101812,19700428,  280,    0
101812,19700429,  276,    0
101812,19700430,  278,    0
101812,19700501,  280,    0
101812,19700502,  282,    0
101812,19700503,  279,    0
101812,19700504,  275,    0
101812,19700505,  277,    0
101812,19700506,  283,    0
101812,19700507,  284,    0
101812,19700508,  276,    0
101812,19700509,  283,    0
101812,19700510,  285,    0
101812,19700511,  283,    0
101812,19700512,  274,    0
101812,19700513,  284,    0
101812,19700514,  284,    0
101812,19700515,  287,    0
101812,19700516,  278,    0
101812,19700517,  271,    0
101812,19700518,  276,    0
101812,19700519,  262,    0
101812,19700520,  281,    0
101812,19700521,  274,    0
101812,19700522,  282,    0
101812,19700523,  271,    0
101812,19700524,  278,    0
101812,19700525,  273,    0
101812,19700526,  285,    0
101812,19700527,  278,    0
101812,19700528,  279,    0
101812,19700529,  279,    0
101812,19700530,  269,    0
101812,19700531,  276,    0
101812,19700601,  280,    0
101812,19700602,  278,    0
101812,19700603,  280,    0
101812,19700604,  264,    0
101812,19700605,  281,    0
101812,19700606,  264,    0
101812,19700607,  286,    0
101812,19700608,  283,    0
101812,19700609,  270,    0
101812,19700610,  277,    0
101812,19700611,  272,    0
101812,19700612,  280,    0
101812,19700613,  277,    0
101812,19700614,  280,    0
101812,19700615,  280,    0
101812,19700616,  279,    0
101812,19700617,  278,    0
101812,19700618,  273,    0
101812,19700619,  273,    0
101812,19700620,  252,    0
101812,19700621,  268,    0
101812,19700622,  277,    0
101812,19700623,  271,    0
101812,19700624,  270,    0
101812,19700625,  277,    0
101812,19700626,  276,    0
101812,19700627,  278,    0
101812,19700628,  277,    0
101812,19700629,  275,    0
101812,19700630,  259,    0
101812,19700701,  275,    0
101812,19700702,  275,    0
101812,19700703,  259,    0
101812,19700704,  266,    0
101812,19700705,  270,    0
101812,19700706,  271,    0
101812,19700707,  285,    0
101812,19700708,  274,    0
101812,19700709,  273,    0
101812,19700710,  273,    0
101812,19700711,  276,    0
101812,19700712,  274,    0
101812,19700713,  274,    0
101812,19700714,  275,    0
101812,19700715,  275,    0
101812,19700716,  267,    0
101812,19700717,  266,    0
101812,19700718,  271,    0
101812,19700719,  259,    0
101812,19700720,  268,    0
101812,19700721,  270,    0
101812,19700722,  270,    0
101812,19700723,  271,    0
101812,19700724,  255,    0
101812,19700725,  271,    0
101812,19700726,  272,    0
101812,19700727,  260,    0
101812,19700728,  243,    0
101812,19700729,  268,    0
101812,19700730,  272,    0
101812,19700731,  268,    0
101812,19700801,  264,    0
101812,19700802,  262,    0
101812,19700803,  268,    0
101812,19700804,  273,    0
101812,19700805,  262,    0
101812,19700806,  262,    0
101812,19700807,  274,    0
101812,19700808,  276,    0
101812,19700809,  269,    0
101812,19700810,  268,    0
101812,19700811,  270,    0
101812,19700812,  267,    0
101812,19700813,  256,    0
101812,19700814,  275,    0
101812,19700815,  277,    0
101812,19700816,  277,    0
101812,19700817,  269,    0
101812,19700818,  277,    0
101812,19700819,  274,    0
101812,19700820,  277,    0
101812,19700821,  287,    0
101812,19700822,  282,    0
101812,19700823,  271,    0
101812,19700824,  273,    0
101812,19700825,  282,    0
101812,19700826,  273,    0
101812,19700827,  271,    0
101812,19700828,  274,    0
101812,19700829,  280,    0
101812,19700830,  281,    0
101812,19700831,  278,    0
101812,19700901,  269,    0
101812,19700902,  265,    0
101812,19700903,  276,    0
101812,19700904,  275,    0
101812,19700905,  268,    0
101812,19700906,  275,    0
101812,19700907,  270,    0
101812,19700908,  270,    0
101812,19700909,  275,    0
101812,19700910,  262,    0
101812,19700911,  269,    0
101812,19700912,  276,    0
101812,19700913,  264,    0
101812,19700914,  244,    0
101812,19700915,  267,    0
101812,19700916,  270,    0
101812,19700917,  260,    0
101812,19700918,  265,    0
101812,19700919,  265,    0
101812,19700920,  265,    0
101812,19700921,  268,    0
101812,19700922,  258,    0
101812,19700923,  265,    0
101812,19700924,  265,    0
101812,19700925,  269,    0
101812,19700926,  278,    0
101812,19700927,  269,    0
101812,19700928,  271,    0
101812,19700929,  275,    0
101812,19700930,  268,    0
101812,19701001,  272,    0
101812,19701002,  278,    0
101812,19701003,  280,    0
101812,19701004,  276,    0
101812,19701005,  269,    0
101812,19701006,  262,    0
101812,19701007,  275,    0
101812,19701008,  272,    0
101812,19701009,  269,    0
101812,19701010,  247,    0
101812,19701011,  270,    0
101812,19701012,  268,    0
101812,19701013,  275,    0
101812,19701014,  278,    0
101812,19701015,  266,    0
101812,19701016,  278,    0
101812,19701017,  270,    0
101812,19701018,  274,    0
101812,19701019,  278,    0
101812,19701020,  260,    0
101812,19701021,  270,    0
101812,19701022,  275,    0
101812,19701023,  248,    0
101812,19701024,  274,    0
101812,19701025,  273,    0
101812,19701026,  284,    0
101812,19701027,  278,    0
101812,19701028,  268,    0
101812,19701029,  268,    0
101812,19701030,  264,    0
101812,19701031,  271,    0
101812,19701101,  270,    0
101812,19701102,  267,    0
101812,19701103,  268,    0
101812,19701104,  267,    0
101812,19701105,  260,    0
101812,19701106,  263,    0
101812,19701107,  269,    0
101812,19701108,  270,    0
101812,19701109,  269,    0
101812,19701110,  264,    0
101812,19701111,  263,    0
101812,19701112,  262,    0
101812,19701113,  264,    0
101812,19701114,  269,    0
101812,19701115,  272,    0
101812,19701116,  268,    0
101812,19701117,  268,    0
101812,19701118,  264,    0
101812,19701119,  264,    0
101812,19701120,  252,    0
101812,19701121,  257,    0
101812,19701122,  253,    0
101812,19701123,  270,    0
101812,19701124,  267,    0
101812,19701125,  271,    0
101812,19701126,  253,    0
101812,19701127,  276,    0
101812,19701128,  274,    0
101812,19701129,  270,    0
101812,19701130,  269,    0
101812,19701201,  257,    0
101812,19701202,  264,    0
101812,19701203,  272,    0
101812,19701204,  268,    0
101812,19701205,  269,    0
101812,19701206,  270,    0
101812,19701207,  265,    0
101812,19701208,  265,    0
101812,19701209,  256,    0
101812,19701210,  263,    0
101812,19701211,  267,    0
101812,19701212,  265,    0
101812,19701213,  258,    0
101812,19701214,  250,    0
101812,19701215,  267,    0
101812,19701216,  271,    0
101812,19701217,  260,    0
101812,19701218,  255,    0
101812,19701219,  258,    0
101812,19701220,  255,    0
101812,19701221,  256,    0
101812,19701222,  261,    0
101812,19701223,  263,    0
101812,19701224,  259,    0
101812,19701225,  261,    0
101812,19701226,  239,    0
101812,19701227,  220,    0
101812,19701228,  241,    0
101812,19701229,  258,    0
101812,19701230,  236,    0
101812,19701231,  251,    0
101812,19710101,  237,    0
101812,19710102,  235,    0
101812,19710103,  228,    0
101812,19710104,  232,    0
101812,19710105,  235,    0
101812,19710106,  241,    0
101812,19710107,  243,    0
101812,19710108,  238,    0
101812,19710109,  245,    0
101812,19710110,  245,    0
101812,19710111,  236,    0
101812,19710112,  250,    0
101812,19710113,  245,    0
101812,19710114,  246,    0
101812,19710115,  247,    0
101812,19710116,  247,    0
101812,19710117,  249,    0
101812,19710118,  242,    0
101812,19710119,  246,    0
101812,19710120,  261,    0
101812,19710121,  254,    0
101812,19710122,  250,    0
101812,19710123,  259,    0
101812,19710124,  248,    0
101812,19710125,  253,    0
101812,19710126,  243,    0
101812,19710127,  254,    0
101812,19710128,  253,    0
101812,19710129,  247,    0
101812,19710130,  250,    0
101812,19710131,  259,    0
101812,19710201,  225,    0
101812,19710202,  250,    0
101812,19710203,  252,    0
101812,19710204,  252,    0
101812,19710205,  258,    0
101812,19710206,  249,    0
101812,19710207,  250,    0
101812,19710208,  250,    0
101812,19710209,  248,    0
101812,19710210,  246,    0
101812,19710211,  245,    0
101812,19710212,  254,    0
101812,19710213,  247,    0
101812,19710214,  256,    0
101812,19710215,  261,    0
101812,19710216,  259,    0
101812,19710217,  256,    0
101812,19710218,  262,    0
101812,19710219,  258,    0
101812,19710220,  251,    0
101812,19710221,  241,    0
101812,19710222,  249,    0
101812,19710223,  250,    0
101812,19710224,  232,    0
101812,19710225,  260,    0
101812,19710226,  266,    0
101812,19710227,  260,    0
101812,19710228,  264,    0
101812,19710301,  269,    0
101812,19710302,  265,    0
101812,19710303,  258,    0
101812,19710304,  258,    0
101812,19710305,  264,    0
101812,19710306,  258,    0
101812,19710307,  254,    0
101812,19710308,  255,    0
101812,19710309,  256,    0
101812,19710310,  265,    0
101812,19710311,  264,    0
101812,19710312,  259,    0
101812,19710313,  258,    0
101812,19710314,  259,    0
101812,19710315,  270,    0
101812,19710316,  246,    0
101812,19710317,  253,    0
101812,19710318,  259,    0
101812,19710319,  260,    0
101812,19710320,  250,    0
101812,19710321,  263,    0
101812,19710322,  268,    0
101812,19710323,  269,    0
101812,19710324,  259,    0
101812,19710325,  262,    0
101812,19710326,  256,    0
101812,19710327,  257,    0
101812,19710328,  263,    0
101812,19710329,  275,    0
101812,19710330,  268,    0
101812,19710331,  269,    0
101812,19710401,  264,    0
101812,19710402,  272,    0
101812,19710403,  276,    0
101812,19710404,  267,    0
101812,19710405,  271,    0
101812,19710406,  271,    0
101812,19710407,  266,    0
101812,19710408,  263,    0
101812,19710409,  267,    0
101812,19710410,  270,    0
101812,19710411,  279,    0
101812,19710412,  278,    0
101812,19710413,  275,    0
101812,19710414,  277,    0
101812,19710415,  276,    0
101812,19710416,  273,    0
101812,19710417,  274,    0
101812,19710418,  275,    0
101812,19710419,  266,    0
101812,19710420,  268,    0
101812,19710421,  266,    0
101812,19710422,  271,    0
101812,19710423,  271,    0
101812,19710424,  275,    0
101812,19710425,  284,    0
101812,19710426,  286,    0
101812,19710427,  274,    0
101812,19710428,  278,    0
101812,19710429,  287,    0
101812,19710430,  286,    0
101812,19710501,  275,    0
101812,19710502,  279,    0
101812,19710503,  277,    0
101812,19710504,  276,    0
101812,19710505,  285,    0
101812,19710506,  292,    0
101812,19710507,  278,    0
101812,19710508,  267,    0
101812,19710509,  280,    0
101812,19710510,  285,    0
101812,19710511,  287,    0
101812,19710512,  290,    0
101812,19710513,  283,    0
101812,19710514,  271,    0
101812,19710515,  260,    0
101812,19710516,  278,    0
101812,19710517,  276,    0
101812,19710518,  282,    0
101812,19710519,  271,    0
101812,19710520,  278,    0
101812,19710521,  272,    0
101812,19710522,  279,    0
101812,19710523,  285,    0
101812,19710524,  279,    0
101812,19710525,  290,    0
101812,19710526,  263,    0
101812,19710527,  274,    0
101812,19710528,  271,    0
101812,19710529,  254,    0
101812,19710530,  269,    0
101812,19710531,  282,    0
101812,19710601,  274,    0
101812,19710602,  280,    0
101812,19710603,  283,    0
101812,19710604,  287,    0
101812,19710605,  277,    0
101812,19710606,  275,    0
101812,19710607,  277,    0
101812,19710608,  288,    0
101812,19710609,  274,    0
101812,19710610,  273,    0
101812,19710611,  276,    0
101812,19710612,  279,    0
101812,19710613,  264,    0
101812,19710614,  270,    0
101812,19710615,  262,    0
101812,19710616,  273,    0
101812,19710617,  282,    0
101812,19710618,  281,    0
101812,19710619,  281,    0
101812,19710620,  269,    0
101812,19710621,  271,    0
101812,19710622,  278,    0
101812,19710623,  278,    0
101812,19710624,  279,    0
101812,19710625,  277,    0
101812,19710626,  261,    0
101812,19710627,  275,    0
101812,19710628,  277,    0
101812,19710629,  273,    0
101812,19710630,  266,    0
101812,19710701,  266,    0
101812,19710702,  275,    0
101812,19710703,  265,    0
101812,19710704,  257,    0
101812,19710705,  277,    0
101812,19710706,  271,    0
101812,19710707,  274,    0
101812,19710708,  280,    0
101812,19710709,  283,    0
101812,19710710,  281,    0
101812,19710711,  277,    0
101812,19710712,  267,    0
101812,19710713,  272,    0
101812,19710714,  244,    0
101812,19710715,  266,    0
101812,19710716,  261,    0
101812,19710717,  274,    0
101812,19710718,  273,    0
101812,19710719,  274,    0
101812,19710720,  269,    0
101812,19710721,  269,    0
101812,19710722,  270,    0
101812,19710723,  278,    0
101812,19710724,  262,    0
101812,19710725,  278,    0
101812,19710726,  268,    0
101812,19710727,  260,    0
101812,19710728,  277,    0
101812,19710729,  247,    0
101812,19710730,  270,    0
101812,19710731,  269,    0
101812,19710801,  278,    0
101812,19710802,  265,    0
101812,19710803,  260,    0
101812,19710804,  273,    0
101812,19710805,  252,    0
101812,19710806,  268,    0
101812,19710807,  269,    0
101812,19710808,  269,    0
101812,19710809,  273,    0
101812,19710810,  274,    0
101812,19710811,  268,    0
101812,19710812,  268,    0
101812,19710813,  271,    0
101812,19710814,  267,    0
101812,19710815,  271,    0
101812,19710816,  271,    0
101812,19710817,  248,    0
101812,19710818,  269,    0
101812,19710819,  257,    0
101812,19710820,  264,    0
101812,19710821,  260,    0
101812,19710822,  259,    0
101812,19710823,  257,    0
101812,19710824,  254,    0
101812,19710825,  258,    0
101812,19710826,  264,    0
101812,19710827,  273,    0
101812,19710828,  266,    0
101812,19710829,  267,    0
101812,19710830,  276,    0
101812,19710831,  268,    0
101812,19710901,  273,    0
101812,19710902,  268,    0
101812,19710903,  275,    0
101812,19710904,  270,    0
101812,19710905,  276,    0
101812,19710906,  271,    0
101812,19710907,  266,    0
101812,19710908,  275,    0
101812,19710909,  272,    0
101812,19710910,  268,    0
101812,19710911,  270,    0
101812,19710912,  276,    0
101812,19710913,  274,    0
101812,19710914,  280,    0
101812,19710915,  278,    0
101812,19710916,  277,    0
101812,19710917,  279,    0
101812,19710918,  283,    0
101812,19710919,  289,    0
101812,19710920,  280,    0
101812,19710921,  268,    0
101812,19710922,  269,    0
101812,19710923,  266,    0
101812,19710924,  268,    0
101812,19710925,  276,    0
101812,19710926,  272,    0
101812,19710927,  271,    0
101812,19710928,  280,    0
101812,19710929,  276,    0
101812,19710930,  280,    0
101812,19711001,  281,    0
101812,19711002,  278,    0
101812,19711003,  276,    0
101812,19711004,  276,    0
101812,19711005,  274,    0
101812,19711006,  281,    0
101812,19711007,  276,    0
101812,19711008,  277,    0
101812,19711009,  269,    0
101812,19711010,  279,    0
101812,19711011,  272,    0
101812,19711012,  270,    0
101812,19711013,  257,    0
101812,19711014,  273,    0
101812,19711015,  267,    0
101812,19711016,  268,    0
101812,19711017,  266,    0
101812,19711018,  273,    0
101812,19711019,  260,    0
101812,19711020,  268,    0
101812,19711021,  252,    0
101812,19711022,  270,    0
101812,19711023,  272,    0
101812,19711024,  270,    0
101812,19711025,  260,    0
101812,19711026,  274,    0
101812,19711027,  269,    0
101812,19711028,  270,    0
101812,19711029,  264,    0
101812,19711030,  253,    0
101812,19711031,  262,    0
101812,19711101,  264,    0
101812,19711102,  267,    0
101812,19711103,  259,    0
101812,19711104,  265,    0
101812,19711105,  263,    0
101812,19711106,  262,    0
101812,19711107,  262,    0
101812,19711108,  260,    0
101812,19711109,  254,    0
101812,19711110,  266,    0
101812,19711111,  264,    0
101812,19711112,  260,    0
101812,19711113,  266,    0
101812,19711114,  272,    0
101812,19711115,  254,    0
101812,19711116,  251,    0
101812,19711117,  256,    0
101812,19711118,  265,    0
101812,19711119,  251,    0
101812,19711120,  230,    0
101812,19711121,  229,    0
101812,19711122,  256,    0
101812,19711123,  257,    0
101812,19711124,  256,    0
101812,19711125,  262,    0
101812,19711126,  263,    0
101812,19711127,  264,    0
101812,19711128,  254,    0
101812,19711129,  269,    0
101812,19711130,  258,    0
101812,19711201,  259,    0
101812,19711202,  260,    0
101812,19711203,  265,    0
101812,19711204,  261,    0
101812,19711205,  245,    0
101812,19711206,  247,    0
101812,19711207,  237,    0
101812,19711208,  233,    0
101812,19711209,  235,    0
101812,19711210,  234,    0
101812,19711211,  245,    0
101812,19711212,  244,    0
101812,19711213,  240,    0
101812,19711214,  247,    0
101812,19711215,  240,    0
101812,19711216,  246,    0
101812,19711217,  235,    0
101812,19711218,  245,    0
101812,19711219,  252,    0
101812,19711220,  241,    0
101812,19711221,  237,    0
101812,19711222,  251,    0
101812,19711223,  251,    0
101812,19711224,  268,    0
101812,19711225,  259,    0
101812,19711226,  259,    0
101812,19711227,  258,    0
101812,19711228,  261,    0
101812,19711229,  259,    0
101812,19711230,  253,    0
101812,19711231,  246,    0
101812,19720101,  241,    0
101812,19720102,  243,    0
101812,19720103,  234,    0
101812,19720104,  243,    0
101812,19720105,  254,    0
101812,19720106,  258,    0
101812,19720107,  257,    0
101812,19720108,  255,    0
101812,19720109,  244,    0
101812,19720110,  248,    0
101812,19720111,  241,    0
101812,19720112,  243,    0
101812,19720113,  241,    0
101812,19720114,  244,    0
101812,19720115,  236,    0
101812,19720116,  244,    0
101812,19720117,  248,    0
101812,19720118,  248,    0
101812,19720119,  249,    0
101812,19720120,  253,    0
101812,19720121,  249,    0
101812,19720122,  252,    0
101812,19720123,  245,    0
101812,19720124,  251,    0
101812,19720125,  252,    0
101812,19720126,  259,    0
101812,19720127,  261,    0
101812,19720128,  260,    0
101812,19720129,  262,    0
101812,19720130,  252,    0
101812,19720131,  258,    0
101812,19720201,  257,    0
101812,19720202,  264,    0
101812,19720203,  260,    0
101812,19720204,  262,    0
101812,19720205,  270,    0
101812,19720206,  255,    0
101812,19720207,  258,    0
101812,19720208,  267,    0
101812,19720209,  268,    0
101812,19720210,  261,    0
101812,19720211,  260,    0
101812,19720212,  262,    0
101812,19720213,  270,    0
101812,19720214,  266,    0
101812,19720215,  255,    0
101812,19720216,  254,    0
101812,19720217,  254,    0
101812,19720218,  264,    0
101812,19720219,  273,    0
101812,19720220,  267,    0
101812,19720221,  253,    0
101812,19720222,  264,    0
101812,19720223,  261,    0
101812,19720224,  260,    0
101812,19720225,  266,    0
101812,19720226,  278,    0
101812,19720227,  271,    0
101812,19720228,  278,    0
101812,19720229,  260,    0
101812,19720301,  264,    0
101812,19720302,  258,    0
101812,19720303,  257,    0
101812,19720304,  244,    0
101812,19720305,  242,    0
101812,19720306,  245,    0
101812,19720307,  256,    0
101812,19720308,  264,    0
101812,19720309,  262,    0
101812,19720310,  264,    0
101812,19720311,  260,    0
101812,19720312,  263,    0
101812,19720313,  256,    0
101812,19720314,  254,    0
101812,19720315,  268,    0
101812,19720316,  266,    0
101812,19720317,  272,    0
101812,19720318,  259,    0
101812,19720319,  257,    0
101812,19720320,  261,    0
101812,19720321,  260,    0
101812,19720322,  266,    0
101812,19720323,  263,    0
101812,19720324,  271,    0
101812,19720325,  268,    0
101812,19720326,  262,    0
101812,19720327,  264,    0
101812,19720328,  269,    0
101812,19720329,  263,    0
101812,19720330,  270,    0
101812,19720331,  273,    0
101812,19720401,  273,    0
101812,19720402,  274,    0
101812,19720403,  276,    0
101812,19720404,  270,    0
101812,19720405,  284,    0
101812,19720406,  273,    0
101812,19720407,  273,    0
101812,19720408,  274,    0
101812,19720409,  272,    0
101812,19720410,  267,    0
101812,19720411,  265,    0
101812,19720412,  271,    0
101812,19720413,  272,    0
101812,19720414,  272,    0
101812,19720415,  272,    0
101812,19720416,  270,    0
101812,19720417,  274,    0
101812,19720418,  277,    0
101812,19720419,  277,    0
101812,19720420,  273,    0
101812,19720421,  271,    0
101812,19720422,  271,    0
101812,19720423,  278,    0
101812,19720424,  280,    0
101812,19720425,  278,    0
101812,19720426,  275,    0
101812,19720427,  266,    0
101812,19720428,  276,    0
101812,19720429,  275,    0
101812,19720430,  274,    0
101812,19720501,  277,    0
101812,19720502,  278,    0
101812,19720503,  287,    0
101812,19720504,  286,    0
101812,19720505,  279,    0
101812,19720506,  282,    0
101812,19720507,  281,    0
101812,19720508,  263,    0
101812,19720509,  282,    0
101812,19720510,  279,    0
101812,19720511,  288,    0
101812,19720512,  277,    0
101812,19720513,  275,    0
101812,19720514,  284,    0
101812,19720515,  272,    0
101812,19720516,  282,    0
101812,19720517,  279,    0
101812,19720518,  277,    0
101812,19720519,  281,    0
101812,19720520,  280,    0
101812,19720521,  282,    0
101812,19720522,  274,    0
101812,19720523,  278,    0
101812,19720524,  279,    0
101812,19720525,  278,    0
101812,19720526,  283,    0
101812,19720527,  286,    0
101812,19720528,  278,    0
101812,19720529,  279,    0
101812,19720530,  283,    0
101812,19720531,  273,    0
101812,19720601,  279,    0
101812,19720602,  289,    0
101812,19720603,  279,    0
101812,19720604,  268,    0
101812,19720605,  275,    0
101812,19720606,  276,    0
101812,19720607,  275,    0
101812,19720608,  279,    0
101812,19720609,  285,    0
101812,19720610,  279,    0
101812,19720611,  277,    0
101812,19720612,  274,    0
101812,19720613,  280,    0
101812,19720614,  280,    0
101812,19720615,  279,    0
101812,19720616,  282,    0
101812,19720617,  272,    0
101812,19720618,  282,    0
101812,19720619,  280,    0
101812,19720620,  267,    0
101812,19720621,  278,    0
101812,19720622,  264,    0
101812,19720623,  281,    0
101812,19720624,  273,    0
101812,19720625,  266,    0
101812,19720626,  270,    0
101812,19720627,  272,    0
101812,19720628,  274,    0
101812,19720629,  278,    0
101812,19720630,  283,    0
101812,19720701,  271,    0
101812,19720702,  275,    0
101812,19720703,  281,    0
101812,19720704,  280,    0
101812,19720705,  274,    0
101812,19720706,  280,    0
101812,19720707,  280,    0
101812,19720708,  279,    0
101812,19720709,  283,    0
101812,19720710,  274,    0
101812,19720711,  273,    0
101812,19720712,  277,    0
101812,19720713,  270,    0
101812,19720714,  280,    0
101812,19720715,  282,    0
101812,19720716,  280,    0
101812,19720717,  285,    0
101812,19720718,  284,    0
101812,19720719,  290,    0
101812,19720720,  271,    0
101812,19720721,  276,    0
101812,19720722,  285,    0
101812,19720723,  280,    0
101812,19720724,  274,    0
101812,19720725,  284,    0
101812,19720726,  291,    0
101812,19720727,  277,    0
101812,19720728,  272,    0
101812,19720729,  287,    0
101812,19720730,  289,    0
101812,19720731,  281,    0
101812,19720801,  290,    0
101812,19720802,  286,    0
101812,19720803,  281,    0
101812,19720804,  278,    0
101812,19720805,  269,    0
101812,19720806,  280,    0
101812,19720807,  285,    0
101812,19720808,  285,    0
101812,19720809,  283,    0
101812,19720810,  273,    0
101812,19720811,  284,    0
101812,19720812,  281,    0
101812,19720813,  282,    0
101812,19720814,  269,    0
101812,19720815,  272,    0
101812,19720816,  282,    0
101812,19720817,  272,    0
101812,19720818,  266,    0
101812,19720819,  267,    0
101812,19720820,  268,    0
101812,19720821,  265,    0
101812,19720822,  272,    0
101812,19720823,  275,    0
101812,19720824,  265,    0
101812,19720825,  278,    0
101812,19720826,  269,    0
101812,19720827,  266,    0
101812,19720828,  265,    0
101812,19720829,  275,    0
101812,19720830,  278,    0
101812,19720831,  277,    0
101812,19720901,  269,    0
101812,19720902,  268,    0
101812,19720903,  270,    0
101812,19720904,  271,    0
101812,19720905,  278,    0
101812,19720906,  281,    0
101812,19720907,  277,    0
101812,19720908,  261,    0
101812,19720909,  275,    0
101812,19720910,  270,    0
101812,19720911,  276,    0
101812,19720912,  258,    0
101812,19720913,  272,    0
101812,19720914,  276,    0
101812,19720915,  277,    0
101812,19720916,  289,    0
101812,19720917,  274,    0
101812,19720918,  270,    0
101812,19720919,  280,    0
101812,19720920,  268,    0
101812,19720921,  269,    0
101812,19720922,  277,    0
101812,19720923,  274,    0
101812,19720924,  282,    0
101812,19720925,  268,    0
101812,19720926,  280,    0
101812,19720927,  271,    0
101812,19720928,  266,    0
101812,19720929,  271,    0
101812,19720930,  267,    0
101812,19721001,  279,    0
101812,19721002,  274,    0
101812,19721003,  273,    0
101812,19721004,  275,    0
101812,19721005,  277,    0
101812,19721006,  275,    0
101812,19721007,  272,    0
101812,19721008,  280,    0
101812,19721009,  270,    0
101812,19721010,  278,    0
101812,19721011,  285,    0
101812,19721012,  284,    0
101812,19721013,  285,    0
101812,19721014,  282,    0
101812,19721015,  274,    0
101812,19721016,  273,    0
101812,19721017,  274,    0
101812,19721018,  272,    0
101812,19721019,  270,    0
101812,19721020,  266,    0
101812,19721021,  261,    0
101812,19721022,  271,    0
101812,19721023,  275,    0
101812,19721024,  276,    0
101812,19721025,  269,    0
101812,19721026,  273,    0
101812,19721027,  277,    0
101812,19721028,  270,    0
101812,19721029,  276,    0
101812,19721030,  283,    0
101812,19721031,  274,    0
101812,19721101,  270,    0
101812,19721102,  274,    0
101812,19721103,  275,    0
101812,19721104,  270,    0
101812,19721105,  269,    0
101812,19721106,  276,    0
101812,19721107,  277,    0
101812,19721108,  276,    0
101812,19721109,  286,    0
101812,19721110,  271,    0
101812,19721111,  273,    0
101812,19721112,  268,    0
101812,19721113,  262,    0
101812,19721114,  274,    0
101812,19721115,  267,    0
101812,19721116,  277,    0
101812,19721117,  270,    0
101812,19721118,  276,    0
101812,19721119,  274,    0
101812,19721120,  256,    0
101812,19721121,  265,    0
101812,19721122,  271,    0
101812,19721123,  280,    0
101812,19721124,  269,    0
101812,19721125,  269,    0
101812,19721126,  247,    0
101812,19721127,  253,    0
101812,19721128,  267,    0
101812,19721129,  267,    0
101812,19721130,  268,    0
101812,19721201,  261,    0
101812,19721202,  274,    0
101812,19721203,  269,    0
101812,19721204,  276,    0
101812,19721205,  275,    0
101812,19721206,  266,    0
101812,19721207,  267,    0
101812,19721208,  268,    0
101812,19721209,  269,    0
101812,19721210,  259,    0
101812,19721211,  268,    0
101812,19721212,  239,    0
101812,19721213,  242,    0
101812,19721214,  245,    0
101812,19721215,  235,    0
101812,19721216,  230,    0
101812,19721217,  237,    0
101812,19721218,  248,    0
101812,19721219,  253,    0
101812,19721220,  250,    0
101812,19721221,  240,    0
101812,19721222,  246,    0
101812,19721223,  262,    0
101812,19721224,  259,    0
101812,19721225,  255,    0
101812,19721226,  240,    0
101812,19721227,  230,    0
101812,19721228,  262,    0
101812,19721229,  267,    0
101812,19721230,  260,    0
101812,19721231,  249,    0
101812,19730101,  262,    0
101812,19730102,  261,    0
101812,19730103,  259,    0
101812,19730104,  257,    0
101812,19730105,  252,    0
101812,19730106,  267,    0
101812,19730107,  250,    0
101812,19730108,  251,    0
101812,19730109,  259,    0
101812,19730110,  265,    0
101812,19730111,  258,    0
101812,19730112,  248,    0
101812,19730113,  257,    0
101812,19730114,  259,    0
101812,19730115,  244,    0
101812,19730116,  268,    0
101812,19730117,  253,    0
101812,19730118,  264,    0
101812,19730119,  269,    0
101812,19730120,  265,    0
101812,19730121,  267,    0
101812,19730122,  271,    0
101812,19730123,  263,    0
101812,19730124,  267,    0
101812,19730125,  262,    0
101812,19730126,  262,    0
101812,19730127,  255,    0
101812,19730128,  266,    0
101812,19730129,  259,    0
101812,19730130,  262,    0
101812,19730131,  263,    0
101812,19730201,  255,    0
101812,19730202,  259,    0
101812,19730203,  267,    0
101812,19730204,  264,    0
101812,19730205,  265,    0
101812,19730206,  264,    0
101812,19730207,  271,    0
101812,19730208,  262,    0
101812,19730209,  262,    0
101812,19730210,  270,    0
101812,19730211,  266,    0
101812,19730212,  268,    0
101812,19730213,  277,    0
101812,19730214,  275,    0
101812,19730215,  275,    0
101812,19730216,  272,    0
101812,19730217,  272,    0
101812,19730218,  273,    0
101812,19730219,  269,    0
101812,19730220,  272,    0
101812,19730221,  274,    0
101812,19730222,  271,    0
101812,19730223,  272,    0
101812,19730224,  280,    0
101812,19730225,  278,    0
101812,19730226,  268,    0
101812,19730227,  274,    0
101812,19730228,  269,    0
101812,19730301,  257,    0
101812,19730302,  259,    0
101812,19730303,  259,    0
101812,19730304,  258,    0
101812,19730305,  273,    0
101812,19730306,  264,    0
101812,19730307,  266,    0
101812,19730308,  273,    0
101812,19730309,  273,    0
101812,19730310,  266,    0
101812,19730311,  265,    0
101812,19730312,  266,    0
101812,19730313,  274,    0
101812,19730314,  272,    0
101812,19730315,  271,    0
101812,19730316,  275,    0
101812,19730317,  257,    0
101812,19730318,  266,    0
101812,19730319,  261,    0
101812,19730320,  276,    0
101812,19730321,  265,    0
101812,19730322,  261,    0
101812,19730323,  274,    0
101812,19730324,  275,    0
101812,19730325,  269,    0
101812,19730326,  265,    0
101812,19730327,  272,    0
101812,19730328,  275,    0
101812,19730329,  255,    0
101812,19730330,  266,    0
101812,19730331,  274,    0
101812,19730401,  285,    0
101812,19730402,  291,    0
101812,19730403,  289,    0
101812,19730404,  282,    0
101812,19730405,  281,    0
101812,19730406,  272,    0
101812,19730407,  279,    0
101812,19730408,  278,    0
101812,19730409,  284,    0
101812,19730410,  285,    0
101812,19730411,  287,    0
101812,19730412,  282,    0
101812,19730413,  284,    0
101812,19730414,  283,    0
101812,19730415,  283,    0
101812,19730416,  284,    0
101812,19730417,  272,    0
101812,19730418,  274,    0
101812,19730419,  283,    0
101812,19730420,  282,    0
101812,19730421,  290,    0
101812,19730422,  286,    0
101812,19730423,  272,    0
101812,19730424,  286,    0
101812,19730425,  283,    0
101812,19730426,  283,    0
101812,19730427,  278,    0
101812,19730428,  282,    0
101812,19730429,  265,    0
101812,19730430,  275,    0
101812,19730501,  278,    0
101812,19730502,  278,    0
101812,19730503,  287,    0
101812,19730504,  285,    0
101812,19730505,  278,    0
101812,19730506,  282,    0
101812,19730507,  267,    0
101812,19730508,  273,    0
101812,19730509,  281,    0
101812,19730510,  274,    0
101812,19730511,  279,    0
101812,19730512,  277,    0
101812,19730513,  280,    0
101812,19730514,  278,    0
101812,19730515,  283,    0
101812,19730516,  280,    0
101812,19730517,  284,    0
101812,19730518,  285,    0
101812,19730519,  282,    0
101812,19730520,  274,    0
101812,19730521,  279,    0
101812,19730522,  279,    0
101812,19730523,  282,    0
101812,19730524,  272,    0
101812,19730525,  272,    0
101812,19730526,  278,    0
101812,19730527,  273,    0
101812,19730528,  257,    0
101812,19730529,  279,    0
101812,19730530,  275,    0
101812,19730531,  280,    0
101812,19730601,  270,    0
101812,19730602,  275,    0
101812,19730603,  273,    0
101812,19730604,  285,    0
101812,19730605,  279,    0
101812,19730606,  279,    0
101812,19730607,  277,    0
101812,19730608,  282,    0
101812,19730609,  280,    0
101812,19730610,  273,    0
101812,19730611,  281,    0
101812,19730612,  267,    0
101812,19730613,  288,    0
101812,19730614,  284,    0
101812,19730615,  285,    0
101812,19730616,  285,    0
101812,19730617,  279,    0
101812,19730618,  283,    0
101812,19730619,  285,    0
101812,19730620,  284,    0
101812,19730621,  281,    0
101812,19730622,  280,    0
101812,19730623,  269,    0
101812,19730624,  278,    0
101812,19730625,  275,    0
101812,19730626,  275,    0
101812,19730627,  275,    0
101812,19730628,  269,    0
101812,19730629,  273,    0
101812,19730630,  263,    0
101812,19730701,  275,    0
101812,19730702,  278,    0
101812,19730703,  275,    0
101812,19730704,  275,    0
101812,19730705,  267,    0
101812,19730706,  275,    0
101812,19730707,  278,    0
101812,19730708,  256,    0
101812,19730709,  275,    0
101812,19730710,  288,    0
101812,19730711,  287,    0
101812,19730712,  277,    0
101812,19730713,  286,    0
101812,19730714,  275,    0
101812,19730715,  284,    0
101812,19730716,  278,    0
101812,19730717,  277,    0
101812,19730718,  279,    0
101812,19730719,  287,    0
101812,19730720,  279,    0
101812,19730721,  267,    0
101812,19730722,  280,    0
101812,19730723,  270,    0
101812,19730724,  276,    0
101812,19730725,  271,    0
101812,19730726,  267,    0
101812,19730727,  272,    0
101812,19730728,  257,    0
101812,19730729,  272,    0
101812,19730730,  273,    0
101812,19730731,  273,    0
101812,19730801,  269,    0
101812,19730802,  271,    0
101812,19730803,  271,    0
101812,19730804,  267,    0
101812,19730805,  260,    0
101812,19730806,  258,    0
101812,19730807,  263,    0
101812,19730808,  283,    0
101812,19730809,  267,    0
101812,19730810,  279,    0
101812,19730811,  262,    0
101812,19730812,  274,    0
101812,19730813,  271,    0
101812,19730814,  277,    0
101812,19730815,  280,    0
101812,19730816,  273,    0
101812,19730817,  281,    0
101812,19730818,  270,    0
101812,19730819,  284,    0
101812,19730820,  275,    0
101812,19730821,  286,    0
101812,19730822,  281,    0
101812,19730823,  263,    0
101812,19730824,  270,    0
101812,19730825,  276,    0
101812,19730826,  281,    0
101812,19730827,  285,    0
101812,19730828,  275,    0
101812,19730829,  277,    0
101812,19730830,  273,    0
101812,19730831,  277,    0
101812,19730901,  274,    0
101812,19730902,  282,    0
101812,19730903,  275,    0
101812,19730904,  271,    0
101812,19730905,  270,    0
101812,19730906,  261,    0
101812,19730907,  272,    0
101812,19730908,  278,    0
101812,19730909,  277,    0
101812,19730910,  274,    0
101812,19730911,  271,    0
101812,19730912,  271,    0
101812,19730913,  273,    0
101812,19730914,  273,    0
101812,19730915,  276,    0
101812,19730916,  271,    0
101812,19730917,  279,    0
101812,19730918,  265,    0
101812,19730919,  274,    0
101812,19730920,  265,    0
101812,19730921,  278,    0
101812,19730922,  270,    0
101812,19730923,  277,    0
101812,19730924,  277,    0
101812,19730925,  275,    0
101812,19730926,  266,    0
101812,19730927,  276,    0
101812,19730928,  268,    0
101812,19730929,  274,    0
101812,19730930,  277,    0
101812,19731001,  276,    0
101812,19731002,  269,    0
101812,19731003,  276,    0
101812,19731004,  280,    0
101812,19731005,  274,    0
101812,19731006,  283,    0
101812,19731007,  283,    0
101812,19731008,  286,    0
101812,19731009,  276,    0
101812,19731010,  270,    0
101812,19731011,  265,    0
101812,19731012,  261,    0
101812,19731013,  271,    0
101812,19731014,  273,    0
101812,19731015,  277,    0
101812,19731016,  270,    0
101812,19731017,  278,    0
101812,19731018,  279,    0
101812,19731019,  276,    0
101812,19731020,  277,    0
101812,19731021,  272,    0
101812,19731022,  257,    0
101812,19731023,  275,    0
101812,19731024,  259,    0
101812,19731025,  271,    0
101812,19731026,  260,    0
101812,19731027,  271,    0
101812,19731028,  271,    0
101812,19731029,  272,    0
101812,19731030,  277,    0
101812,19731031,  268,    0
101812,19731101,  264,    0
101812,19731102,  266,    0
101812,19731103,  271,    0
101812,19731104,  269,    0
101812,19731105,  277,    0
101812,19731106,  273,    0
101812,19731107,  263,    0
101812,19731108,  258,    0
101812,19731109,  271,    0
101812,19731110,  271,    0
101812,19731111,  267,    0
101812,19731112,  281,    0
101812,19731113,  266,    0
101812,19731114,  254,    0
101812,19731115,  273,    0
101812,19731116,  278,    0
101812,19731117,  270,    0
101812,19731118,  278,    0
101812,19731119,  270,    0
101812,19731120,  272,    0
101812,19731121,  269,    0
101812,19731122,  258,    0
101812,19731123,  250,    0
101812,19731124,  253,    0
101812,19731125,  248,    0
101812,19731126,  266,    0
101812,19731127,  243,    0
101812,19731128,  259,    0
101812,19731129,  235,    0
101812,19731130,  244,    0
101812,19731201,  237,    0
101812,19731202,  254,    0
101812,19731203,  259,    0
101812,19731204,  263,    0
101812,19731205,  261,    0
101812,19731206,  259,    0
101812,19731207,  228,    0
101812,19731208,  225,    0
101812,19731209,  252,    0
101812,19731210,  234,    0
101812,19731211,  240,    0
101812,19731212,  266,    0
101812,19731213,  251,    0
101812,19731214,  252,    0
101812,19731215,  241,    0
101812,19731216,  254,    0
101812,19731217,  239,    0
101812,19731218,  249,    0
101812,19731219,  248,    0
101812,19731220,  250,    0
101812,19731221,  244,    0
101812,19731222,  243,    0
101812,19731223,  236,    0
101812,19731224,  238,    0
101812,19731225,  239,    0
101812,19731226,  239,    0
101812,19731227,  240,    0
101812,19731228,  249,    0
101812,19731229,  246,    0
101812,19731230,  243,    0
101812,19731231,  240,    0
101812,19740101,  248,    0
101812,19740102,  228,    0
101812,19740103,  239,    0
101812,19740104,  241,    0
101812,19740105,  240,    0
101812,19740106,  241,    0
101812,19740107,  242,    0
101812,19740108,  246,    0
101812,19740109,  240,    0
101812,19740110,  249,    0
101812,19740111,  251,    0
101812,19740112,  246,    0
101812,19740113,  239,    0
101812,19740114,  246,    0
101812,19740115,  245,    0
101812,19740116,  235,    0
101812,19740117,  250,    0
101812,19740118,  253,    0
101812,19740119,  243,    0
101812,19740120,  235,    0
101812,19740121,  238,    0
101812,19740122,  240,    0
101812,19740123,  250,    0
101812,19740124,  254,    0
101812,19740125,  248,    0
101812,19740126,  258,    0
101812,19740127,  258,    0
101812,19740128,  262,    0
101812,19740129,  256,    0
101812,19740130,  270,    0
101812,19740131,  253,    0
101812,19740201,  263,    0
101812,19740202,  261,    0
101812,19740203,  242,    0
101812,19740204,  240,    0
101812,19740205,  260,    0
101812,19740206,  257,    0
101812,19740207,  257,    0
101812,19740208,  257,    0
101812,19740209,  254,    0
101812,19740210,  255,    0
101812,19740211,  243,    0
101812,19740212,  244,    0
101812,19740213,  244,    0
101812,19740214,  255,    0
101812,19740215,  241,    0
101812,19740216,  260,    0
101812,19740217,  241,    0
101812,19740218,  250,    0
101812,19740219,  259,    0
101812,19740220,  258,    0
101812,19740221,  259,    0
101812,19740222,  263,    0
101812,19740223,  262,    0
101812,19740224,  266,    0
101812,19740225,  269,    0
101812,19740226,  250,    0
101812,19740227,  259,    0
101812,19740228,  253,    0
101812,19740301,  252,    0
101812,19740302,  255,    0
101812,19740303,  260,    0
101812,19740304,  265,    0
101812,19740305,  258,    0
101812,19740306,  261,    0
101812,19740307,  262,    0
101812,19740308,  269,    0
101812,19740309,  273,    0
101812,19740310,  253,    0
101812,19740311,  265,    0
101812,19740312,  259,    0
101812,19740313,  263,    0
101812,19740314,  254,    0
101812,19740315,  257,    0
101812,19740316,  262,    0
101812,19740317,  259,    0
101812,19740318,  254,    0
101812,19740319,  256,    0
101812,19740320,  245,    0
101812,19740321,  258,    0
101812,19740322,  261,    0
101812,19740323,  265,    0
101812,19740324,  267,    0
101812,19740325,  272,    0
101812,19740326,  274,    0
101812,19740327,  274,    0
101812,19740328,  255,    0
101812,19740329,  270,    0
101812,19740330,  269,    0
101812,19740331,  270,    0
101812,19740401,  266,    0
101812,19740402,  267,    0
101812,19740403,  269,    0
101812,19740404,  271,    0
101812,19740405,  271,    0
101812,19740406,  269,    0
101812,19740407,  274,    0
101812,19740408,  280,    0
101812,19740409,  272,    0
101812,19740410,  267,    0
101812,19740411,  263,    0
101812,19740412,  273,    0
101812,19740413,  271,    0
101812,19740414,  273,    0
101812,19740415,  271,    0
101812,19740416,  271,    0
101812,19740417,  279,    0
101812,19740418,  273,    0
101812,19740419,  265,    0
101812,19740420,  281,    0
101812,19740421,  284,    0
101812,19740422,  279,    0
101812,19740423,  272,    0
101812,19740424,  272,    0
101812,19740425,  272,    0
101812,19740426,  277,    0
101812,19740427,  277,    0
101812,19740428,  280,    0
101812,19740429,  261,    0
101812,19740430,  280,    0
101812,19740501,  281,    0
101812,19740502,  283,    0
101812,19740503,  274,    0
101812,19740504,  275,    0
101812,19740505,  279,    0
101812,19740506,  278,    0
101812,19740507,  274,    0
101812,19740508,  280,    0
101812,19740509,  277,    0
101812,19740510,  253,    0
101812,19740511,  277,    0
101812,19740512,  259,    0
101812,19740513,  273,    0
101812,19740514,  266,    0
101812,19740515,  273,    0
101812,19740516,  271,    0
101812,19740517,  275,    0
101812,19740518,  279,    0
101812,19740519,  274,    0
101812,19740520,  285,    0
101812,19740521,  252,    0
101812,19740522,  273,    0
101812,19740523,  258,    0
101812,19740524,  264,    0
101812,19740525,  267,    0
101812,19740526,  267,    0
101812,19740527,  283,    0
101812,19740528,  275,    0
101812,19740529,  282,    0
101812,19740530,  276,    0
101812,19740531,  287,    0
101812,19740601,  281,    0
101812,19740602,  289,    0
101812,19740603,  286,    0
101812,19740604,  273,    0
101812,19740605,  276,    0
101812,19740606,  270,    0
101812,19740607,  280,    0
101812,19740608,  273,    0
101812,19740609,  277,    0
101812,19740610,  273,    0
101812,19740611,  279,    0
101812,19740612,  281,    0
101812,19740613,  280,    0
101812,19740614,  284,    0
101812,19740615,  273,    0
101812,19740616,  279,    0
101812,19740617,  250,    0
101812,19740618,  277,    0
101812,19740619,  264,    0
101812,19740620,  269,    0
101812,19740621,  276,    0
101812,19740622,  265,    0
101812,19740623,  273,    0
101812,19740624,  268,    0
101812,19740625,  268,    0
101812,19740626,  282,    0
101812,19740627,  251,    0
101812,19740628,  268,    0
101812,19740629,  270,    0
101812,19740630,  264,    0
101812,19740701,  270,    0
101812,19740702,  271,    0
101812,19740703,  282,    0
101812,19740704,  284,    0
101812,19740705,  268,    0
101812,19740706,  273,    0
101812,19740707,  282,    0
101812,19740708,  276,    0
101812,19740709,  283,    0
101812,19740710,  247,    0
101812,19740711,  264,    0
101812,19740712,  274,    0
101812,19740713,  266,    0
101812,19740714,  278,    0
101812,19740715,  263,    0
101812,19740716,  269,    0
101812,19740717,  274,    0
101812,19740718,  259,    0
101812,19740719,  268,    0
101812,19740720,  270,    0
101812,19740721,  277,    0
101812,19740722,  272,    0
101812,19740723,  271,    0
101812,19740724,  266,    0
101812,19740725,  271,    0
101812,19740726,  260,    0
101812,19740727,  267,    0
101812,19740728,  276,    0
101812,19740729,  274,    0
101812,19740730,  272,    0
101812,19740731,  269,    0
101812,19740801,  252,    0
101812,19740802,  271,    0
101812,19740803,  274,    0
101812,19740804,  272,    0
101812,19740805,  276,    0
101812,19740806,  271,    0
101812,19740807,  277,    0
101812,19740808,  274,    0
101812,19740809,  280,    0
101812,19740810,  282,    0
101812,19740811,  288,    0
101812,19740812,  276,    0
101812,19740813,  287,    0
101812,19740814,  290,    0
101812,19740815,  277,    0
101812,19740816,  286,    0
101812,19740817,  287,    0
101812,19740818,  281,    0
101812,19740819,  279,    0
101812,19740820,  287,    0
101812,19740821,  272,    0
101812,19740822,  275,    0
101812,19740823,  277,    0
101812,19740824,  277,    0
101812,19740825,  257,    0
101812,19740826,  271,    0
101812,19740827,  277,    0
101812,19740828,  269,    0
101812,19740829,  268,    0
101812,19740830,  269,    0
101812,19740831,  277,    0
101812,19740901,  271,    0
101812,19740902,  267,    0
101812,19740903,  272,    0
101812,19740904,  271,    0
101812,19740905,  274,    0
101812,19740906,  272,    0
101812,19740907,  275,    0
101812,19740908,  273,    0
101812,19740909,  267,    0
101812,19740910,  266,    0
101812,19740911,  272,    0
101812,19740912,  272,    0
101812,19740913,  274,    0
101812,19740914,  270,    0
101812,19740915,  270,    0
101812,19740916,  252,    0
101812,19740917,  264,    0
101812,19740918,  266,    0
101812,19740919,  266,    0
101812,19740920,  269,    0
101812,19740921,  270,    0
101812,19740922,  265,    0
101812,19740923,  262,    0
101812,19740924,  266,    0
101812,19740925,  273,    0
101812,19740926,  274,    0
101812,19740927,  267,    0
101812,19740928,  278,    0
101812,19740929,  267,    0
101812,19740930,  258,    0
101812,19741001,  271,    0
101812,19741002,  275,    0
101812,19741003,  272,    0
101812,19741004,  265,    0
101812,19741005,  275,    0
101812,19741006,  265,    0
101812,19741007,  278,    0
101812,19741008,  257,    0
101812,19741009,  284,    0
101812,19741010,  285,    0
101812,19741011,  278,    0
101812,19741012,  282,    0
101812,19741013,  272,    0
101812,19741014,  265,    0
101812,19741015,  274,    0
101812,19741016,  270,    0
101812,19741017,  264,    0
101812,19741018,  275,    0
101812,19741019,  270,    0
101812,19741020,  280,    0
101812,19741021,  278,    0
101812,19741022,  259,    0
101812,19741023,  274,    0
101812,19741024,  280,    0
101812,19741025,  263,    0
101812,19741026,  276,    0
101812,19741027,  272,    0
101812,19741028,  276,    0
101812,19741029,  277,    0
101812,19741030,  264,    0
101812,19741031,  278,    0
101812,19741101,  272,    0
101812,19741102,  277,    0
101812,19741103,  269,    0
101812,19741104,  275,    0
101812,19741105,  286,    0
101812,19741106,  271,    0
101812,19741107,  280,    0
101812,19741108,  272,    0
101812,19741109,  279,    0
101812,19741110,  252,    0
101812,19741111,  267,    0
101812,19741112,  262,    0
101812,19741113,  264,    0
101812,19741114,  261,    0
101812,19741115,  268,    0
101812,19741116,  269,    0
101812,19741117,  258,    0
101812,19741118,  266,    0
101812,19741119,  270,    0
101812,19741120,  252,    0
101812,19741121,  249,    0
101812,19741122,  258,    0
101812,19741123,  265,    0
101812,19741124,  248,    0
101812,19741125,  245,    0
101812,19741126,  247,    0
101812,19741127,  260,    0
101812,19741128,  262,    0
101812,19741129,  263,    0
101812,19741130,  262,    0
101812,19741201,  266,    0
101812,19741202,  272,    0
101812,19741203,  271,    0
101812,19741204,  260,    0
101812,19741205,  260,    0
101812,19741206,  257,    0
101812,19741207,  249,    0
101812,19741208,  261,    0
101812,19741209,  263,    0
101812,19741210,  262,    0
101812,19741211,  268,    0
101812,19741212,  252,    0
101812,19741213,  262,    0
101812,19741214,  268,    0
101812,19741215,  269,    0
101812,19741216,  259,    0
101812,19741217,  263,    0
101812,19741218,  269,    0
101812,19741219,  265,    0
101812,19741220,  263,    0
101812,19741221,  264,    0
101812,19741222,  250,    0
101812,19741223,  262,    0
101812,19741224,  261,    0
101812,19741225,  260,    0
101812,19741226,  266,    0
101812,19741227,  253,    0
101812,19741228,  238,    0
101812,19741229,  235,    0
101812,19741230,  130,    1
101812,19741231,  241,    0
101812,19750101,  251,    0
101812,19750102,  233,    0
101812,19750103,  254,    0
101812,19750104,  244,    0
101812,19750105,  250,    0
101812,19750106,  249,    0
101812,19750107,  259,    0
101812,19750108,  267,    0
101812,19750109,  253,    0
101812,19750110,  259,    0
101812,19750111,  253,    0
101812,19750112,  249,    0
101812,19750113,  251,    0
101812,19750114,  237,    0
101812,19750115,  247,    0
101812,19750116,  260,    0
101812,19750117,  253,    0
101812,19750118,  252,    0
101812,19750119,  265,    0
101812,19750120,  255,    0
101812,19750121,  253,    0
101812,19750122,  258,    0
101812,19750123,  245,    0
101812,19750124,  257,    0
101812,19750125,  253,    0
101812,19750126,  248,    0
101812,19750127,  250,    0
101812,19750128,  250,    0
101812,19750129,  255,    0
101812,19750130,  257,    0
101812,19750131,  248,    0
101812,19750201,  264,    0
101812,19750202,  259,    0
101812,19750203,  258,    0
101812,19750204,  264,    0
101812,19750205,  264,    0
101812,19750206,  263,    0
101812,19750207,  251,    0
101812,19750208,  264,    0
101812,19750209,  261,    0
101812,19750210,  268,    0
101812,19750211,  254,    0
101812,19750212,  259,    0
101812,19750213,  272,    0
101812,19750214,  260,    0
101812,19750215,  269,    0
101812,19750216,  260,    0
101812,19750217,  257,    0
101812,19750218,  250,    0
101812,19750219,  264,    0
101812,19750220,  258,    0
101812,19750221,  249,    0
101812,19750222,  261,    0
101812,19750223,  237,    0
101812,19750224,  246,    0
101812,19750225,  247,    0
101812,19750226,  268,    0
101812,19750227,  264,    0
101812,19750228,  264,    0
101812,19750301,  255,    0
101812,19750302,  265,    0
101812,19750303,  259,    0
101812,19750304,  262,    0
101812,19750305,  261,    0
101812,19750306,  252,    0
101812,19750307,  255,    0
101812,19750308,  250,    0
101812,19750309,  256,    0
101812,19750310,  259,    0
101812,19750311,  260,    0
101812,19750312,  258,    0
101812,19750313,  270,    0
101812,19750314,  266,    0
101812,19750315,  253,    0
101812,19750316,  257,    0
101812,19750317,  264,    0
101812,19750318,  259,    0
101812,19750319,  272,    0
101812,19750320,  274,    0
101812,19750321,  266,    0
101812,19750322,  264,    0
101812,19750323,  269,    0
101812,19750324,  274,    0
101812,19750325,  271,    0
101812,19750326,  269,    0
101812,19750327,  269,    0
101812,19750328,  267,    0
101812,19750329,  275,    0
101812,19750330,  271,    0
101812,19750331,  269,    0
101812,19750401,  259,    0
101812,19750402,  255,    0
101812,19750403,  276,    0
101812,19750404,  266,    0
101812,19750405,  271,    0
101812,19750406,  272,    0
101812,19750407,  273,    0
101812,19750408,  273,    0
101812,19750409,  282,    0
101812,19750410,  278,    0
101812,19750411,  273,    0
101812,19750412,  273,    0
101812,19750413,  268,    0
101812,19750414,  270,    0
101812,19750415,  254,    0
101812,19750416,  269,    0
101812,19750417,  272,    0
101812,19750418,  272,    0
101812,19750419,  273,    0
101812,19750420,  268,    0
101812,19750421,  279,    0
101812,19750422,  278,    0
101812,19750423,  272,    0
101812,19750424,  282,    0
101812,19750425,  267,    0
101812,19750426,  280,    0
101812,19750427,  281,    0
101812,19750428,  282,    0
101812,19750429,  282,    0
101812,19750430,  291,    0
101812,19750501,  282,    0
101812,19750502,  276,    0
101812,19750503,  277,    0
101812,19750504,  276,    0
101812,19750505,  280,    0
101812,19750506,  274,    0
101812,19750507,  278,    0
101812,19750508,  279,    0
101812,19750509,  276,    0
101812,19750510,  272,    0
101812,19750511,  284,    0
101812,19750512,  281,    0
101812,19750513,  272,    0
101812,19750514,  277,    0
101812,19750515,  272,    0
101812,19750516,  276,    0
101812,19750517,  275,    0
101812,19750518,  266,    0
101812,19750519,  273,    0
101812,19750520,  277,    0
101812,19750521,  266,    0
101812,19750522,  275,    0
101812,19750523,  279,    0
101812,19750524,  277,    0
101812,19750525,  272,    0
101812,19750526,  277,    0
101812,19750527,  242,    0
101812,19750528,  278,    0
101812,19750529,  277,    0
101812,19750530,  278,    0
101812,19750531,  270,    0
101812,19750601,  284,    0
101812,19750602,  267,    0
101812,19750603,  276,    0
101812,19750604,  267,    0
101812,19750605,  276,    0
101812,19750606,  272,    0
101812,19750607,  263,    0
101812,19750608,  281,    0
101812,19750609,  268,    0
101812,19750610,  254,    0
101812,19750611,  265,    0
101812,19750612,  275,    0
101812,19750613,  276,    0
101812,19750614,  273,    0
101812,19750615,  270,    0
101812,19750616,  270,    0
101812,19750617,  258,    0
101812,19750618,  279,    0
101812,19750619,  258,    0
101812,19750620,  272,    0
101812,19750621,  256,    0
101812,19750622,  273,    0
101812,19750623,  277,    0
101812,19750624,  282,    0
101812,19750625,  266,    0
101812,19750626,  280,    0
101812,19750627,  273,    0
101812,19750628,  277,    0
101812,19750629,  277,    0
101812,19750630,  266,    0
101812,19750701,  270,    0
101812,19750702,  272,    0
101812,19750703,  276,    0
101812,19750704,  277,    0
101812,19750705,  275,    0
101812,19750706,  269,    0
101812,19750707,  271,    0
101812,19750708,  261,    0
101812,19750709,  267,    0
101812,19750710,  276,    0
101812,19750711,  266,    0
101812,19750712,  276,    0
101812,19750713,  270,    0
101812,19750714,  264,    0
101812,19750715,  269,    0
101812,19750716,  275,    0
101812,19750717,  263,    0
101812,19750718,  267,    0
101812,19750719,  258,    0
101812,19750720,  265,    0
101812,19750721,  244,    0
101812,19750722,  268,    0
101812,19750723,  247,    0
101812,19750724,  254,    0
101812,19750725,  263,    0
101812,19750726,  277,    0
101812,19750727,-9999,    9
101812,19750728,  256,    0
101812,19750729,  277,    0
101812,19750730,  269,    0
101812,19750731,  270,    0
101812,19750801,  282,    0
101812,19750802,  263,    0
101812,19750803,  275,    0
101812,19750804,  275,    0
101812,19750805,  273,    0
101812,19750806,  268,    0
101812,19750807,  270,    0
101812,19750808,  272,    0
101812,19750809,  259,    0
101812,19750810,  271,    0
101812,19750811,  274,    0
101812,19750812,  284,    0
101812,19750813,  283,    0
101812,19750814,  283,    0
101812,19750815,  273,    0
101812,19750816,  277,    0
101812,19750817,  276,    0
101812,19750818,  281,    0
101812,19750819,  274,    0
101812,19750820,  266,    0
101812,19750821,  275,    0
101812,19750822,  282,    0
101812,19750823,  265,    0
101812,19750824,  278,    0
101812,19750825,  279,    0
101812,19750826,  275,    0
101812,19750827,  268,    0
101812,19750828,  266,    0
101812,19750829,  268,    0
101812,19750830,  269,    0
101812,19750831,  267,    0
101812,19750901,  257,    0
101812,19750902,  265,    0
101812,19750903,  263,    0
101812,19750904,  270,    0
101812,19750905,  266,    0
101812,19750906,  274,    0
101812,19750907,  262,    0
101812,19750908,  272,    0
101812,19750909,  277,    0
101812,19750910,  272,    0
101812,19750911,  269,    0
101812,19750912,  256,    0
101812,19750913,  266,    0
101812,19750914,  272,    0
101812,19750915,  275,    0
101812,19750916,  271,    0
101812,19750917,  271,    0
101812,19750918,  273,    0
101812,19750919,  272,    0
101812,19750920,  268,    0
101812,19750921,  278,    0
101812,19750922,  285,    0
101812,19750923,  266,    0
101812,19750924,  272,    0
101812,19750925,  271,    0
101812,19750926,  266,    0
101812,19750927,  272,    0
101812,19750928,  249,    0
101812,19750929,  275,    0
101812,19750930,  281,    0
101812,19751001,  279,    0
101812,19751002,  283,    0
101812,19751003,  282,    0
101812,19751004,  282,    0
101812,19751005,  274,    0
101812,19751006,  275,    0
101812,19751007,  271,    0
101812,19751008,  246,    0
101812,19751009,  277,    0
101812,19751010,  277,    0
101812,19751011,  272,    0
101812,19751012,  258,    0
101812,19751013,  275,    0
101812,19751014,  270,    0
101812,19751015,  269,    0
101812,19751016,  269,    0
101812,19751017,  263,    0
101812,19751018,  277,    0
101812,19751019,  258,    0
101812,19751020,  282,    0
101812,19751021,  272,    0
101812,19751022,  272,    0
101812,19751023,  283,    0
101812,19751024,  266,    0
101812,19751025,  273,    0
101812,19751026,  272,    0
101812,19751027,  260,    0
101812,19751028,  268,    0
101812,19751029,  264,    0
101812,19751030,  256,    0
101812,19751031,  259,    0
101812,19751101,  264,    0
101812,19751102,  276,    0
101812,19751103,  269,    0
101812,19751104,  263,    0
101812,19751105,  261,    0
101812,19751106,  260,    0
101812,19751107,  275,    0
101812,19751108,  266,    0
101812,19751109,  250,    0
101812,19751110,  269,    0
101812,19751111,  271,    0
101812,19751112,  264,    0
101812,19751113,  256,    0
101812,19751114,  268,    0
101812,19751115,  260,    0
101812,19751116,  261,    0
101812,19751117,  248,    0
101812,19751118,  259,    0
101812,19751119,  237,    0
101812,19751120,  251,    0
101812,19751121,  257,    0
101812,19751122,  242,    0
101812,19751123,  259,    0
101812,19751124,  231,    0
101812,19751125,  223,    0
101812,19751126,  241,    0
101812,19751127,  229,    0
101812,19751128,  232,    0
101812,19751129,  249,    0
101812,19751130,  255,    0
101812,19751201,  267,    0
101812,19751202,  266,    0
101812,19751203,  266,    0
101812,19751204,  264,    0
101812,19751205,  255,    0
101812,19751206,  264,    0
101812,19751207,  269,    0
101812,19751208,  255,    0
101812,19751209,  262,    0
101812,19751210,  247,    0
101812,19751211,  259,    0
101812,19751212,  259,    0
101812,19751213,  269,    0
101812,19751214,  240,    0
101812,19751215,  234,    0
101812,19751216,  236,    0
101812,19751217,  249,    0
101812,19751218,  249,    0
101812,19751219,  250,    0
101812,19751220,  263,    0
101812,19751221,  249,    0
101812,19751222,  245,    0
101812,19751223,  240,    0
101812,19751224,  240,    0
101812,19751225,  251,    0
101812,19751226,  252,    0
101812,19751227,  254,    0
101812,19751228,  253,    0
101812,19751229,  248,    0
101812,19751230,  235,    0
101812,19751231,  244,    0
101812,19760101,  237,    0
101812,19760102,  238,    0
101812,19760103,  232,    0
101812,19760104,  237,    0
101812,19760105,  239,    0
101812,19760106,  255,    0
101812,19760107,  235,    0
101812,19760108,  250,    0
101812,19760109,  245,    0
101812,19760110,  240,    0
101812,19760111,  249,    0
101812,19760112,  243,    0
101812,19760113,  247,    0
101812,19760114,  233,    0
101812,19760115,  240,    0
101812,19760116,  245,    0
101812,19760117,  244,    0
101812,19760118,  245,    0
101812,19760119,  234,    0
101812,19760120,  233,    0
101812,19760121,  240,    0
101812,19760122,  240,    0
101812,19760123,  244,    0
101812,19760124,  247,    0
101812,19760125,  252,    0
101812,19760126,  254,    0
101812,19760127,  259,    0
101812,19760128,  252,    0
101812,19760129,  255,    0
101812,19760130,  253,    0
101812,19760131,  250,    0
101812,19760201,  244,    0
101812,19760202,  251,    0
101812,19760203,  237,    0
101812,19760204,  253,    0
101812,19760205,  261,    0
101812,19760206,  254,    0
101812,19760207,  249,    0
101812,19760208,  247,    0
101812,19760209,  253,    0
101812,19760210,  241,    0
101812,19760211,  253,    0
101812,19760212,  251,    0
101812,19760213,  255,    0
101812,19760214,  253,    0
101812,19760215,  267,    0
101812,19760216,  268,    0
101812,19760217,  262,    0
101812,19760218,  264,    0
101812,19760219,  266,    0
101812,19760220,  264,    0
101812,19760221,  259,    0
101812,19760222,  256,    0
101812,19760223,  261,    0
101812,19760224,  261,    0
101812,19760225,  250,    0
101812,19760226,  252,    0
101812,19760227,  271,    0
101812,19760228,  265,    0
101812,19760229,  276,    0
101812,19760301,  264,    0
101812,19760302,  263,    0
101812,19760303,  272,    0
101812,19760304,  267,    0
101812,19760305,  269,    0
101812,19760306,  265,    0
101812,19760307,  267,    0
101812,19760308,  269,    0
101812,19760309,  282,    0
101812,19760310,  280,    0
101812,19760311,  273,    0
101812,19760312,  267,    0
101812,19760313,  270,    0
101812,19760314,  264,    0
101812,19760315,  270,    0
101812,19760316,  269,    0
101812,19760317,  271,    0
101812,19760318,  268,    0
101812,19760319,  271,    0
101812,19760320,  270,    0
101812,19760321,  261,    0
101812,19760322,  275,    0
101812,19760323,  264,    0
101812,19760324,  272,    0
101812,19760325,  263,    0
101812,19760326,  263,    0
101812,19760327,  273,    0
101812,19760328,  271,    0
101812,19760329,  264,    0
101812,19760330,  262,    0
101812,19760331,  268,    0
101812,19760401,  265,    0
101812,19760402,  272,    0
101812,19760403,  269,    0
101812,19760404,  275,    0
101812,19760405,  272,    0
101812,19760406,  275,    0
101812,19760407,  269,    0
101812,19760408,  272,    0
101812,19760409,  275,    0
101812,19760410,  281,    0
101812,19760411,  269,    0
101812,19760412,  285,    0
101812,19760413,  279,    0
101812,19760414,  287,    0
101812,19760415,  283,    0
101812,19760416,  277,    0
101812,19760417,  287,    0
101812,19760418,  288,    0
101812,19760419,  295,    0
101812,19760420,  283,    0
101812,19760421,  275,    0
101812,19760422,  266,    0
101812,19760423,  271,    0
101812,19760424,  266,    0
101812,19760425,  277,    0
101812,19760426,  276,    0
101812,19760427,  277,    0
101812,19760428,  266,    0
101812,19760429,  276,    0
101812,19760430,  287,    0
101812,19760501,  282,    0
101812,19760502,  282,    0
101812,19760503,  269,    0
101812,19760504,  277,    0
101812,19760505,  272,    0
101812,19760506,  270,    0
101812,19760507,  273,    0
101812,19760508,  271,    0
101812,19760509,  277,    0
101812,19760510,  280,    0
101812,19760511,  275,    0
101812,19760512,  276,    0
101812,19760513,  274,    0
101812,19760514,  274,    0
101812,19760515,  272,    0
101812,19760516,  283,    0
101812,19760517,  289,    0
101812,19760518,  286,    0
101812,19760519,  285,    0
101812,19760520,  285,    0
101812,19760521,  286,    0
101812,19760522,  282,    0
101812,19760523,  292,    0
101812,19760524,  284,    0
101812,19760525,  277,    0
101812,19760526,  279,    0
101812,19760527,  289,    0
101812,19760528,  293,    0
101812,19760529,  278,    0
101812,19760530,  274,    0
101812,19760531,  269,    0
101812,19760601,  278,    0
101812,19760602,  268,    0
101812,19760603,  274,    0
101812,19760604,  271,    0
101812,19760605,  265,    0
101812,19760606,  268,    0
101812,19760607,  271,    0
101812,19760608,  276,    0
101812,19760609,  280,    0
101812,19760610,  274,    0
101812,19760611,  276,    0
101812,19760612,  277,    0
101812,19760613,  272,    0
101812,19760614,  276,    0
101812,19760615,  268,    0
101812,19760616,  278,    0
101812,19760617,  281,    0
101812,19760618,  279,    0
101812,19760619,  273,    0
101812,19760620,  274,    0
101812,19760621,  277,    0
101812,19760622,  273,    0
101812,19760623,  272,    0
101812,19760624,  270,    0
101812,19760625,  278,    0
101812,19760626,  270,    0
101812,19760627,  279,    0
101812,19760628,  275,    0
101812,19760629,  276,    0
101812,19760630,  284,    0
101812,19760701,  281,    0
101812,19760702,  280,    0
101812,19760703,  282,    0
101812,19760704,  284,    0
101812,19760705,  275,    0
101812,19760706,  268,    0
101812,19760707,  270,    0
101812,19760708,  275,    0
101812,19760709,  271,    0
101812,19760710,  273,    0
101812,19760711,  266,    0
101812,19760712,  269,    0
101812,19760713,  269,    0
101812,19760714,  262,    0
101812,19760715,  272,    0
101812,19760716,  265,    0
101812,19760717,  278,    0
101812,19760718,  272,    0
101812,19760719,  289,    0
101812,19760720,  283,    0
101812,19760721,  270,    0
101812,19760722,  283,    0
101812,19760723,  276,    0
101812,19760724,  274,    0
101812,19760725,  278,    0
101812,19760726,  277,    0
101812,19760727,  280,    0
101812,19760728,  265,    0
101812,19760729,  279,    0
101812,19760730,  273,    0
101812,19760731,  277,    0
101812,19760801,  276,    0
101812,19760802,  279,    0
101812,19760803,  284,    0
101812,19760804,  295,    0
101812,19760805,  285,    0
101812,19760806,  290,    0
101812,19760807,  288,    0
101812,19760808,  276,    0
101812,19760809,  268,    0
101812,19760810,  279,    0
101812,19760811,  279,    0
101812,19760812,  284,    0
101812,19760813,  272,    0
101812,19760814,  277,    0
101812,19760815,  277,    0
101812,19760816,  271,    0
101812,19760817,  266,    0
101812,19760818,  267,    0
101812,19760819,  265,    0
101812,19760820,  270,    0
101812,19760821,  272,    0
101812,19760822,  267,    0
101812,19760823,  277,    0
101812,19760824,  272,    0
101812,19760825,  273,    0
101812,19760826,  275,    0
101812,19760827,  243,    0
101812,19760828,  258,    0
101812,19760829,  262,    0
101812,19760830,  272,    0
101812,19760831,  278,    0
101812,19760901,  259,    0
101812,19760902,  271,    0
101812,19760903,  269,    0
101812,19760904,  270,    0
101812,19760905,  270,    0
101812,19760906,  262,    0
101812,19760907,  267,    0
101812,19760908,  275,    0
101812,19760909,  274,    0
101812,19760910,  268,    0
101812,19760911,  283,    0
101812,19760912,  270,    0
101812,19760913,  271,    0
101812,19760914,  279,    0
101812,19760915,  277,    0
101812,19760916,  277,    0
101812,19760917,  272,    0
101812,19760918,  271,    0
101812,19760919,  267,    0
101812,19760920,  282,    0
101812,19760921,  278,    0
101812,19760922,  280,    0
101812,19760923,  273,    0
101812,19760924,  265,    0
101812,19760925,  277,    0
101812,19760926,  271,    0
101812,19760927,  278,    0
101812,19760928,  269,    0
101812,19760929,  272,    0
101812,19760930,  256,    0
101812,19761001,  271,    0
101812,19761002,  271,    0
101812,19761003,  275,    0
101812,19761004,  269,    0
101812,19761005,  275,    0
101812,19761006,  276,    0
101812,19761007,  272,    0
101812,19761008,  272,    0
101812,19761009,  273,    0
101812,19761010,  278,    0
101812,19761011,  269,    0
101812,19761012,  272,    0
101812,19761013,  263,    0
101812,19761014,  269,    0
101812,19761015,  265,    0
101812,19761016,  275,    0
101812,19761017,  267,    0
101812,19761018,  273,    0
101812,19761019,  268,    0
101812,19761020,  274,    0
101812,19761021,  278,    0
101812,19761022,  280,    0
101812,19761023,  286,    0
101812,19761024,  259,    0
101812,19761025,  288,    0
101812,19761026,  257,    0
101812,19761027,  263,    0
101812,19761028,  267,    0
101812,19761029,  270,    0
101812,19761030,  267,    0
101812,19761031,  269,    0
101812,19761101,  272,    0
101812,19761102,  271,    0
101812,19761103,  265,    0
101812,19761104,  272,    0
101812,19761105,  252,    0
101812,19761106,  278,    0
101812,19761107,  266,    0
101812,19761108,  262,    0
101812,19761109,  264,    0
101812,19761110,  253,    0
101812,19761111,  258,    0
101812,19761112,  241,    0
101812,19761113,  263,    0
101812,19761114,  267,    0
101812,19761115,  270,    0
101812,19761116,  252,    0
101812,19761117,  258,    0
101812,19761118,  256,    0
101812,19761119,  260,    0
101812,19761120,  252,    0
101812,19761121,  252,    0
101812,19761122,  260,    0
101812,19761123,  266,    0
101812,19761124,  268,    0
101812,19761125,  248,    0
101812,19761126,  257,    0
101812,19761127,  256,    0
101812,19761128,  238,    0
101812,19761129,  240,    0
101812,19761130,  261,    0
101812,19761201,  261,    0
101812,19761202,  269,    0
101812,19761203,  270,    0
101812,19761204,  266,    0
101812,19761205,  264,    0
101812,19761206,  253,    0
101812,19761207,  263,    0
101812,19761208,  253,    0
101812,19761209,  253,    0
101812,19761210,  248,    0
101812,19761211,  253,    0
101812,19761212,  258,    0
101812,19761213,  255,    0
101812,19761214,  241,    0
101812,19761215,  249,    0
101812,19761216,  255,    0
101812,19761217,  248,    0
101812,19761218,  250,    0
101812,19761219,  252,    0
101812,19761220,  255,    0
101812,19761221,  244,    0
101812,19761222,  243,    0
101812,19761223,  246,    0
101812,19761224,  264,    0
101812,19761225,  274,    0
101812,19761226,  268,    0
101812,19761227,  266,    0
101812,19761228,  256,    0
101812,19761229,  254,    0
101812,19761230,  253,    0
101812,19761231,  240,    0
101812,19770101,  236,    0
101812,19770102,  246,    0
101812,19770103,  257,    0
101812,19770104,  260,    0
101812,19770105,  263,    0
101812,19770106,  266,    0
101812,19770107,  257,    0
101812,19770108,  260,    0
101812,19770109,  255,    0
101812,19770110,  259,    0
101812,19770111,  255,    0
101812,19770112,  251,    0
101812,19770113,  253,    0
101812,19770114,  255,    0
101812,19770115,  248,    0
101812,19770116,  250,    0
101812,19770117,  261,    0
101812,19770118,  251,    0
101812,19770119,  256,    0
101812,19770120,  253,    0
101812,19770121,  260,    0
101812,19770122,  261,    0
101812,19770123,  256,    0
101812,19770124,  246,    0
101812,19770125,  254,    0
101812,19770126,  255,    0
101812,19770127,  257,    0
101812,19770128,  263,    0
101812,19770129,  259,    0
101812,19770130,  260,    0
101812,19770131,  262,    0
101812,19770201,  269,    0
101812,19770202,  270,    0
101812,19770203,  265,    0
101812,19770204,  261,    0
101812,19770205,  260,    0
101812,19770206,  260,    0
101812,19770207,  264,    0
101812,19770208,  244,    0
101812,19770209,  237,    0
101812,19770210,  249,    0
101812,19770211,  255,    0
101812,19770212,  248,    0
101812,19770213,  258,    0
101812,19770214,  262,    0
101812,19770215,  258,    0
101812,19770216,  246,    0
101812,19770217,  247,    0
101812,19770218,  246,    0
101812,19770219,  246,    0
101812,19770220,  254,    0
101812,19770221,  253,    0
101812,19770222,  242,    0
101812,19770223,  233,    0
101812,19770224,  246,    0
101812,19770225,  252,    0
101812,19770226,  258,    0
101812,19770227,  257,    0
101812,19770228,  256,    0
101812,19770301,  262,    0
101812,19770302,  265,    0
101812,19770303,  259,    0
101812,19770304,  242,    0
101812,19770305,  251,    0
101812,19770306,  247,    0
101812,19770307,  244,    0
101812,19770308,  246,    0
101812,19770309,  247,    0
101812,19770310,  249,    0
101812,19770311,  259,    0
101812,19770312,  262,    0
101812,19770313,  259,    0
101812,19770314,  265,    0
101812,19770315,  263,    0
101812,19770316,  263,    0
101812,19770317,  256,    0
101812,19770318,  262,    0
101812,19770319,  261,    0
101812,19770320,  266,    0
101812,19770321,  263,    0
101812,19770322,  260,    0
101812,19770323,  262,    0
101812,19770324,  265,    0
101812,19770325,  273,    0
101812,19770326,  260,    0
101812,19770327,  267,    0
101812,19770328,  268,    0
101812,19770329,  264,    0
101812,19770330,  262,    0
101812,19770331,  270,    0
101812,19770401,  265,    0
101812,19770402,  269,    0
101812,19770403,  268,    0
101812,19770404,  270,    0
101812,19770405,  276,    0
101812,19770406,  277,    0
101812,19770407,  266,    0
101812,19770408,  272,    0
101812,19770409,  278,    0
101812,19770410,  271,    0
101812,19770411,  274,    0
101812,19770412,  262,    0
101812,19770413,  286,    0
101812,19770414,  281,    0
101812,19770415,  279,    0
101812,19770416,  285,    0
101812,19770417,  278,    0
101812,19770418,  283,    0
101812,19770419,  283,    0
101812,19770420,  271,    0
101812,19770421,  270,    0
101812,19770422,  274,    0
101812,19770423,  279,    0
101812,19770424,  280,    0
101812,19770425,  277,    0
101812,19770426,  270,    0
101812,19770427,  269,    0
101812,19770428,  282,    0
101812,19770429,  288,    0
101812,19770430,  293,    0
101812,19770501,  277,    0
101812,19770502,  280,    0
101812,19770503,  288,    0
101812,19770504,  293,    0
101812,19770505,  279,    0
101812,19770506,  285,    0
101812,19770507,  277,    0
101812,19770508,  276,    0
101812,19770509,  284,    0
101812,19770510,  275,    0
101812,19770511,  280,    0
101812,19770512,  286,    0
101812,19770513,  274,    0
101812,19770514,  271,    0
101812,19770515,  269,    0
101812,19770516,  281,    0
101812,19770517,  287,    0
101812,19770518,  284,    0
101812,19770519,  280,    0
101812,19770520,  283,    0
101812,19770521,  281,    0
101812,19770522,  276,    0
101812,19770523,  272,    0
101812,19770524,  282,    0
101812,19770525,  275,    0
101812,19770526,  288,    0
101812,19770527,  282,    0
101812,19770528,  273,    0
101812,19770529,  288,    0
101812,19770530,  279,    0
101812,19770531,  287,    0
101812,19770601,  284,    0
101812,19770602,  281,    0
101812,19770603,  276,    0
101812,19770604,  278,    0
101812,19770605,  278,    0
101812,19770606,  276,    0
101812,19770607,  285,    0
101812,19770608,  278,    0
101812,19770609,  286,    0
101812,19770610,  267,    0
101812,19770611,  289,    0
101812,19770612,  281,    0
101812,19770613,  278,    0
101812,19770614,  273,    0
101812,19770615,  288,    0
101812,19770616,  265,    0
101812,19770617,  283,    0
101812,19770618,  273,    0
101812,19770619,  284,    0
101812,19770620,  268,    0
101812,19770621,  274,    0
101812,19770622,  272,    0
101812,19770623,  286,    0
101812,19770624,  292,    0
101812,19770625,  296,    0
101812,19770626,  294,    0
101812,19770627,  275,    0
101812,19770628,  272,    0
101812,19770629,  273,    0
101812,19770630,  274,    0
101812,19770701,  279,    0
101812,19770702,  267,    0
101812,19770703,  279,    0
101812,19770704,  270,    0
101812,19770705,  277,    0
101812,19770706,  267,    0
101812,19770707,  275,    0
101812,19770708,  272,    0
101812,19770709,  278,    0
101812,19770710,  270,    0
101812,19770711,  268,    0
101812,19770712,  273,    0
101812,19770713,  275,    0
101812,19770714,  277,    0
101812,19770715,  278,    0
101812,19770716,  280,    0
101812,19770717,  284,    0
101812,19770718,  283,    0
101812,19770719,  279,    0
101812,19770720,  278,    0
101812,19770721,  283,    0
101812,19770722,  282,    0
101812,19770723,  283,    0
101812,19770724,  279,    0
101812,19770725,  286,    0
101812,19770726,  279,    0
101812,19770727,  269,    0
101812,19770728,  285,    0
101812,19770729,  274,    0
101812,19770730,  281,    0
101812,19770731,  286,    0
101812,19770801,  280,    0
101812,19770802,  285,    0
101812,19770803,  267,    0
101812,19770804,  271,    0
101812,19770805,  263,    0
101812,19770806,  250,    0
101812,19770807,  266,    0
101812,19770808,  269,    0
101812,19770809,  283,    0
101812,19770810,  264,    0
101812,19770811,  267,    0
101812,19770812,  283,    0
101812,19770813,  273,    0
101812,19770814,  278,    0
101812,19770815,  286,    0
101812,19770816,  286,    0
101812,19770817,  284,    0
101812,19770818,  289,    0
101812,19770819,  269,    0
101812,19770820,  262,    0
101812,19770821,  272,    0
101812,19770822,  286,    0
101812,19770823,  289,    0
101812,19770824,  254,    0
101812,19770825,  271,    0
101812,19770826,  279,    0
101812,19770827,  273,    0
101812,19770828,  277,    0
101812,19770829,  272,    0
101812,19770830,  271,    0
101812,19770831,  267,    0
101812,19770901,  271,    0
101812,19770902,  281,    0
101812,19770903,  284,    0
101812,19770904,  290,    0
101812,19770905,  293,    0
101812,19770906,  277,    0
101812,19770907,  276,    0
101812,19770908,  281,    0
101812,19770909,  275,    0
101812,19770910,  276,    0
101812,19770911,  283,    0
101812,19770912,  277,    0
101812,19770913,  279,    0
101812,19770914,  272,    0
101812,19770915,  281,    0
101812,19770916,  261,    0
101812,19770917,  273,    0
101812,19770918,  279,    0
101812,19770919,  263,    0
101812,19770920,  271,    0
101812,19770921,  280,    0
101812,19770922,  276,    0
101812,19770923,  276,    0
101812,19770924,  280,    0
101812,19770925,  275,    0
101812,19770926,  281,    0
101812,19770927,  277,    0
101812,19770928,  272,    0
101812,19770929,  271,    0
101812,19770930,  277,    0
101812,19771001,  272,    0
101812,19771002,  274,    0
101812,19771003,  278,    0
101812,19771004,  262,    0
101812,19771005,  270,    0
101812,19771006,  279,    0
101812,19771007,  280,    0
101812,19771008,  276,    0
101812,19771009,  269,    0
101812,19771010,  272,    0
101812,19771011,  272,    0
101812,19771012,  269,    0
101812,19771013,  270,    0
101812,19771014,  274,    0
101812,19771015,  272,    0
101812,19771016,  277,    0
101812,19771017,  269,    0
101812,19771018,  274,    0
101812,19771019,  277,    0
101812,19771020,  262,    0
101812,19771021,  274,    0
101812,19771022,  272,    0
101812,19771023,  274,    0
101812,19771024,  275,    0
101812,19771025,  281,    0
101812,19771026,  276,    0
101812,19771027,  250,    0
101812,19771028,  272,    0
101812,19771029,  273,    0
101812,19771030,  277,    0
101812,19771031,  273,    0
101812,19771101,  260,    0
101812,19771102,  272,    0
101812,19771103,  260,    0
101812,19771104,  269,    0
101812,19771105,  269,    0
101812,19771106,  278,    0
101812,19771107,  278,    0
101812,19771108,  274,    0
101812,19771109,  271,    0
101812,19771110,  266,    0
101812,19771111,  271,    0
101812,19771112,  267,    0
101812,19771113,  248,    0
101812,19771114,  257,    0
101812,19771115,  255,    0
101812,19771116,  259,    0
101812,19771117,  266,    0
101812,19771118,  256,    0
101812,19771119,  264,    0
101812,19771120,  257,    0
101812,19771121,  262,    0
101812,19771122,  266,    0
101812,19771123,  259,    0
101812,19771124,  251,    0
101812,19771125,  256,    0
101812,19771126,  235,    0
101812,19771127,  263,    0
101812,19771128,  261,    0
101812,19771129,  244,    0
101812,19771130,  255,    0
101812,19771201,  265,    0
101812,19771202,  266,    0
101812,19771203,  257,    0
101812,19771204,  244,    0
101812,19771205,  259,    0
101812,19771206,  260,    0
101812,19771207,  261,    0
101812,19771208,  264,    0
101812,19771209,  257,    0
101812,19771210,  264,    0
101812,19771211,  250,    0
101812,19771212,  257,    0
101812,19771213,  253,    0
101812,19771214,  263,    0
101812,19771215,  267,    0
101812,19771216,  267,    0
101812,19771217,  260,    0
101812,19771218,  266,    0
101812,19771219,  264,    0
101812,19771220,  244,    0
101812,19771221,  255,    0
101812,19771222,  262,    0
101812,19771223,  268,    0
101812,19771224,  259,    0
101812,19771225,  261,    0
101812,19771226,  260,    0
101812,19771227,  271,    0
101812,19771228,  269,    0
101812,19771229,  271,    0
101812,19771230,  266,    0
101812,19771231,  261,    0
101812,19780101,  275,    0
101812,19780102,  266,    0
101812,19780103,  256,    0
101812,19780104,  259,    0
101812,19780105,  265,    0
101812,19780106,  251,    0
101812,19780107,  256,    0
101812,19780108,  246,    0
101812,19780109,  254,    0
101812,19780110,  262,    0
101812,19780111,  263,    0
101812,19780112,  256,    0
101812,19780113,  264,    0
101812,19780114,  261,    0
101812,19780115,  253,    0
101812,19780116,  264,    0
101812,19780117,  267,    0
101812,19780118,  269,    0
101812,19780119,  265,    0
101812,19780120,  263,    0
101812,19780121,  266,    0
101812,19780122,  259,    0
101812,19780123,  254,    0
101812,19780124,  254,    0
101812,19780125,  261,    0
101812,19780126,  270,    0
101812,19780127,  267,    0
101812,19780128,  272,    0
101812,19780129,  270,    0
101812,19780130,  263,    0
101812,19780131,  257,    0
101812,19780201,  252,    0
101812,19780202,  256,    0
101812,19780203,  255,    0
101812,19780204,  259,    0
101812,19780205,  266,    0
101812,19780206,  258,    0
101812,19780207,  266,    0
101812,19780208,  270,    0
101812,19780209,  273,    0
101812,19780210,  267,    0
101812,19780211,  259,    0
101812,19780212,  258,    0
101812,19780213,  282,    0
101812,19780214,  265,    0
101812,19780215,  268,    0
101812,19780216,  273,    0
101812,19780217,  268,    0
101812,19780218,  269,    0
101812,19780219,  267,    0
101812,19780220,  260,    0
101812,19780221,  261,    0
101812,19780222,  266,    0
101812,19780223,  274,    0
101812,19780224,  277,    0
101812,19780225,  269,    0
101812,19780226,  267,    0
101812,19780227,  254,    0
101812,19780228,  273,    0
101812,19780301,  274,    0
101812,19780302,  271,    0
101812,19780303,  272,    0
101812,19780304,  270,    0
101812,19780305,  275,    0
101812,19780306,  273,    0
101812,19780307,  274,    0
101812,19780308,  268,    0
101812,19780309,  271,    0
101812,19780310,  275,    0
101812,19780311,  270,    0
101812,19780312,  276,    0
101812,19780313,  276,    0
101812,19780314,  277,    0
101812,19780315,  276,    0
101812,19780316,  276,    0
101812,19780317,  280,    0
101812,19780318,  276,    0
101812,19780319,  280,    0
101812,19780320,  276,    0
101812,19780321,  271,    0
101812,19780322,  276,    0
101812,19780323,  279,    0
101812,19780324,  268,    0
101812,19780325,  271,    0
101812,19780326,  265,    0
101812,19780327,  272,    0
101812,19780328,  267,    0
101812,19780329,  274,    0
101812,19780330,  282,    0
101812,19780331,  287,    0
101812,19780401,  279,    0
101812,19780402,  282,    0
101812,19780403,  263,    0
101812,19780404,  272,    0
101812,19780405,  268,    0
101812,19780406,  280,    0
101812,19780407,  280,    0
101812,19780408,  280,    0
101812,19780409,  280,    0
101812,19780410,  266,    0
101812,19780411,  275,    0
101812,19780412,  276,    0
101812,19780413,  277,    0
101812,19780414,  276,    0
101812,19780415,  280,    0
101812,19780416,  276,    0
101812,19780417,  281,    0
101812,19780418,  280,    0
101812,19780419,  276,    0
101812,19780420,  276,    0
101812,19780421,  289,    0
101812,19780422,  290,    0
101812,19780423,  283,    0
101812,19780424,  283,    0
101812,19780425,  282,    0
101812,19780426,  286,    0
101812,19780427,  278,    0
101812,19780428,  267,    0
101812,19780429,  283,    0
101812,19780430,  284,    0
101812,19780501,  290,    0
101812,19780502,  284,    0
101812,19780503,  286,    0
101812,19780504,  276,    0
101812,19780505,  284,    0
101812,19780506,  282,    0
101812,19780507,  281,    0
101812,19780508,  288,    0
101812,19780509,  282,    0
101812,19780510,  286,    0
101812,19780511,  283,    0
101812,19780512,  267,    0
101812,19780513,  286,    0
101812,19780514,  258,    0
101812,19780515,  271,    0
101812,19780516,  285,    0
101812,19780517,  290,    0
101812,19780518,  284,    0
101812,19780519,  284,    0
101812,19780520,  287,    0
101812,19780521,  288,    0
101812,19780522,  294,    0
101812,19780523,  286,    0
101812,19780524,  288,    0
101812,19780525,  287,    0
101812,19780526,  289,    0
101812,19780527,  283,    0
101812,19780528,  280,    0
101812,19780529,  277,    0
101812,19780530,  283,    0
101812,19780531,  288,    0
101812,19780601,  292,    0
101812,19780602,  282,    0
101812,19780603,  294,    0
101812,19780604,  290,    0
101812,19780605,  270,    0
101812,19780606,  263,    0
101812,19780607,  272,    0
101812,19780608,  266,    0
101812,19780609,  276,    0
101812,19780610,  276,    0
101812,19780611,  262,    0
101812,19780612,  274,    0
101812,19780613,  270,    0
101812,19780614,  283,    0
101812,19780615,  281,    0
101812,19780616,  275,    0
101812,19780617,  273,    0
101812,19780618,  280,    0
101812,19780619,  284,    0
101812,19780620,  272,    0
101812,19780621,  282,    0
101812,19780622,  274,    0
101812,19780623,  286,    0
101812,19780624,  278,    0
101812,19780625,  280,    0
101812,19780626,  277,    0
101812,19780627,  272,    0
101812,19780628,  276,    0
101812,19780629,  271,    0
101812,19780630,  275,    0
101812,19780701,  262,    0
101812,19780702,  270,    0
101812,19780703,  253,    0
101812,19780704,  259,    0
101812,19780705,  273,    0
101812,19780706,  278,    0
101812,19780707,  277,    0
101812,19780708,  265,    0
101812,19780709,  276,    0
101812,19780710,  271,    0
101812,19780711,  266,    0
101812,19780712,  261,    0
101812,19780713,  263,    0
101812,19780714,  279,    0
101812,19780715,  285,    0
101812,19780716,  273,    0
101812,19780717,  270,    0
101812,19780718,  277,    0
101812,19780719,  283,    0
101812,19780720,  273,    0
101812,19780721,  265,    0
101812,19780722,  273,    0
101812,19780723,  278,    0
101812,19780724,  272,    0
101812,19780725,  278,    0
101812,19780726,  274,    0
101812,19780727,  282,    0
101812,19780728,  285,    0
101812,19780729,  279,    0
101812,19780730,  275,    0
101812,19780731,  285,    0
101812,19780801,  284,    0
101812,19780802,  278,    0
101812,19780803,  277,    0
101812,19780804,  251,    0
101812,19780805,  284,    0
101812,19780806,  253,    0
101812,19780807,  264,    0
101812,19780808,  271,    0
101812,19780809,  276,    0
101812,19780810,  272,    0
101812,19780811,  285,    0
101812,19780812,  272,    0
101812,19780813,  278,    0
101812,19780814,  279,    0
101812,19780815,  249,    0
101812,19780816,  255,    0
101812,19780817,  268,    0
101812,19780818,  275,    0
101812,19780819,  277,    0
101812,19780820,  266,    0
101812,19780821,  279,    0
101812,19780822,  275,    0
101812,19780823,  275,    0
101812,19780824,  279,    0
101812,19780825,  274,    0
101812,19780826,  278,    0
101812,19780827,  283,    0
101812,19780828,  279,    0
101812,19780829,  277,    0
101812,19780830,  282,    0
101812,19780831,  273,    0
101812,19780901,  278,    0
101812,19780902,  270,    0
101812,19780903,  279,    0
101812,19780904,  267,    0
101812,19780905,  271,    0
101812,19780906,  253,    0
101812,19780907,  271,    0
101812,19780908,  270,    0
101812,19780909,  265,    0
101812,19780910,  261,    0
101812,19780911,  261,    0
101812,19780912,  268,    0
101812,19780913,  279,    0
101812,19780914,  287,    0
101812,19780915,  279,    0
101812,19780916,  269,    0
101812,19780917,  277,    0
101812,19780918,  282,    0
101812,19780919,  280,    0
101812,19780920,  281,    0
101812,19780921,  271,    0
101812,19780922,  278,    0
101812,19780923,  281,    0
101812,19780924,  270,    0
101812,19780925,  262,    0
101812,19780926,  284,    0
101812,19780927,  286,    0
101812,19780928,  279,    0
101812,19780929,  267,    0
101812,19780930,  284,    0
101812,19781001,  271,    0
101812,19781002,  265,    0
101812,19781003,  277,    0
101812,19781004,  270,    0
101812,19781005,  277,    0
101812,19781006,  273,    0
101812,19781007,  275,    0
101812,19781008,  284,    0
101812,19781009,  278,    0
101812,19781010,  273,    0
101812,19781011,  278,    0
101812,19781012,  279,    0
101812,19781013,  272,    0
101812,19781014,  277,    0
101812,19781015,  270,    0
101812,19781016,  271,    0
101812,19781017,  274,    0
101812,19781018,  271,    0
101812,19781019,  277,    0
101812,19781020,  269,    0
101812,19781021,  270,    0
101812,19781022,  272,    0
101812,19781023,  266,    0
101812,19781024,  270,    0
101812,19781025,  276,    0
101812,19781026,  261,    0
101812,19781027,  255,    0
101812,19781028,  272,    0
101812,19781029,  261,    0
101812,19781030,  244,    0
101812,19781031,  245,    0
101812,19781101,  269,    0
101812,19781102,  252,    0
101812,19781103,  270,    0
101812,19781104,  277,    0
101812,19781105,  272,    0
101812,19781106,  266,    0
101812,19781107,  269,    0
101812,19781108,  269,    0
101812,19781109,  265,    0
101812,19781110,  276,    0
101812,19781111,  273,    0
101812,19781112,  269,    0
101812,19781113,  257,    0
101812,19781114,  266,    0
101812,19781115,  260,    0
101812,19781116,  271,    0
101812,19781117,  275,    0
101812,19781118,  267,    0
101812,19781119,  267,    0
101812,19781120,  257,    0
101812,19781121,  260,    0
101812,19781122,  261,    0
101812,19781123,  264,    0
101812,19781124,  265,    0
101812,19781125,  267,    0
101812,19781126,  260,    0
101812,19781127,  270,    0
101812,19781128,  261,    0
101812,19781129,  260,    0
101812,19781130,  255,    0
101812,19781201,  263,    0
101812,19781202,  245,    0
101812,19781203,  264,    0
101812,19781204,  255,    0
101812,19781205,  264,    0
101812,19781206,  244,    0
101812,19781207,  261,    0
101812,19781208,  264,    0
101812,19781209,  261,    0
101812,19781210,  264,    0
101812,19781211,  263,    0
101812,19781212,  259,    0
101812,19781213,  257,    0
101812,19781214,  252,    0
101812,19781215,  263,    0
101812,19781216,  255,    0
101812,19781217,  258,    0
101812,19781218,  259,    0
101812,19781219,  260,    0
101812,19781220,  254,    0
101812,19781221,  269,    0
101812,19781222,  258,    0
101812,19781223,  244,    0
101812,19781224,  257,    0
101812,19781225,  261,    0
101812,19781226,  264,    0
101812,19781227,  254,    0
101812,19781228,  262,    0
101812,19781229,  257,    0
101812,19781230,  256,    0
101812,19781231,  254,    0
101812,19790101,  253,    0
101812,19790102,  257,    0
101812,19790103,  252,    0
101812,19790104,  249,    0
101812,19790105,  266,    0
101812,19790106,  258,    0
101812,19790107,  263,    0
101812,19790108,  255,    0
101812,19790109,  251,    0
101812,19790110,  254,    0
101812,19790111,  256,    0
101812,19790112,  252,    0
101812,19790113,  259,    0
101812,19790114,  256,    0
101812,19790115,  254,    0
101812,19790116,  255,    0
101812,19790117,  256,    0
101812,19790118,  252,    0
101812,19790119,  263,    0
101812,19790120,  264,    0
101812,19790121,  256,    0
101812,19790122,  263,    0
101812,19790123,  264,    0
101812,19790124,  263,    0
101812,19790125,  266,    0
101812,19790126,  255,    0
101812,19790127,  257,    0
101812,19790128,  266,    0
101812,19790129,  265,    0
101812,19790130,  260,    0
101812,19790131,  264,    0
101812,19790201,  257,    0
101812,19790202,  259,    0
101812,19790203,  266,    0
101812,19790204,  267,    0
101812,19790205,  265,    0
101812,19790206,  266,    0
101812,19790207,  266,    0
101812,19790208,  267,    0
101812,19790209,  262,    0
101812,19790210,  257,    0
101812,19790211,  262,    0
101812,19790212,  269,    0
101812,19790213,  269,    0
101812,19790214,  269,    0
101812,19790215,  266,    0
101812,19790216,  265,    0
101812,19790217,  262,    0
101812,19790218,  272,    0
101812,19790219,  263,    0
101812,19790220,  270,    0
101812,19790221,  272,    0
101812,19790222,  267,    0
101812,19790223,  265,    0
101812,19790224,  276,    0
101812,19790225,  270,    0
101812,19790226,  263,    0
101812,19790227,  264,    0
101812,19790228,  268,    0
101812,19790301,  268,    0
101812,19790302,  254,    0
101812,19790303,  237,    0
101812,19790304,  265,    0
101812,19790305,  270,    0
101812,19790306,  272,    0
101812,19790307,  269,    0
101812,19790308,  269,    0
101812,19790309,  272,    0
101812,19790310,  283,    0
101812,19790311,  282,    0
101812,19790312,  270,    0
101812,19790313,  284,    0
101812,19790314,  281,    0
101812,19790315,  277,    0
101812,19790316,  277,    0
101812,19790317,  277,    0
101812,19790318,  276,    0
101812,19790319,  268,    0
101812,19790320,  285,    0
101812,19790321,  284,    0
101812,19790322,  281,    0
101812,19790323,  277,    0
101812,19790324,  279,    0
101812,19790325,  274,    0
101812,19790326,  274,    0
101812,19790327,  279,    0
101812,19790328,  278,    0
101812,19790329,  286,    0
101812,19790330,  281,    0
101812,19790331,  282,    0
101812,19790401,  285,    0
101812,19790402,  289,    0
101812,19790403,  286,    0
101812,19790404,  283,    0
101812,19790405,  288,    0
101812,19790406,  284,    0
101812,19790407,  288,    0
101812,19790408,  284,    0
101812,19790409,  283,    0
101812,19790410,  276,    0
101812,19790411,  278,    0
101812,19790412,  283,    0
101812,19790413,  251,    0
101812,19790414,  281,    0
101812,19790415,  277,    0
101812,19790416,  277,    0
101812,19790417,  284,    0
101812,19790418,  284,    0
101812,19790419,  286,    0
101812,19790420,  275,    0
101812,19790421,  287,    0
101812,19790422,  285,    0
101812,19790423,  268,    0
101812,19790424,  276,    0
101812,19790425,  271,    0
101812,19790426,  281,    0
101812,19790427,  277,    0
101812,19790428,  281,    0
101812,19790429,  275,    0
101812,19790430,  286,    0
101812,19790501,  284,    0
101812,19790502,  284,    0
101812,19790503,  288,    0
101812,19790504,  283,    0
101812,19790505,  283,    0
101812,19790506,  288,    0
101812,19790507,  285,    0
101812,19790508,  281,    0
101812,19790509,  290,    0
101812,19790510,  275,    0
101812,19790511,  280,    0
101812,19790512,  284,    0
101812,19790513,  280,    0
101812,19790514,  287,    0
101812,19790515,  290,    0
101812,19790516,  293,    0
101812,19790517,  293,    0
101812,19790518,  299,    0
101812,19790519,  302,    0
101812,19790520,  296,    0
101812,19790521,  286,    0
101812,19790522,  288,    0
101812,19790523,  283,    0
101812,19790524,  286,    0
101812,19790525,  277,    0
101812,19790526,  282,    0
101812,19790527,  288,    0
101812,19790528,  283,    0
101812,19790529,  297,    0
101812,19790530,  283,    0
101812,19790531,  278,    0
101812,19790601,  273,    0
101812,19790602,  288,    0
101812,19790603,  279,    0
101812,19790604,  271,    0
101812,19790605,  288,    0
101812,19790606,  281,    0
101812,19790607,  274,    0
101812,19790608,  270,    0
101812,19790609,  278,    0
101812,19790610,  275,    0
101812,19790611,  288,    0
101812,19790612,  271,    0
101812,19790613,  275,    0
101812,19790614,  280,    0
101812,19790615,  289,    0
101812,19790616,  282,    0
101812,19790617,  283,    0
101812,19790618,  262,    0
101812,19790619,  272,    0
101812,19790620,  286,    0
101812,19790621,  253,    0
101812,19790622,  273,    0
101812,19790623,  291,    0
101812,19790624,  298,    0
101812,19790625,  292,    0
101812,19790626,  274,    0
101812,19790627,  288,    0
101812,19790628,  288,    0
101812,19790629,  283,    0
101812,19790630,  267,    0
101812,19790701,  275,    0
101812,19790702,  285,    0
101812,19790703,  279,    0
101812,19790704,  286,    0
101812,19790705,  289,    0
101812,19790706,  283,    0
101812,19790707,  270,    0
101812,19790708,  273,    0
101812,19790709,  286,    0
101812,19790710,  277,    0
101812,19790711,  264,    0
101812,19790712,  286,    0
101812,19790713,  274,    0
101812,19790714,  271,    0
101812,19790715,  270,    0
101812,19790716,  269,    0
101812,19790717,  269,    0
101812,19790718,  276,    0
101812,19790719,  279,    0
101812,19790720,  267,    0
101812,19790721,  276,    0
101812,19790722,  266,    0
101812,19790723,  262,    0
101812,19790724,  273,    0
101812,19790725,  269,    0
101812,19790726,  271,    0
101812,19790727,  275,    0
101812,19790728,  283,    0
101812,19790729,  263,    0
101812,19790730,  282,    0
101812,19790731,  283,    0
101812,19790801,  283,    0
101812,19790802,  285,    0
101812,19790803,  284,    0
101812,19790804,  278,    0
101812,19790805,  281,    0
101812,19790806,  263,    0
101812,19790807,  282,    0
101812,19790808,  281,    0
101812,19790809,  283,    0
101812,19790810,  289,    0
101812,19790811,  288,    0
101812,19790812,  290,    0
101812,19790813,  285,    0
101812,19790814,  290,    0
101812,19790815,  290,    0
101812,19790816,  282,    0
101812,19790817,  285,    0
101812,19790818,  282,    0
101812,19790819,  277,    0
101812,19790820,  282,    0
101812,19790821,  280,    0
101812,19790822,  284,    0
101812,19790823,  278,    0
101812,19790824,  271,    0
101812,19790825,  275,    0
101812,19790826,  263,    0
101812,19790827,  278,    0
101812,19790828,  271,    0
101812,19790829,  270,    0
101812,19790830,  266,    0
101812,19790831,  279,    0
101812,19790901,  266,    0
101812,19790902,  270,    0
101812,19790903,  272,    0
101812,19790904,  272,    0
101812,19790905,  275,    0
101812,19790906,  274,    0
101812,19790907,  267,    0
101812,19790908,  263,    0
101812,19790909,  270,    0
101812,19790910,  271,    0
101812,19790911,  275,    0
101812,19790912,  271,    0
101812,19790913,  282,    0
101812,19790914,  276,    0
101812,19790915,  288,    0
101812,19790916,  284,    0
101812,19790917,  279,    0
101812,19790918,  277,    0
101812,19790919,  279,    0
101812,19790920,  279,    0
101812,19790921,  279,    0
101812,19790922,  270,    0
101812,19790923,  279,    0
101812,19790924,  275,    0
101812,19790925,  276,    0
101812,19790926,  283,    0
101812,19790927,  273,    0
101812,19790928,  271,    0
101812,19790929,  284,    0
101812,19790930,  273,    0
101812,19791001,  277,    0
101812,19791002,  279,    0
101812,19791003,  278,    0
101812,19791004,  270,    0
101812,19791005,  281,    0
101812,19791006,  277,    0
101812,19791007,  271,    0
101812,19791008,  271,    0
101812,19791009,  273,    0
101812,19791010,  277,    0
101812,19791011,  268,    0
101812,19791012,  266,    0
101812,19791013,  290,    0
101812,19791014,  284,    0
101812,19791015,  283,    0
101812,19791016,  280,    0
101812,19791017,  276,    0
101812,19791018,  267,    0
101812,19791019,  261,    0
101812,19791020,  271,    0
101812,19791021,  265,    0
101812,19791022,  253,    0
101812,19791023,  271,    0
101812,19791024,  260,    0
101812,19791025,  281,    0
101812,19791026,  270,    0
101812,19791027,  271,    0
101812,19791028,  270,    0
101812,19791029,  272,    0
101812,19791030,  265,    0
101812,19791031,  265,    0
101812,19791101,  262,    0
101812,19791102,  268,    0
101812,19791103,  276,    0
101812,19791104,  272,    0
101812,19791105,  270,    0
101812,19791106,  268,    0
101812,19791107,  264,    0
101812,19791108,  268,    0
101812,19791109,  269,    0
101812,19791110,  274,    0
101812,19791111,  265,    0
101812,19791112,  272,    0
101812,19791113,  258,    0
101812,19791114,  256,    0
101812,19791115,  258,    0
101812,19791116,  246,    0
101812,19791117,  255,    0
101812,19791118,  251,    0
101812,19791119,  268,    0
101812,19791120,  242,    0
101812,19791121,  267,    0
101812,19791122,  251,    0
101812,19791123,  243,    0
101812,19791124,  244,    0
101812,19791125,  252,    0
101812,19791126,  258,    0
101812,19791127,  232,    0
101812,19791128,  233,    0
101812,19791129,  261,    0
101812,19791130,  259,    0
101812,19791201,  256,    0
101812,19791202,  254,    0
101812,19791203,  265,    0
101812,19791204,  261,    0
101812,19791205,  251,    0
101812,19791206,  238,    0
101812,19791207,  264,    0
101812,19791208,  256,    0
101812,19791209,  261,    0
101812,19791210,  263,    0
101812,19791211,  256,    0
101812,19791212,  256,    0
101812,19791213,  262,    0
101812,19791214,  259,    0
101812,19791215,  262,    0
101812,19791216,  246,    0
101812,19791217,  256,    0
101812,19791218,  257,    0
101812,19791219,  261,    0
101812,19791220,  256,    0
101812,19791221,  256,    0
101812,19791222,  266,    0
101812,19791223,  255,    0
101812,19791224,  257,    0
101812,19791225,  258,    0
101812,19791226,  246,    0
101812,19791227,  252,    0
101812,19791228,  252,    0
101812,19791229,  261,    0
101812,19791230,  258,    0
101812,19791231,  260,    0
101812,19800101,  256,    0
101812,19800102,  260,    0
101812,19800103,  259,    0
101812,19800104,  246,    0
101812,19800105,  248,    0
101812,19800106,  250,    0
101812,19800107,  249,    0
101812,19800108,  256,    0
101812,19800109,  256,    0
101812,19800110,  261,    0
101812,19800111,  257,    0
101812,19800112,  261,    0
101812,19800113,  264,    0
101812,19800114,  263,    0
101812,19800115,  260,    0
101812,19800116,  259,    0
101812,19800117,  254,    0
101812,19800118,  257,    0
101812,19800119,  259,    0
101812,19800120,  262,    0
101812,19800121,  253,    0
101812,19800122,  249,    0
101812,19800123,  243,    0
101812,19800124,  249,    0
101812,19800125,  260,    0
101812,19800126,  268,    0
101812,19800127,  269,    0
101812,19800128,  277,    0
101812,19800129,  272,    0
101812,19800130,  274,    0
101812,19800131,  270,    0
101812,19800201,  264,    0
101812,19800202,  268,    0
101812,19800203,  265,    0
101812,19800204,  276,    0
101812,19800205,  276,    0
101812,19800206,  266,    0
101812,19800207,  265,    0
101812,19800208,  262,    0
101812,19800209,  259,    0
101812,19800210,  259,    0
101812,19800211,  254,    0
101812,19800212,  263,    0
101812,19800213,  258,    0
101812,19800214,  256,    0
101812,19800215,  265,    0
101812,19800216,  265,    0
101812,19800217,  263,    0
101812,19800218,  270,    0
101812,19800219,  266,    0
101812,19800220,  268,    0
101812,19800221,  272,    0
101812,19800222,  265,    0
101812,19800223,  264,    0
101812,19800224,  268,    0
101812,19800225,  272,    0
101812,19800226,  278,    0
101812,19800227,  274,    0
101812,19800228,  269,    0
101812,19800229,  265,    0
101812,19800301,  262,    0
101812,19800302,  275,    0
101812,19800303,  278,    0
101812,19800304,  274,    0
101812,19800305,  270,    0
101812,19800306,  272,    0
101812,19800307,  275,    0
101812,19800308,  277,    0
101812,19800309,  286,    0
101812,19800310,  274,    0
101812,19800311,  266,    0
101812,19800312,  279,    0
101812,19800313,  267,    0
101812,19800314,  281,    0
101812,19800315,  266,    0
101812,19800316,  266,    0
101812,19800317,  265,    0
101812,19800318,  278,    0
101812,19800319,  280,    0
101812,19800320,  274,    0
101812,19800321,  272,    0
101812,19800322,  274,    0
101812,19800323,  276,    0
101812,19800324,  275,    0
101812,19800325,  269,    0
101812,19800326,  272,    0
101812,19800327,  277,    0
101812,19800328,  283,    0
101812,19800329,  287,    0
101812,19800330,  291,    0
101812,19800331,  282,    0
101812,19800401,  282,    0
101812,19800402,  278,    0
101812,19800403,  272,    0
101812,19800404,  284,    0
101812,19800405,  284,    0
101812,19800406,  278,    0
101812,19800407,  281,    0
101812,19800408,  283,    0
101812,19800409,  276,    0
101812,19800410,  287,    0
101812,19800411,  277,    0
101812,19800412,  287,    0
101812,19800413,  289,    0
101812,19800414,  284,    0
101812,19800415,  275,    0
101812,19800416,  287,    0
101812,19800417,  286,    0
101812,19800418,  286,    0
101812,19800419,  255,    0
101812,19800420,  282,    0
101812,19800421,  278,    0
101812,19800422,  284,    0
101812,19800423,  283,    0
101812,19800424,  279,    0
101812,19800425,  276,    0
101812,19800426,  277,    0
101812,19800427,  288,    0
101812,19800428,  267,    0
101812,19800429,  284,    0
101812,19800430,  281,    0
101812,19800501,  291,    0
101812,19800502,  285,    0
101812,19800503,  287,    0
101812,19800504,  286,    0
101812,19800505,  296,    0
101812,19800506,  269,    0
101812,19800507,  286,    0
101812,19800508,  281,    0
101812,19800509,  291,    0
101812,19800510,  286,    0
101812,19800511,  275,    0
101812,19800512,  282,    0
101812,19800513,  295,    0
101812,19800514,  292,    0
101812,19800515,  283,    0
101812,19800516,  294,    0
101812,19800517,  284,    0
101812,19800518,  289,    0
101812,19800519,  287,    0
101812,19800520,  292,    0
101812,19800521,  292,    0
101812,19800522,  290,    0
101812,19800523,  286,    0
101812,19800524,  290,    0
101812,19800525,  292,    0
101812,19800526,  286,    0
101812,19800527,  288,    0
101812,19800528,  281,    0
101812,19800529,  284,    0
101812,19800530,  274,    0
101812,19800531,  281,    0
101812,19800601,  289,    0
101812,19800602,  288,    0
101812,19800603,  280,    0
101812,19800604,  289,    0
101812,19800605,  284,    0
101812,19800606,  285,    0
101812,19800607,  285,    0
101812,19800608,  268,    0
101812,19800609,  282,    0
101812,19800610,  289,    0
101812,19800611,  285,    0
101812,19800612,  287,    0
101812,19800613,  287,    0
101812,19800614,  283,    0
101812,19800615,  278,    0
101812,19800616,  278,    0
101812,19800617,  287,    0
101812,19800618,  285,    0
101812,19800619,  286,    0
101812,19800620,  285,    0
101812,19800621,  277,    0
101812,19800622,  283,    0
101812,19800623,  279,    0
101812,19800624,  285,    0
101812,19800625,  292,    0
101812,19800626,  282,    0
101812,19800627,  278,    0
101812,19800628,  279,    0
101812,19800629,  281,    0
101812,19800630,  276,    0
101812,19800701,  283,    0
101812,19800702,  282,    0
101812,19800703,  295,    0
101812,19800704,  290,    0
101812,19800705,  265,    0
101812,19800706,  278,    0
101812,19800707,  276,    0
101812,19800708,  284,    0
101812,19800709,  284,    0
101812,19800710,  282,    0
101812,19800711,  287,    0
101812,19800712,  283,    0
101812,19800713,  285,    0
101812,19800714,  288,    0
101812,19800715,  273,    0
101812,19800716,  279,    0
101812,19800717,  273,    0
101812,19800718,  281,    0
101812,19800719,  283,    0
101812,19800720,  278,    0
101812,19800721,  280,    0
101812,19800722,  282,    0
101812,19800723,  269,    0
101812,19800724,  273,    0
101812,19800725,  268,    0
101812,19800726,  276,    0
101812,19800727,  280,    0
101812,19800728,  284,    0
101812,19800729,  282,    0
101812,19800730,  272,    0
101812,19800731,  279,    0
101812,19800801,  273,    0
101812,19800802,  273,    0
101812,19800803,  280,    0
101812,19800804,  272,    0
101812,19800805,  266,    0
101812,19800806,  278,    0
101812,19800807,  271,    0
101812,19800808,  274,    0
101812,19800809,  276,    0
101812,19800810,  267,    0
101812,19800811,  270,    0
101812,19800812,  270,    0
101812,19800813,  278,    0
101812,19800814,  278,    0
101812,19800815,  274,    0
101812,19800816,  282,    0
101812,19800817,  280,    0
101812,19800818,  280,    0
101812,19800819,  281,    0
101812,19800820,  279,    0
101812,19800821,  282,    0
101812,19800822,  278,    0
101812,19800823,  282,    0
101812,19800824,  281,    0
101812,19800825,  272,    0
101812,19800826,  268,    0
101812,19800827,  286,    0
101812,19800828,  272,    0
101812,19800829,  287,    0
101812,19800830,  278,    0
101812,19800831,  288,    0
101812,19800901,  279,    0
101812,19800902,  292,    0
101812,19800903,  281,    0
101812,19800904,  285,    0
101812,19800905,  266,    0
101812,19800906,  273,    0
101812,19800907,  283,    0
101812,19800908,  251,    0
101812,19800909,  280,    0
101812,19800910,  277,    0
101812,19800911,  280,    0
101812,19800912,  279,    0
101812,19800913,  288,    0
101812,19800914,  285,    0
101812,19800915,  291,    0
101812,19800916,  288,    0
101812,19800917,  288,    0
101812,19800918,  285,    0
101812,19800919,  274,    0
101812,19800920,  281,    0
101812,19800921,  277,    0
101812,19800922,  276,    0
101812,19800923,  258,    0
101812,19800924,  275,    0
101812,19800925,  287,    0
101812,19800926,  289,    0
101812,19800927,  275,    0
101812,19800928,  280,    0
101812,19800929,  272,    0
101812,19800930,  270,    0
101812,19801001,  284,    0
101812,19801002,  273,    0
101812,19801003,  284,    0
101812,19801004,  278,    0
101812,19801005,  259,    0
101812,19801006,  284,    0
101812,19801007,  283,    0
101812,19801008,  266,    0
101812,19801009,  274,    0
101812,19801010,  272,    0
101812,19801011,  281,    0
101812,19801012,  279,    0
101812,19801013,  275,    0
101812,19801014,  279,    0
101812,19801015,  280,    0
101812,19801016,  279,    0
101812,19801017,  275,    0
101812,19801018,  262,    0
101812,19801019,  262,    0
101812,19801020,  283,    0
101812,19801021,  279,    0
101812,19801022,  282,    0
101812,19801023,  281,    0
101812,19801024,  284,    0
101812,19801025,  285,    0
101812,19801026,  275,    0
101812,19801027,  283,    0
101812,19801028,  288,    0
101812,19801029,  278,    0
101812,19801030,  269,    0
101812,19801031,  275,    0
101812,19801101,  277,    0
101812,19801102,  285,    0
101812,19801103,  269,    0
101812,19801104,  265,    0
101812,19801105,  268,    0
101812,19801106,  268,    0
101812,19801107,  268,    0
101812,19801108,  264,    0
101812,19801109,  273,    0
101812,19801110,  252,    0
101812,19801111,  266,    0
101812,19801112,  281,    0
101812,19801113,  267,    0
101812,19801114,  272,    0
101812,19801115,  281,    0
101812,19801116,  270,    0
101812,19801117,  280,    0
101812,19801118,  269,    0
101812,19801119,  272,    0
101812,19801120,  271,    0
101812,19801121,  252,    0
101812,19801122,  267,    0
101812,19801123,  266,    0
101812,19801124,  265,    0
101812,19801125,  258,    0
101812,19801126,  274,    0
101812,19801127,  266,    0
101812,19801128,  261,    0
101812,19801129,  273,    0
101812,19801130,  257,    0
101812,19801201,  269,    0
101812,19801202,  272,    0
101812,19801203,  267,    0
101812,19801204,  265,    0
101812,19801205,  270,    0
101812,19801206,  256,    0
101812,19801207,  269,    0
101812,19801208,  271,    0
101812,19801209,  248,    0
101812,19801210,  257,    0
101812,19801211,  262,    0
101812,19801212,  268,    0
101812,19801213,  260,    0
101812,19801214,  264,    0
101812,19801215,  271,    0
101812,19801216,  269,    0
101812,19801217,  252,    0
101812,19801218,  241,    0
101812,19801219,  241,    0
101812,19801220,  240,    0
101812,19801221,  260,    0
101812,19801222,  259,    0
101812,19801223,  259,    0
101812,19801224,  245,    0
101812,19801225,  256,    0
101812,19801226,  261,    0
101812,19801227,  270,    0
101812,19801228,  251,    0
101812,19801229,  248,    0
101812,19801230,  257,    0
101812,19801231,  255,    0
101812,19810101,  266,    0
101812,19810102,  258,    0
101812,19810103,  264,    0
101812,19810104,  260,    0
101812,19810105,  255,    0
101812,19810106,  264,    0
101812,19810107,  261,    0
101812,19810108,  256,    0
101812,19810109,  254,    0
101812,19810110,  254,    0
101812,19810111,  259,    0
101812,19810112,  242,    0
101812,19810113,  254,    0
101812,19810114,  248,    0
101812,19810115,  254,    0
101812,19810116,  247,    0
101812,19810117,  250,    0
101812,19810118,  254,    0
101812,19810119,  251,    0
101812,19810120,  250,    0
101812,19810121,  253,    0
101812,19810122,  261,    0
101812,19810123,  257,    0
101812,19810124,  258,    0
101812,19810125,  258,    0
101812,19810126,  252,    0
101812,19810127,  250,    0
101812,19810128,  259,    0
101812,19810129,  260,    0
101812,19810130,  273,    0
101812,19810131,  249,    0
101812,19810201,  244,    0
101812,19810202,  256,    0
101812,19810203,  256,    0
101812,19810204,  264,    0
101812,19810205,  260,    0
101812,19810206,  262,    0
101812,19810207,  262,    0
101812,19810208,  250,    0
101812,19810209,  259,    0
101812,19810210,  248,    0
101812,19810211,  250,    0
101812,19810212,  264,    0
101812,19810213,  255,    0
101812,19810214,  274,    0
101812,19810215,  266,    0
101812,19810216,  272,    0
101812,19810217,  273,    0
101812,19810218,  270,    0
101812,19810219,  271,    0
101812,19810220,  268,    0
101812,19810221,  261,    0
101812,19810222,  270,    0
101812,19810223,  275,    0
101812,19810224,  269,    0
101812,19810225,  277,    0
101812,19810226,  265,    0
101812,19810227,  257,    0
101812,19810228,  260,    0
101812,19810301,  259,    0
101812,19810302,  261,    0
101812,19810303,  262,    0
101812,19810304,  263,    0
101812,19810305,  268,    0
101812,19810306,  271,    0
101812,19810307,  263,    0
101812,19810308,  244,    0
101812,19810309,  260,    0
101812,19810310,  267,    0
101812,19810311,  264,    0
101812,19810312,  269,    0
101812,19810313,  274,    0
101812,19810314,  278,    0
101812,19810315,  279,    0
101812,19810316,  280,    0
101812,19810317,  267,    0
101812,19810318,  270,    0
101812,19810319,  272,    0
101812,19810320,  284,    0
101812,19810321,  285,    0
101812,19810322,  280,    0
101812,19810323,  279,    0
101812,19810324,  282,    0
101812,19810325,  280,    0
101812,19810326,  287,    0
101812,19810327,  280,    0
101812,19810328,  287,    0
101812,19810329,  280,    0
101812,19810330,  284,    0
101812,19810331,  270,    0
101812,19810401,  280,    0
101812,19810402,  269,    0
101812,19810403,  280,    0
101812,19810404,  284,    0
101812,19810405,  284,    0
101812,19810406,  284,    0
101812,19810407,  281,    0
101812,19810408,  271,    0
101812,19810409,  283,    0
101812,19810410,  275,    0
101812,19810411,  258,    0
101812,19810412,  273,    0
101812,19810413,  281,    0
101812,19810414,  282,    0
101812,19810415,  276,    0
101812,19810416,  268,    0
101812,19810417,  278,    0
101812,19810418,  283,    0
101812,19810419,  283,    0
101812,19810420,  287,    0
101812,19810421,  287,    0
101812,19810422,  277,    0
101812,19810423,  282,    0
101812,19810424,  280,    0
101812,19810425,  279,    0
101812,19810426,  285,    0
101812,19810427,  289,    0
101812,19810428,  284,    0
101812,19810429,  282,    0
101812,19810430,  278,    0
101812,19810501,  288,    0
101812,19810502,  276,    0
101812,19810503,  281,    0
101812,19810504,  281,    0
101812,19810505,  286,    0
101812,19810506,  288,    0
101812,19810507,  279,    0
101812,19810508,  271,    0
101812,19810509,  284,    0
101812,19810510,  285,    0
101812,19810511,  295,    0
101812,19810512,  288,    0
101812,19810513,  291,    0
101812,19810514,  298,    0
101812,19810515,  282,    0
101812,19810516,  293,    0
101812,19810517,  279,    0
101812,19810518,  288,    0
101812,19810519,  286,    0
101812,19810520,  290,    0
101812,19810521,  287,    0
101812,19810522,  295,    0
101812,19810523,  277,    0
101812,19810524,  281,    0
101812,19810525,  270,    0
101812,19810526,  273,    0
101812,19810527,  278,    0
101812,19810528,  287,    0
101812,19810529,  282,    0
101812,19810530,  277,    0
101812,19810531,  287,    0
101812,19810601,  284,    0
101812,19810602,  285,    0
101812,19810603,  278,    0
101812,19810604,  289,    0
101812,19810605,  278,    0
101812,19810606,  288,    0
101812,19810607,  285,    0
101812,19810608,  283,    0
101812,19810609,  282,    0
101812,19810610,  279,    0
101812,19810611,  281,    0
101812,19810612,  291,    0
101812,19810613,  291,    0
101812,19810614,  292,    0
101812,19810615,  292,    0
101812,19810616,  288,    0
101812,19810617,  278,    0
101812,19810618,  290,    0
101812,19810619,  279,    0
101812,19810620,  285,    0
101812,19810621,  283,    0
101812,19810622,  288,    0
101812,19810623,  287,    0
101812,19810624,  288,    0
101812,19810625,  289,    0
101812,19810626,  277,    0
101812,19810627,  273,    0
101812,19810628,  275,    0
101812,19810629,  261,    0
101812,19810630,  283,    0
101812,19810701,  286,    0
101812,19810702,  291,    0
101812,19810703,  286,    0
101812,19810704,  287,    0
101812,19810705,  284,    0
101812,19810706,  288,    0
101812,19810707,  290,    0
101812,19810708,  290,    0
101812,19810709,  276,    0
101812,19810710,  268,    0
101812,19810711,  274,    0
101812,19810712,  265,    0
101812,19810713,  275,    0
101812,19810714,  294,    0
101812,19810715,  277,    0
101812,19810716,  283,    0
101812,19810717,  288,    0
101812,19810718,  287,    0
101812,19810719,  288,    0
101812,19810720,  279,    0
101812,19810721,  285,    0
101812,19810722,  284,    0
101812,19810723,  274,    0
101812,19810724,  283,    0
101812,19810725,  261,    0
101812,19810726,  270,    0
101812,19810727,  283,    0
101812,19810728,  281,    0
101812,19810729,  282,    0
101812,19810730,  275,    0
101812,19810731,  278,    0
101812,19810801,  278,    0
101812,19810802,  298,    0
101812,19810803,  289,    0
101812,19810804,  287,    0
101812,19810805,  289,    0
101812,19810806,  293,    0
101812,19810807,  285,    0
101812,19810808,  292,    0
101812,19810809,  287,    0
101812,19810810,  290,    0
101812,19810811,  288,    0
101812,19810812,  278,    0
101812,19810813,  281,    0
101812,19810814,  289,    0
101812,19810815,  294,    0
101812,19810816,  293,    0
101812,19810817,  291,    0
101812,19810818,  282,    0
101812,19810819,  280,    0
101812,19810820,  281,    0
101812,19810821,  284,    0
101812,19810822,  288,    0
101812,19810823,  272,    0
101812,19810824,  286,    0
101812,19810825,  280,    0
101812,19810826,  279,    0
101812,19810827,  271,    0
101812,19810828,  280,    0
101812,19810829,  277,    0
101812,19810830,  282,    0
101812,19810831,  281,    0
101812,19810901,  278,    0
101812,19810902,  283,    0
101812,19810903,  265,    0
101812,19810904,  275,    0
101812,19810905,  278,    0
101812,19810906,  281,    0
101812,19810907,  283,    0
101812,19810908,  276,    0
101812,19810909,  275,    0
101812,19810910,  269,    0
101812,19810911,  267,    0
101812,19810912,  267,    0
101812,19810913,  270,    0
101812,19810914,  255,    0
101812,19810915,  279,    0
101812,19810916,  277,    0
101812,19810917,  275,    0
101812,19810918,  273,    0
101812,19810919,  268,    0
101812,19810920,  288,    0
101812,19810921,  287,    0
101812,19810922,  280,    0
101812,19810923,  283,    0
101812,19810924,  280,    0
101812,19810925,  281,    0
101812,19810926,  284,    0
101812,19810927,  287,    0
101812,19810928,  278,    0
101812,19810929,  286,    0
101812,19810930,  280,    0
101812,19811001,  283,    0
101812,19811002,  283,    0
101812,19811003,  289,    0
101812,19811004,  290,    0
101812,19811005,  280,    0
101812,19811006,  277,    0
101812,19811007,  275,    0
101812,19811008,  272,    0
101812,19811009,  289,    0
101812,19811010,  278,    0
101812,19811011,  284,    0
101812,19811012,  280,    0
101812,19811013,  269,    0
101812,19811014,  285,    0
101812,19811015,  278,    0
101812,19811016,  272,    0
101812,19811017,  277,    0
101812,19811018,  275,    0
101812,19811019,  283,    0
101812,19811020,  275,    0
101812,19811021,  277,    0
101812,19811022,  277,    0
101812,19811023,  277,    0
101812,19811024,  274,    0
101812,19811025,  282,    0
101812,19811026,  273,    0
101812,19811027,  265,    0
101812,19811028,  278,    0
101812,19811029,  286,    0
101812,19811030,  286,    0
101812,19811031,  271,    0
101812,19811101,  284,    0
101812,19811102,  266,    0
101812,19811103,  263,    0
101812,19811104,  253,    0
101812,19811105,  265,    0
101812,19811106,  277,    0
101812,19811107,  259,    0
101812,19811108,  281,    0
101812,19811109,  280,    0
101812,19811110,  277,    0
101812,19811111,  273,    0
101812,19811112,  269,    0
101812,19811113,  262,    0
101812,19811114,  278,    0
101812,19811115,  272,    0
101812,19811116,  263,    0
101812,19811117,  271,    0
101812,19811118,  274,    0
101812,19811119,  261,    0
101812,19811120,  273,    0
101812,19811121,  279,    0
101812,19811122,  267,    0
101812,19811123,  279,    0
101812,19811124,  274,    0
101812,19811125,  271,    0
101812,19811126,  276,    0
101812,19811127,  262,    0
101812,19811128,  260,    0
101812,19811129,  259,    0
101812,19811130,  241,    0
101812,19811201,  247,    0
101812,19811202,  266,    0
101812,19811203,  255,    0
101812,19811204,  265,    0
101812,19811205,  252,    0
101812,19811206,  262,    0
101812,19811207,  267,    0
101812,19811208,  256,    0
101812,19811209,  270,    0
101812,19811210,  260,    0
101812,19811211,  256,    0
101812,19811212,  243,    0
101812,19811213,  257,    0
101812,19811214,  245,    0
101812,19811215,  244,    0
101812,19811216,  245,    0
101812,19811217,  256,    0
101812,19811218,  259,    0
101812,19811219,  252,    0
101812,19811220,  254,    0
101812,19811221,  250,    0
101812,19811222,  252,    0
101812,19811223,  245,    0
101812,19811224,  248,    0
101812,19811225,  260,    0
101812,19811226,  255,    0
101812,19811227,  249,    0
101812,19811228,  259,    0
101812,19811229,  258,    0
101812,19811230,  266,    0
101812,19811231,  261,    0
101812,19820101,  268,    0
101812,19820102,  259,    0
101812,19820103,  260,    0
101812,19820104,  261,    0
101812,19820105,  267,    0
101812,19820106,  248,    0
101812,19820107,  250,    0
101812,19820108,  251,    0
101812,19820109,  251,    0
101812,19820110,  244,    0
101812,19820111,  253,    0
101812,19820112,  256,    0
101812,19820113,  261,    0
101812,19820114,  243,    0
101812,19820115,  260,    0
101812,19820116,  258,    0
101812,19820117,  241,    0
101812,19820118,  249,    0
101812,19820119,  253,    0
101812,19820120,  261,    0
101812,19820121,  259,    0
101812,19820122,  264,    0
101812,19820123,  267,    0
101812,19820124,  254,    0
101812,19820125,  259,    0
101812,19820126,  260,    0
101812,19820127,  254,    0
101812,19820128,  256,    0
101812,19820129,  258,    0
101812,19820130,  263,    0
101812,19820131,  258,    0
101812,19820201,  263,    0
101812,19820202,  266,    0
101812,19820203,  258,    0
101812,19820204,  255,    0
101812,19820205,  259,    0
101812,19820206,  256,    0
101812,19820207,  264,    0
101812,19820208,  259,    0
101812,19820209,  261,    0
101812,19820210,  266,    0
101812,19820211,  269,    0
101812,19820212,  261,    0
101812,19820213,  262,    0
101812,19820214,  262,    0
101812,19820215,  265,    0
101812,19820216,  258,    0
101812,19820217,  262,    0
101812,19820218,  264,    0
101812,19820219,  270,    0
101812,19820220,  265,    0
101812,19820221,  259,    0
101812,19820222,  273,    0
101812,19820223,  272,    0
101812,19820224,  282,    0
101812,19820225,  268,    0
101812,19820226,  269,    0
101812,19820227,  279,    0
101812,19820228,  280,    0
101812,19820301,  276,    0
101812,19820302,  279,    0
101812,19820303,  271,    0
101812,19820304,  275,    0
101812,19820305,  278,    0
101812,19820306,  280,    0
101812,19820307,  278,    0
101812,19820308,  274,    0
101812,19820309,  283,    0
101812,19820310,  285,    0
101812,19820311,  280,    0
101812,19820312,  269,    0
101812,19820313,  275,    0
101812,19820314,  275,    0
101812,19820315,  273,    0
101812,19820316,  277,    0
101812,19820317,  264,    0
101812,19820318,  276,    0
101812,19820319,  274,    0
101812,19820320,  282,    0
101812,19820321,  273,    0
101812,19820322,  274,    0
101812,19820323,  279,    0
101812,19820324,  279,    0
101812,19820325,  295,    0
101812,19820326,  277,    0
101812,19820327,  286,    0
101812,19820328,  271,    0
101812,19820329,  273,    0
101812,19820330,  276,    0
101812,19820331,  272,    0
101812,19820401,  284,    0
101812,19820402,  281,    0
101812,19820403,  273,    0
101812,19820404,  285,    0
101812,19820405,  272,    0
101812,19820406,  266,    0
101812,19820407,  272,    0
101812,19820408,  252,    0
101812,19820409,  265,    0
101812,19820410,  261,    0
101812,19820411,  252,    0
101812,19820412,  270,    0
101812,19820413,  271,    0
101812,19820414,  268,    0
101812,19820415,  266,    0
101812,19820416,  273,    0
101812,19820417,  277,    0
101812,19820418,  273,    0
101812,19820419,  272,    0
101812,19820420,  277,    0
101812,19820421,  282,    0
101812,19820422,  280,    0
101812,19820423,  282,    0
101812,19820424,  282,    0
101812,19820425,  283,    0
101812,19820426,  290,    0
101812,19820427,  288,    0
101812,19820428,  281,    0
101812,19820429,  285,    0
101812,19820430,  284,    0
101812,19820501,  284,    0
101812,19820502,  283,    0
101812,19820503,  291,    0
101812,19820504,  289,    0
101812,19820505,  274,    0
101812,19820506,  281,    0
101812,19820507,  284,    0
101812,19820508,  284,    0
101812,19820509,  281,    0
101812,19820510,  284,    0
101812,19820511,  287,    0
101812,19820512,  279,    0
101812,19820513,  283,    0
101812,19820514,  280,    0
101812,19820515,  272,    0
101812,19820516,  274,    0
101812,19820517,  281,    0
101812,19820518,  278,    0
101812,19820519,  285,    0
101812,19820520,  286,    0
101812,19820521,  286,    0
101812,19820522,  290,    0
101812,19820523,  279,    0
101812,19820524,  277,    0
101812,19820525,  284,    0
101812,19820526,  277,    0
101812,19820527,  278,    0
101812,19820528,  289,    0
101812,19820529,  288,    0
101812,19820530,  273,    0
101812,19820531,  290,    0
101812,19820601,  279,    0
101812,19820602,  287,    0
101812,19820603,  286,    0
101812,19820604,  283,    0
101812,19820605,  284,    0
101812,19820606,  282,    0
101812,19820607,  289,    0
101812,19820608,  295,    0
101812,19820609,  284,    0
101812,19820610,  295,    0
101812,19820611,  274,    0
101812,19820612,  287,    0
101812,19820613,  282,    0
101812,19820614,  277,    0
101812,19820615,  287,    0
101812,19820616,  269,    0
101812,19820617,  277,    0
101812,19820618,  287,    0
101812,19820619,  287,    0
101812,19820620,  280,    0
101812,19820621,  280,    0
101812,19820622,  280,    0
101812,19820623,  280,    0
101812,19820624,  293,    0
101812,19820625,  284,    0
101812,19820626,  282,    0
101812,19820627,  273,    0
101812,19820628,  272,    0
101812,19820629,  275,    0
101812,19820630,  282,    0
101812,19820701,  289,    0
101812,19820702,  287,    0
101812,19820703,  288,    0
101812,19820704,  273,    0
101812,19820705,  273,    0
101812,19820706,  281,    0
101812,19820707,  271,    0
101812,19820708,  273,    0
101812,19820709,  274,    0
101812,19820710,  275,    0
101812,19820711,  276,    0
101812,19820712,  271,    0
101812,19820713,  279,    0
101812,19820714,  273,    0
101812,19820715,  281,    0
101812,19820716,  279,    0
101812,19820717,  266,    0
101812,19820718,  251,    0
101812,19820719,  277,    0
101812,19820720,  258,    0
101812,19820721,  269,    0
101812,19820722,  276,    0
101812,19820723,  280,    0
101812,19820724,  280,    0
101812,19820725,  274,    0
101812,19820726,  268,    0
101812,19820727,  280,    0
101812,19820728,  271,    0
101812,19820729,  274,    0
101812,19820730,  275,    0
101812,19820731,  279,    0
101812,19820801,  279,    0
101812,19820802,  287,    0
101812,19820803,  274,    0
101812,19820804,  281,    0
101812,19820805,  283,    0
101812,19820806,  279,    0
101812,19820807,  278,    0
101812,19820808,  285,    0
101812,19820809,  265,    0
101812,19820810,  272,    0
101812,19820811,  271,    0
101812,19820812,  268,    0
101812,19820813,  277,    0
101812,19820814,  281,    0
101812,19820815,  278,    0
101812,19820816,  273,    0
101812,19820817,  279,    0
101812,19820818,  266,    0
101812,19820819,  280,    0
101812,19820820,  280,    0
101812,19820821,  281,    0
101812,19820822,  257,    0
101812,19820823,  273,    0
101812,19820824,  264,    0
101812,19820825,  275,    0
101812,19820826,  281,    0
101812,19820827,  263,    0
101812,19820828,  278,    0
101812,19820829,  265,    0
101812,19820830,  270,    0
101812,19820831,  269,    0
101812,19820901,  271,    0
101812,19820902,  265,    0
101812,19820903,  284,    0
101812,19820904,  274,    0
101812,19820905,  280,    0
101812,19820906,  283,    0
101812,19820907,  281,    0
101812,19820908,  279,    0
101812,19820909,  275,    0
101812,19820910,  291,    0
101812,19820911,  278,    0
101812,19820912,  277,    0
101812,19820913,  282,    0
101812,19820914,  283,    0
101812,19820915,  275,    0
101812,19820916,  270,    0
101812,19820917,  277,    0
101812,19820918,  276,    0
101812,19820919,  277,    0
101812,19820920,  276,    0
101812,19820921,  282,    0
101812,19820922,  281,    0
101812,19820923,  275,    0
101812,19820924,  269,    0
101812,19820925,  275,    0
101812,19820926,  276,    0
101812,19820927,  278,    0
101812,19820928,  276,    0
101812,19820929,  275,    0
101812,19820930,  277,    0
101812,19821001,  276,    0
101812,19821002,  280,    0
101812,19821003,  271,    0
101812,19821004,  272,    0
101812,19821005,  279,    0
101812,19821006,  279,    0
101812,19821007,  272,    0
101812,19821008,  276,    0
101812,19821009,  272,    0
101812,19821010,  275,    0
101812,19821011,  286,    0
101812,19821012,  277,    0
101812,19821013,  274,    0
101812,19821014,  265,    0
101812,19821015,  268,    0
101812,19821016,  274,    0
101812,19821017,  280,    0
101812,19821018,  276,    0
101812,19821019,  272,    0
101812,19821020,  281,    0
101812,19821021,  276,    0
101812,19821022,  279,    0
101812,19821023,  272,    0
101812,19821024,  267,    0
101812,19821025,  281,    0
101812,19821026,  276,    0
101812,19821027,  273,    0
101812,19821028,  254,    0
101812,19821029,  275,    0
101812,19821030,  274,    0
101812,19821031,  278,    0
101812,19821101,  268,    0
101812,19821102,  265,    0
101812,19821103,  267,    0
101812,19821104,  272,    0
101812,19821105,  278,    0
101812,19821106,  273,    0
101812,19821107,  276,    0
101812,19821108,  268,    0
101812,19821109,  277,    0
101812,19821110,  281,    0
101812,19821111,  267,    0
101812,19821112,  273,    0
101812,19821113,  275,    0
101812,19821114,  271,    0
101812,19821115,  283,    0
101812,19821116,  279,    0
101812,19821117,  278,    0
101812,19821118,  279,    0
101812,19821119,  271,    0
101812,19821120,  272,    0
101812,19821121,  275,    0
101812,19821122,  266,    0
101812,19821123,  277,    0
101812,19821124,  276,    0
101812,19821125,  279,    0
101812,19821126,  275,    0
101812,19821127,  274,    0
101812,19821128,  281,    0
101812,19821129,  278,    0
101812,19821130,  278,    0
101812,19821201,  277,    0
101812,19821202,  271,    0
101812,19821203,  269,    0
101812,19821204,  267,    0
101812,19821205,  274,    0
101812,19821206,  258,    0
101812,19821207,  262,    0
101812,19821208,  250,    0
101812,19821209,  270,    0
101812,19821210,  261,    0
101812,19821211,  250,    0
101812,19821212,  266,    0
101812,19821213,  253,    0
101812,19821214,  234,    0
101812,19821215,  235,    0
101812,19821216,  256,    0
101812,19821217,  260,    0
101812,19821218,  262,    0
101812,19821219,  259,    0
101812,19821220,  252,    0
101812,19821221,  257,    0
101812,19821222,  248,    0
101812,19821223,  266,    0
101812,19821224,  261,    0
101812,19821225,  268,    0
101812,19821226,  269,    0
101812,19821227,  257,    0
101812,19821228,  262,    0
101812,19821229,  258,    0
101812,19821230,  265,    0
101812,19821231,  270,    0
101812,19830101,  266,    0
101812,19830102,  257,    0
101812,19830103,  264,    0
101812,19830104,  269,    0
101812,19830105,  267,    0
101812,19830106,  259,    0
101812,19830107,  264,    0
101812,19830108,  264,    0
101812,19830109,  262,    0
101812,19830110,  270,    0
101812,19830111,  268,    0
101812,19830112,  269,    0
101812,19830113,  265,    0
101812,19830114,  263,    0
101812,19830115,  253,    0
101812,19830116,  264,    0
101812,19830117,  268,    0
101812,19830118,  266,    0
101812,19830119,  271,    0
101812,19830120,  262,    0
101812,19830121,  269,    0
101812,19830122,  258,    0
101812,19830123,  257,    0
101812,19830124,  259,    0
101812,19830125,  255,    0
101812,19830126,  257,    0
101812,19830127,  255,    0
101812,19830128,  275,    0
101812,19830129,  260,    0
101812,19830130,  263,    0
101812,19830131,  266,    0
101812,19830201,  268,    0
101812,19830202,  268,    0
101812,19830203,  275,    0
101812,19830204,  265,    0
101812,19830205,  264,    0
101812,19830206,  262,    0
101812,19830207,  271,    0
101812,19830208,  277,    0
101812,19830209,  275,    0
101812,19830210,  273,    0
101812,19830211,  269,    0
101812,19830212,  271,    0
101812,19830213,  277,    0
101812,19830214,  275,    0
101812,19830215,  277,    0
101812,19830216,  280,    0
101812,19830217,  284,    0
101812,19830218,  278,    0
101812,19830219,  279,    0
101812,19830220,  281,    0
101812,19830221,  272,    0
101812,19830222,  271,    0
101812,19830223,  270,    0
101812,19830224,  281,    0
101812,19830225,  276,    0
101812,19830226,  279,    0
101812,19830227,  278,    0
101812,19830228,  274,    0
101812,19830301,  280,    0
101812,19830302,  273,    0
101812,19830303,  273,    0
101812,19830304,  277,    0
101812,19830305,  265,    0
101812,19830306,  271,    0
101812,19830307,  273,    0
101812,19830308,  279,    0
101812,19830309,  269,    0
101812,19830310,  277,    0
101812,19830311,  277,    0
101812,19830312,  282,    0
101812,19830313,  293,    0
101812,19830314,  287,    0
101812,19830315,  279,    0
101812,19830316,  281,    0
101812,19830317,  291,    0
101812,19830318,  289,    0
101812,19830319,  286,    0
101812,19830320,  290,    0
101812,19830321,  296,    0
101812,19830322,  290,    0
101812,19830323,  302,    0
101812,19830324,  299,    0
101812,19830325,  303,    0
101812,19830326,  285,    0
101812,19830327,  289,    0
101812,19830328,  298,    0
101812,19830329,  302,    0
101812,19830330,  287,    0
101812,19830331,  281,    0
101812,19830401,  284,    0
101812,19830402,  290,    0
101812,19830403,  289,    0
101812,19830404,  280,    0
101812,19830405,  281,    0
101812,19830406,  289,    0
101812,19830407,  296,    0
101812,19830408,  292,    0
101812,19830409,  292,    0
101812,19830410,  299,    0
101812,19830411,  302,    0
101812,19830412,  295,    0
101812,19830413,  295,    0
101812,19830414,  301,    0
101812,19830415,  296,    0
101812,19830416,  288,    0
101812,19830417,  290,    0
101812,19830418,  289,    0
101812,19830419,  295,    0
101812,19830420,  289,    0
101812,19830421,  289,    0
101812,19830422,  297,    0
101812,19830423,  294,    0
101812,19830424,  288,    0
101812,19830425,  295,    0
101812,19830426,  293,    0
101812,19830427,  281,    0
101812,19830428,  291,    0
101812,19830429,  292,    0
101812,19830430,  295,    0
101812,19830501,  299,    0
101812,19830502,  293,    0
101812,19830503,  291,    0
101812,19830504,  293,    0
101812,19830505,  296,    0
101812,19830506,  296,    0
101812,19830507,  292,    0
101812,19830508,  297,    0
101812,19830509,  277,    0
101812,19830510,  279,    0
101812,19830511,  295,    0
101812,19830512,  288,    0
101812,19830513,  295,    0
101812,19830514,  298,    0
101812,19830515,  287,    0
101812,19830516,  284,    0
101812,19830517,  292,    0
101812,19830518,  288,    0
101812,19830519,  293,    0
101812,19830520,  296,    0
101812,19830521,  290,    0
101812,19830522,  293,    0
101812,19830523,  292,    0
101812,19830524,  302,    0
101812,19830525,  293,    0
101812,19830526,  294,    0
101812,19830527,  281,    0
101812,19830528,  289,    0
101812,19830529,  264,    0
101812,19830530,  284,    0
101812,19830531,  292,    0
101812,19830601,  298,    0
101812,19830602,  284,    0
101812,19830603,  287,    0
101812,19830604,  290,    0
101812,19830605,  293,    0
101812,19830606,  293,    0
101812,19830607,  284,    0
101812,19830608,  272,    0
101812,19830609,  287,    0
101812,19830610,  280,    0
101812,19830611,  275,    0
101812,19830612,  283,    0
101812,19830613,  292,    0
101812,19830614,  291,    0
101812,19830615,  283,    0
101812,19830616,  286,    0
101812,19830617,  293,    0
101812,19830618,  293,    0
101812,19830619,  283,    0
101812,19830620,  292,    0
101812,19830621,  272,    0
101812,19830622,  287,    0
101812,19830623,  286,    0
101812,19830624,  290,    0
101812,19830625,  288,    0
101812,19830626,  284,    0
101812,19830627,  282,    0
101812,19830628,  282,    0
101812,19830629,  283,    0
101812,19830630,  280,    0
101812,19830701,  277,    0
101812,19830702,  280,    0
101812,19830703,  291,    0
101812,19830704,  286,    0
101812,19830705,  268,    0
101812,19830706,  280,    0
101812,19830707,  287,    0
101812,19830708,  288,    0
101812,19830709,  279,    0
101812,19830710,  278,    0
101812,19830711,  287,    0
101812,19830712,  288,    0
101812,19830713,  286,    0
101812,19830714,  283,    0
101812,19830715,  291,    0
101812,19830716,  286,    0
101812,19830717,  287,    0
101812,19830718,  277,    0
101812,19830719,  278,    0
101812,19830720,  287,    0
101812,19830721,  278,    0
101812,19830722,  276,    0
101812,19830723,  266,    0
101812,19830724,  281,    0
101812,19830725,  286,    0
101812,19830726,  290,    0
101812,19830727,  281,    0
101812,19830728,  287,    0
101812,19830729,  284,    0
101812,19830730,  273,    0
101812,19830731,  276,    0
101812,19830801,  290,    0
101812,19830802,  274,    0
101812,19830803,  283,    0
101812,19830804,  281,    0
101812,19830805,  284,    0
101812,19830806,  280,    0
101812,19830807,  277,    0
101812,19830808,  283,    0
101812,19830809,  271,    0
101812,19830810,  287,    0
101812,19830811,  290,    0
101812,19830812,  280,    0
101812,19830813,  276,    0
101812,19830814,  267,    0
101812,19830815,  279,    0
101812,19830816,  276,    0
101812,19830817,  273,    0
101812,19830818,  283,    0
101812,19830819,  276,    0
101812,19830820,  271,    0
101812,19830821,  276,    0
101812,19830822,  283,    0
101812,19830823,  276,    0
101812,19830824,  285,    0
101812,19830825,  279,    0
101812,19830826,  277,    0
101812,19830827,  276,    0
101812,19830828,  275,    0
101812,19830829,  283,    0
101812,19830830,  280,    0
101812,19830831,  277,    0
101812,19830901,  273,    0
101812,19830902,  279,    0
101812,19830903,  277,    0
101812,19830904,  278,    0
101812,19830905,  274,    0
101812,19830906,  282,    0
101812,19830907,  278,    0
101812,19830908,  280,    0
101812,19830909,  271,    0
101812,19830910,  276,    0
101812,19830911,  270,    0
101812,19830912,  278,    0
101812,19830913,  280,    0
101812,19830914,  271,    0
101812,19830915,  269,    0
101812,19830916,  274,    0
101812,19830917,  286,    0
101812,19830918,  270,    0
101812,19830919,  273,    0
101812,19830920,  276,    0
101812,19830921,  273,    0
101812,19830922,  276,    0
101812,19830923,  269,    0
101812,19830924,  262,    0
101812,19830925,  290,    0
101812,19830926,  288,    0
101812,19830927,  280,    0
101812,19830928,  285,    0
101812,19830929,  277,    0
101812,19830930,  286,    0
101812,19831001,  279,    0
101812,19831002,  272,    0
101812,19831003,  281,    0
101812,19831004,  284,    0
101812,19831005,  275,    0
101812,19831006,  274,    0
101812,19831007,  285,    0
101812,19831008,  286,    0
101812,19831009,  287,    0
101812,19831010,  288,    0
101812,19831011,  283,    0
101812,19831012,  277,    0
101812,19831013,  286,    0
101812,19831014,  274,    0
101812,19831015,  280,    0
101812,19831016,  272,    0
101812,19831017,  269,    0
101812,19831018,  277,    0
101812,19831019,  276,    0
101812,19831020,  276,    0
101812,19831021,  281,    0
101812,19831022,  274,    0
101812,19831023,  279,    0
101812,19831024,  269,    0
101812,19831025,  266,    0
101812,19831026,  255,    0
101812,19831027,  283,    0
101812,19831028,  275,    0
101812,19831029,  278,    0
101812,19831030,  278,    0
101812,19831031,  267,    0
101812,19831101,  279,    0
101812,19831102,  280,    0
101812,19831103,  286,    0
101812,19831104,  284,    0
101812,19831105,  267,    0
101812,19831106,  274,    0
101812,19831107,  268,    0
101812,19831108,  276,    0
101812,19831109,  274,    0
101812,19831110,  271,    0
101812,19831111,  276,    0
101812,19831112,  272,    0
101812,19831113,  252,    0
101812,19831114,  270,    0
101812,19831115,  276,    0
101812,19831116,  285,    0
101812,19831117,  272,    0
101812,19831118,  274,    0
101812,19831119,  272,    0
101812,19831120,  270,    0
101812,19831121,  273,    0
101812,19831122,  271,    0
101812,19831123,  270,    0
101812,19831124,  274,    0
101812,19831125,  269,    0
101812,19831126,  264,    0
101812,19831127,  262,    0
101812,19831128,  249,    0
101812,19831129,  258,    0
101812,19831130,  270,    0
101812,19831201,  251,    0
101812,19831202,  226,    0
101812,19831203,  226,    0
101812,19831204,  228,    0
101812,19831205,  224,    0
101812,19831206,  232,    0
101812,19831207,  222,    0
101812,19831208,  227,    0
101812,19831209,  230,    0
101812,19831210,  247,    0
101812,19831211,  248,    0
101812,19831212,  243,    0
101812,19831213,  254,    0
101812,19831214,  249,    0
101812,19831215,  246,    0
101812,19831216,  247,    0
101812,19831217,  257,    0
101812,19831218,  264,    0
101812,19831219,  263,    0
101812,19831220,  261,    0
101812,19831221,  249,    0
101812,19831222,  260,    0
101812,19831223,  258,    0
101812,19831224,  248,    0
101812,19831225,  242,    0
101812,19831226,  243,    0
101812,19831227,  242,    0
101812,19831228,  247,    0
101812,19831229,  243,    0
101812,19831230,  264,    0
101812,19831231,  257,    0
101812,19840101,  258,    0
101812,19840102,  253,    0
101812,19840103,  243,    0
101812,19840104,  243,    0
101812,19840105,  245,    0
101812,19840106,  250,    0
101812,19840107,  252,    0
101812,19840108,  254,    0
101812,19840109,  240,    0
101812,19840110,  244,    0
101812,19840111,  254,    0
101812,19840112,  260,    0
101812,19840113,  252,    0
101812,19840114,  256,    0
101812,19840115,  250,    0
101812,19840116,  255,    0
101812,19840117,  250,    0
101812,19840118,  255,    0
101812,19840119,  261,    0
101812,19840120,  261,    0
101812,19840121,  263,    0
101812,19840122,  263,    0
101812,19840123,  256,    0
101812,19840124,  259,    0
101812,19840125,  265,    0
101812,19840126,  246,    0
101812,19840127,  228,    0
101812,19840128,  237,    0
101812,19840129,  249,    0
101812,19840130,  233,    0
101812,19840131,  247,    0
101812,19840201,  249,    0
101812,19840202,  243,    0
101812,19840203,  244,    0
101812,19840204,  264,    0
101812,19840205,  260,    0
101812,19840206,  248,    0
101812,19840207,  246,    0
101812,19840208,  238,    0
101812,19840209,  244,    0
101812,19840210,  257,    0
101812,19840211,  259,    0
101812,19840212,  262,    0
101812,19840213,  255,    0
101812,19840214,  259,    0
101812,19840215,  252,    0
101812,19840216,  261,    0
101812,19840217,  260,    0
101812,19840218,  256,    0
101812,19840219,  230,    0
101812,19840220,  257,    0
101812,19840221,  259,    0
101812,19840222,  265,    0
101812,19840223,  265,    0
101812,19840224,  259,    0
101812,19840225,  258,    0
101812,19840226,  264,    0
101812,19840227,  247,    0
101812,19840228,  260,    0
101812,19840229,  259,    0
101812,19840301,  249,    0
101812,19840302,  265,    0
101812,19840303,  265,    0
101812,19840304,  261,    0
101812,19840305,  261,    0
101812,19840306,  258,    0
101812,19840307,  258,    0
101812,19840308,  268,    0
101812,19840309,  262,    0
101812,19840310,  269,    0
101812,19840311,  268,    0
101812,19840312,  272,    0
101812,19840313,  275,    0
101812,19840314,  278,    0
101812,19840315,  286,    0
101812,19840316,  275,    0
101812,19840317,  282,    0
101812,19840318,  275,    0
101812,19840319,  283,    0
101812,19840320,  270,    0
101812,19840321,  277,    0
101812,19840322,  280,    0
101812,19840323,  264,    0
101812,19840324,  261,    0
101812,19840325,  254,    0
101812,19840326,  258,    0
101812,19840327,  273,    0
101812,19840328,  273,    0
101812,19840329,  276,    0
101812,19840330,  275,    0
101812,19840331,  277,    0
101812,19840401,  275,    0
101812,19840402,  277,    0
101812,19840403,  277,    0
101812,19840404,  279,    0
101812,19840405,  284,    0
101812,19840406,  283,    0
101812,19840407,  281,    0
101812,19840408,  281,    0
101812,19840409,  267,    0
101812,19840410,  270,    0
101812,19840411,  273,    0
101812,19840412,  270,    0
101812,19840413,  261,    0
101812,19840414,  276,    0
101812,19840415,  281,    0
101812,19840416,  283,    0
101812,19840417,  289,    0
101812,19840418,  283,    0
101812,19840419,  268,    0
101812,19840420,  283,    0
101812,19840421,  286,    0
101812,19840422,  285,    0
101812,19840423,  278,    0
101812,19840424,  275,    0
101812,19840425,  279,    0
101812,19840426,  291,    0
101812,19840427,  278,    0
101812,19840428,  280,    0
101812,19840429,  290,    0
101812,19840430,  264,    0
101812,19840501,  280,    0
101812,19840502,  277,    0
101812,19840503,  286,    0
101812,19840504,  285,    0
101812,19840505,  285,    0
101812,19840506,  279,    0
101812,19840507,  265,    0
101812,19840508,  277,    0
101812,19840509,  279,    0
101812,19840510,  279,    0
101812,19840511,  279,    0
101812,19840512,  282,    0
101812,19840513,  266,    0
101812,19840514,  280,    0
101812,19840515,  282,    0
101812,19840516,  279,    0
101812,19840517,  268,    0
101812,19840518,  280,    0
101812,19840519,  268,    0
101812,19840520,  280,    0
101812,19840521,  283,    0
101812,19840522,  285,    0
101812,19840523,  283,    0
101812,19840524,  281,    0
101812,19840525,  267,    0
101812,19840526,  278,    0
101812,19840527,  260,    0
101812,19840528,  279,    0
101812,19840529,  281,    0
101812,19840530,  279,    0
101812,19840531,  276,    0
101812,19840601,  273,    0
101812,19840602,  280,    0
101812,19840603,  276,    0
101812,19840604,  292,    0
101812,19840605,  280,    0
101812,19840606,  282,    0
101812,19840607,  271,    0
101812,19840608,  280,    0
101812,19840609,  277,    0
101812,19840610,  269,    0
101812,19840611,  271,    0
101812,19840612,  286,    0
101812,19840613,  281,    0
101812,19840614,  280,    0
101812,19840615,  279,    0
101812,19840616,  281,    0
101812,19840617,  268,    0
101812,19840618,  282,    0
101812,19840619,  274,    0
101812,19840620,  277,    0
101812,19840621,  280,    0
101812,19840622,  286,    0
101812,19840623,  271,    0
101812,19840624,  277,    0
101812,19840625,  284,    0
101812,19840626,  287,    0
101812,19840627,  283,    0
101812,19840628,  284,    0
101812,19840629,  284,    0
101812,19840630,  289,    0
101812,19840701,  273,    0
101812,19840702,  273,    0
101812,19840703,  282,    0
101812,19840704,  280,    0
101812,19840705,  264,    0
101812,19840706,  277,    0
101812,19840707,  276,    0
101812,19840708,  282,    0
101812,19840709,  267,    0
101812,19840710,  275,    0
101812,19840711,  258,    0
101812,19840712,  265,    0
101812,19840713,  272,    0
101812,19840714,  277,    0
101812,19840715,  281,    0
101812,19840716,  279,    0
101812,19840717,  259,    0
101812,19840718,  259,    0
101812,19840719,  269,    0
101812,19840720,  272,    0
101812,19840721,  267,    0
101812,19840722,  268,    0
101812,19840723,  265,    0
101812,19840724,  274,    0
101812,19840725,  269,    0
101812,19840726,  272,    0
101812,19840727,  271,    0
101812,19840728,  284,    0
101812,19840729,  271,    0
101812,19840730,  278,    0
101812,19840731,  286,    0
101812,19840801,  280,    0
101812,19840802,  279,    0
101812,19840803,  278,    0
101812,19840804,  284,    0
101812,19840805,  265,    0
101812,19840806,  277,    0
101812,19840807,  273,    0
101812,19840808,  278,    0
101812,19840809,  272,    0
101812,19840810,  287,    0
101812,19840811,  280,    0
101812,19840812,  263,    0
101812,19840813,  276,    0
101812,19840814,  277,    0
101812,19840815,  285,    0
101812,19840816,  282,    0
101812,19840817,  283,    0
101812,19840818,  288,    0
101812,19840819,  284,    0
101812,19840820,  276,    0
101812,19840821,  280,    0
101812,19840822,  275,    0
101812,19840823,  272,    0
101812,19840824,  272,    0
101812,19840825,  273,    0
101812,19840826,  268,    0
101812,19840827,  279,    0
101812,19840828,  283,    0
101812,19840829,  289,    0
101812,19840830,  282,    0
101812,19840831,  287,    0
101812,19840901,  276,    0
101812,19840902,  284,    0
101812,19840903,  273,    0
101812,19840904,  274,    0
101812,19840905,  273,    0
101812,19840906,  264,    0
101812,19840907,  269,    0
101812,19840908,  265,    0
101812,19840909,  267,    0
101812,19840910,  247,    0
101812,19840911,  249,    0
101812,19840912,  270,    0
101812,19840913,  274,    0
101812,19840914,  281,    0
101812,19840915,  264,    0
101812,19840916,  268,    0
101812,19840917,  278,    0
101812,19840918,  264,    0
101812,19840919,  247,    0
101812,19840920,  276,    0
101812,19840921,  271,    0
101812,19840922,  278,    0
101812,19840923,  277,    0
101812,19840924,  278,    0
101812,19840925,  275,    0
101812,19840926,  276,    0
101812,19840927,  279,    0
101812,19840928,  276,    0
101812,19840929,  284,    0
101812,19840930,  279,    0
101812,19841001,  279,    0
101812,19841002,  268,    0
101812,19841003,  282,    0
101812,19841004,  273,    0
101812,19841005,  273,    0
101812,19841006,  278,    0
101812,19841007,  286,    0
101812,19841008,  270,    0
101812,19841009,  279,    0
101812,19841010,  279,    0
101812,19841011,  281,    0
101812,19841012,  266,    0
101812,19841013,  277,    0
101812,19841014,  282,    0
101812,19841015,  280,    0
101812,19841016,  266,    0
101812,19841017,  278,    0
101812,19841018,  261,    0
101812,19841019,  274,    0
101812,19841020,  270,    0
101812,19841021,  281,    0
101812,19841022,  268,    0
101812,19841023,  272,    0
101812,19841024,  269,    0
101812,19841025,  276,    0
101812,19841026,  269,    0
101812,19841027,  275,    0
101812,19841028,  272,    0
101812,19841029,  276,    0
101812,19841030,  267,    0
101812,19841031,  269,    0
101812,19841101,  275,    0
101812,19841102,  276,    0
101812,19841103,  278,    0
101812,19841104,  263,    0
101812,19841105,  264,    0
101812,19841106,  267,    0
101812,19841107,  273,    0
101812,19841108,  280,    0
101812,19841109,  271,    0
101812,19841110,  278,    0
101812,19841111,  268,    0
101812,19841112,  271,    0
101812,19841113,  269,    0
101812,19841114,  271,    0
101812,19841115,  280,    0
101812,19841116,  269,    0
101812,19841117,  268,    0
101812,19841118,  266,    0
101812,19841119,  270,    0
101812,19841120,  267,    0
101812,19841121,  266,    0
101812,19841122,  262,    0
101812,19841123,  267,    0
101812,19841124,  261,    0
101812,19841125,  239,    0
101812,19841126,  253,    0
101812,19841127,  261,    0
101812,19841128,  260,    0
101812,19841129,  249,    0
101812,19841130,  274,    0
101812,19841201,  259,    0
101812,19841202,  242,    0
101812,19841203,  241,    0
101812,19841204,  260,    0
101812,19841205,  273,    0
101812,19841206,  271,    0
101812,19841207,  243,    0
101812,19841208,  246,    0
101812,19841209,  260,    0
101812,19841210,  261,    0
101812,19841211,  258,    0
101812,19841212,  263,    0
101812,19841213,  268,    0
101812,19841214,  269,    0
101812,19841215,  271,    0
101812,19841216,  271,    0
101812,19841217,  239,    0
101812,19841218,  261,    0
101812,19841219,  262,    0
101812,19841220,  265,    0
101812,19841221,  246,    0
101812,19841222,  254,    0
101812,19841223,  236,    0
101812,19841224,  262,    0
101812,19841225,  267,    0
101812,19841226,  263,    0
101812,19841227,  261,    0
101812,19841228,  250,    0
101812,19841229,  247,    0
101812,19841230,  256,    0
101812,19841231,  257,    0
101812,19850101,  261,    0
101812,19850102,  253,    0
101812,19850103,  256,    0
101812,19850104,  260,    0
101812,19850105,  260,    0
101812,19850106,  260,    0
101812,19850107,  260,    0
101812,19850108,  259,    0
101812,19850109,  253,    0
101812,19850110,  261,    0
101812,19850111,  255,    0
101812,19850112,  254,    0
101812,19850113,  256,    0
101812,19850114,  255,    0
101812,19850115,  254,    0
101812,19850116,  255,    0
101812,19850117,  256,    0
101812,19850118,  264,    0
101812,19850119,  254,    0
101812,19850120,  259,    0
101812,19850121,  262,    0
101812,19850122,  270,    0
101812,19850123,  261,    0
101812,19850124,  259,    0
101812,19850125,  263,    0
101812,19850126,  264,    0
101812,19850127,  264,    0
101812,19850128,  266,    0
101812,19850129,  263,    0
101812,19850130,  256,    0
101812,19850131,  261,    0
101812,19850201,  260,    0
101812,19850202,  261,    0
101812,19850203,  269,    0
101812,19850204,  269,    0
101812,19850205,  268,    0
101812,19850206,  272,    0
101812,19850207,  270,    0
101812,19850208,  268,    0
101812,19850209,  273,    0
101812,19850210,  268,    0
101812,19850211,  273,    0
101812,19850212,  276,    0
101812,19850213,  273,    0
101812,19850214,  267,    0
101812,19850215,  269,    0
101812,19850216,  279,    0
101812,19850217,  256,    0
101812,19850218,  275,    0
101812,19850219,  272,    0
101812,19850220,  275,    0
101812,19850221,  282,    0
101812,19850222,  280,    0
101812,19850223,  262,    0
101812,19850224,  272,    0
101812,19850225,  278,    0
101812,19850226,  282,    0
101812,19850227,  276,    0
101812,19850228,  279,    0
101812,19850301,  277,    0
101812,19850302,  270,    0
101812,19850303,  270,    0
101812,19850304,  272,    0
101812,19850305,  257,    0
101812,19850306,  256,    0
101812,19850307,  247,    0
101812,19850308,  250,    0
101812,19850309,  261,    0
101812,19850310,  271,    0
101812,19850311,  270,    0
101812,19850312,  270,    0
101812,19850313,  269,    0
101812,19850314,  250,    0
101812,19850315,  249,    0
101812,19850316,  254,    0
101812,19850317,  272,    0
101812,19850318,  269,    0
101812,19850319,  264,    0
101812,19850320,  276,    0
101812,19850321,  277,    0
101812,19850322,  282,    0
101812,19850323,  277,    0
101812,19850324,  272,    0
101812,19850325,  260,    0
101812,19850326,  277,    0
101812,19850327,  274,    0
101812,19850328,  279,    0
101812,19850329,  277,    0
101812,19850330,  284,    0
101812,19850331,  275,    0
101812,19850401,  268,    0
101812,19850402,  274,    0
101812,19850403,  268,    0
101812,19850404,  275,    0
101812,19850405,  278,    0
101812,19850406,  279,    0
101812,19850407,  276,    0
101812,19850408,  280,    0
101812,19850409,  288,    0
101812,19850410,  289,    0
101812,19850411,  288,    0
101812,19850412,  287,    0
101812,19850413,  287,    0
101812,19850414,  281,    0
101812,19850415,  275,    0
101812,19850416,  272,    0
101812,19850417,  278,    0
101812,19850418,  282,    0
101812,19850419,  281,    0
101812,19850420,  285,    0
101812,19850421,  285,    0
101812,19850422,  284,    0
101812,19850423,  275,    0
101812,19850424,  265,    0
101812,19850425,  287,    0
101812,19850426,  282,    0
101812,19850427,  280,    0
101812,19850428,  275,    0
101812,19850429,  281,    0
101812,19850430,  285,    0
101812,19850501,  288,    0
101812,19850502,  275,    0
101812,19850503,  285,    0
101812,19850504,  285,    0
101812,19850505,  281,    0
101812,19850506,  282,    0
101812,19850507,  284,    0
101812,19850508,  282,    0
101812,19850509,  279,    0
101812,19850510,  282,    0
101812,19850511,  280,    0
101812,19850512,  286,    0
101812,19850513,  281,    0
101812,19850514,  271,    0
101812,19850515,  272,    0
101812,19850516,  273,    0
101812,19850517,  283,    0
101812,19850518,  278,    0
101812,19850519,  283,    0
101812,19850520,  284,    0
101812,19850521,  278,    0
101812,19850522,  282,    0
101812,19850523,  277,    0
101812,19850524,  277,    0
101812,19850525,  272,    0
101812,19850526,  280,    0
101812,19850527,  275,    0
101812,19850528,  297,    0
101812,19850529,  293,    0
101812,19850530,  292,    0
101812,19850531,  289,    0
101812,19850601,  283,    0
101812,19850602,  290,    0
101812,19850603,  290,    0
101812,19850604,  288,    0
101812,19850605,  265,    0
101812,19850606,  280,    0
101812,19850607,  278,    0
101812,19850608,  269,    0
101812,19850609,  288,    0
101812,19850610,  288,    0
101812,19850611,  277,    0
101812,19850612,  286,    0
101812,19850613,  290,    0
101812,19850614,  272,    0
101812,19850615,  278,    0
101812,19850616,  275,    0
101812,19850617,  279,    0
101812,19850618,  292,    0
101812,19850619,  287,    0
101812,19850620,  286,    0
101812,19850621,  284,    0
101812,19850622,  282,    0
101812,19850623,  270,    0
101812,19850624,  278,    0
101812,19850625,  277,    0
101812,19850626,  272,    0
101812,19850627,  287,    0
101812,19850628,  276,    0
101812,19850629,  276,    0
101812,19850630,  288,    0
101812,19850701,  269,    0
101812,19850702,  283,    0
101812,19850703,  281,    0
101812,19850704,  285,    0
101812,19850705,  277,    0
101812,19850706,  272,    0
101812,19850707,  276,    0
101812,19850708,  274,    0
101812,19850709,  251,    0
101812,19850710,  270,    0
101812,19850711,  258,    0
101812,19850712,  273,    0
101812,19850713,  266,    0
101812,19850714,  255,    0
101812,19850715,  274,    0
101812,19850716,  269,    0
101812,19850717,  284,    0
101812,19850718,  268,    0
101812,19850719,  280,    0
101812,19850720,  266,    0
101812,19850721,  259,    0
101812,19850722,  262,    0
101812,19850723,  266,    0
101812,19850724,  267,    0
101812,19850725,  275,    0
101812,19850726,  265,    0
101812,19850727,  270,    0
101812,19850728,  277,    0
101812,19850729,  270,    0
101812,19850730,  265,    0
101812,19850731,  267,    0
101812,19850801,  277,    0
101812,19850802,  280,    0
101812,19850803,  268,    0
101812,19850804,  271,    0
101812,19850805,  276,    0
101812,19850806,  270,    0
101812,19850807,  269,    0
101812,19850808,  279,    0
101812,19850809,  259,    0
101812,19850810,  271,    0
101812,19850811,  269,    0
101812,19850812,  273,    0
101812,19850813,  274,    0
101812,19850814,  272,    0
101812,19850815,  268,    0
101812,19850816,  282,    0
101812,19850817,  282,    0
101812,19850818,  271,    0
101812,19850819,  285,    0
101812,19850820,  281,    0
101812,19850821,  281,    0
101812,19850822,  288,    0
101812,19850823,  275,    0
101812,19850824,  279,    0
101812,19850825,  275,    0
101812,19850826,  270,    0
101812,19850827,  276,    0
101812,19850828,  283,    0
101812,19850829,  282,    0
101812,19850830,  277,    0
101812,19850831,  284,    0
101812,19850901,  275,    0
101812,19850902,  281,    0
101812,19850903,  270,    0
101812,19850904,  275,    0
101812,19850905,  278,    0
101812,19850906,  273,    0
101812,19850907,  278,    0
101812,19850908,  257,    0
101812,19850909,  263,    0
101812,19850910,  268,    0
101812,19850911,  273,    0
101812,19850912,  274,    0
101812,19850913,  268,    0
101812,19850914,  272,    0
101812,19850915,  281,    0
101812,19850916,  276,    0
101812,19850917,  274,    0
101812,19850918,  275,    0
101812,19850919,  260,    0
101812,19850920,  281,    0
101812,19850921,  270,    0
101812,19850922,  285,    0
101812,19850923,  275,    0
101812,19850924,  270,    0
101812,19850925,  277,    0
101812,19850926,  269,    0
101812,19850927,  264,    0
101812,19850928,  282,    0
101812,19850929,  266,    0
101812,19850930,  276,    0
101812,19851001,  264,    0
101812,19851002,  280,    0
101812,19851003,  275,    0
101812,19851004,  283,    0
101812,19851005,  274,    0
101812,19851006,  274,    0
101812,19851007,  278,    0
101812,19851008,  277,    0
101812,19851009,  267,    0
101812,19851010,  278,    0
101812,19851011,  275,    0
101812,19851012,  275,    0
101812,19851013,  275,    0
101812,19851014,  258,    0
101812,19851015,  276,    0
101812,19851016,  285,    0
101812,19851017,  275,    0
101812,19851018,  273,    0
101812,19851019,  272,    0
101812,19851020,  280,    0
101812,19851021,  280,    0
101812,19851022,  270,    0
101812,19851023,  270,    0
101812,19851024,  278,    0
101812,19851025,  279,    0
101812,19851026,  275,    0
101812,19851027,  274,    0
101812,19851028,  272,    0
101812,19851029,  278,    0
101812,19851030,  259,    0
101812,19851031,  274,    0
101812,19851101,  267,    0
101812,19851102,  260,    0
101812,19851103,  261,    0
101812,19851104,  269,    0
101812,19851105,  275,    0
101812,19851106,  272,    0
101812,19851107,  267,    0
101812,19851108,  277,    0
101812,19851109,  250,    0
101812,19851110,  272,    0
101812,19851111,  273,    0
101812,19851112,  257,    0
101812,19851113,  251,    0
101812,19851114,  271,    0
101812,19851115,  254,    0
101812,19851116,  271,    0
101812,19851117,  273,    0
101812,19851118,  268,    0
101812,19851119,  279,    0
101812,19851120,  270,    0
101812,19851121,  277,    0
101812,19851122,  279,    0
101812,19851123,  273,    0
101812,19851124,  264,    0
101812,19851125,  273,    0
101812,19851126,  263,    0
101812,19851127,  274,    0
101812,19851128,  276,    0
101812,19851129,  254,    0
101812,19851130,  248,    0
101812,19851201,  237,    0
101812,19851202,  252,    0
101812,19851203,  241,    0
101812,19851204,  238,    0
101812,19851205,  264,    0
101812,19851206,  270,    0
101812,19851207,  265,    0
101812,19851208,  268,    0
101812,19851209,  268,    0
101812,19851210,  250,    0
101812,19851211,  271,    0
101812,19851212,  251,    0
101812,19851213,  261,    0
101812,19851214,  234,    0
101812,19851215,  255,    0
101812,19851216,  258,    0
101812,19851217,  260,    0
101812,19851218,  266,    0
101812,19851219,  267,    0
101812,19851220,  262,    0
101812,19851221,  268,    0
101812,19851222,  269,    0
101812,19851223,  243,    0
101812,19851224,  260,    0
101812,19851225,  255,    0
101812,19851226,  259,    0
101812,19851227,  253,    0
101812,19851228,  255,    0
101812,19851229,  258,    0
101812,19851230,  261,    0
101812,19851231,  257,    0
101812,19860101,  246,    0
101812,19860102,  258,    0
101812,19860103,  253,    0
101812,19860104,  253,    0
101812,19860105,  252,    0
101812,19860106,  243,    0
101812,19860107,  254,    0
101812,19860108,  236,    0
101812,19860109,  237,    0
101812,19860110,  247,    0
101812,19860111,  247,    0
101812,19860112,  233,    0
101812,19860113,  243,    0
101812,19860114,  249,    0
101812,19860115,  258,    0
101812,19860116,  256,    0
101812,19860117,  261,    0
101812,19860118,  270,    0
101812,19860119,  262,    0
101812,19860120,  263,    0
101812,19860121,  250,    0
101812,19860122,  255,    0
101812,19860123,  253,    0
101812,19860124,  255,    0
101812,19860125,  258,    0
101812,19860126,  254,    0
101812,19860127,  244,    0
101812,19860128,  247,    0
101812,19860129,  255,    0
101812,19860130,  266,    0
101812,19860131,  263,    0
101812,19860201,  266,    0
101812,19860202,  270,    0
101812,19860203,  266,    0
101812,19860204,  271,    0
101812,19860205,  262,    0
101812,19860206,  271,    0
101812,19860207,  263,    0
101812,19860208,  251,    0
101812,19860209,  259,    0
101812,19860210,  260,    0
101812,19860211,  252,    0
101812,19860212,  254,    0
101812,19860213,  256,    0
101812,19860214,  268,    0
101812,19860215,  269,    0
101812,19860216,  269,    0
101812,19860217,  269,    0
101812,19860218,  269,    0
101812,19860219,  284,    0
101812,19860220,  281,    0
101812,19860221,  264,    0
101812,19860222,  271,    0
101812,19860223,  271,    0
101812,19860224,  274,    0
101812,19860225,  268,    0
101812,19860226,  265,    0
101812,19860227,  276,    0
101812,19860228,  271,    0
101812,19860301,  272,    0
101812,19860302,  239,    0
101812,19860303,  245,    0
101812,19860304,  243,    0
101812,19860305,  252,    0
101812,19860306,  241,    0
101812,19860307,  245,    0
101812,19860308,  259,    0
101812,19860309,  269,    0
101812,19860310,  271,    0
101812,19860311,  268,    0
101812,19860312,  275,    0
101812,19860313,  270,    0
101812,19860314,  274,    0
101812,19860315,  274,    0
101812,19860316,  277,    0
101812,19860317,  272,    0
101812,19860318,  287,    0
101812,19860319,  276,    0
101812,19860320,  280,    0
101812,19860321,  279,    0
101812,19860322,  275,    0
101812,19860323,  280,    0
101812,19860324,  272,    0
101812,19860325,  267,    0
101812,19860326,  267,    0
101812,19860327,  278,    0
101812,19860328,  277,    0
101812,19860329,  280,    0
101812,19860330,  280,    0
101812,19860331,  279,    0
101812,19860401,  283,    0
101812,19860402,  276,    0
101812,19860403,  273,    0
101812,19860404,  279,    0
101812,19860405,  274,    0
101812,19860406,  278,    0
101812,19860407,  281,    0
101812,19860408,  276,    0
101812,19860409,  273,    0
101812,19860410,  284,    0
101812,19860411,  276,    0
101812,19860412,  282,    0
101812,19860413,  275,    0
101812,19860414,  272,    0
101812,19860415,  272,    0
101812,19860416,  271,    0
101812,19860417,  276,    0
101812,19860418,  268,    0
101812,19860419,  278,    0
101812,19860420,  284,    0
101812,19860421,  282,    0
101812,19860422,  282,    0
101812,19860423,  286,    0
101812,19860424,  284,    0
101812,19860425,  276,    0
101812,19860426,  284,    0
101812,19860427,  283,    0
101812,19860428,  281,    0
101812,19860429,  285,    0
101812,19860430,  283,    0
101812,19860501,  284,    0
101812,19860502,  285,    0
101812,19860503,  284,    0
101812,19860504,  281,    0
101812,19860505,  284,    0
101812,19860506,  277,    0
101812,19860507,  283,    0
101812,19860508,  288,    0
101812,19860509,  289,    0
101812,19860510,  292,    0
101812,19860511,  285,    0
101812,19860512,  288,    0
101812,19860513,  281,    0
101812,19860514,  294,    0
101812,19860515,  290,    0
101812,19860516,  289,    0
101812,19860517,  296,    0
101812,19860518,  295,    0
101812,19860519,  275,    0
101812,19860520,  284,    0
101812,19860521,  292,    0
101812,19860522,  292,    0
101812,19860523,  283,    0
101812,19860524,  283,    0
101812,19860525,  273,    0
101812,19860526,  279,    0
101812,19860527,  284,    0
101812,19860528,  290,    0
101812,19860529,  282,    0
101812,19860530,  275,    0
101812,19860531,  280,    0
101812,19860601,  284,    0
101812,19860602,  291,    0
101812,19860603,  292,    0
101812,19860604,  283,    0
101812,19860605,  278,    0
101812,19860606,  279,    0
101812,19860607,  284,    0
101812,19860608,  284,    0
101812,19860609,  288,    0
101812,19860610,  288,    0
101812,19860611,  282,    0
101812,19860612,  273,    0
101812,19860613,  276,    0
101812,19860614,  279,    0
101812,19860615,  280,    0
101812,19860616,  276,    0
101812,19860617,  281,    0
101812,19860618,  258,    0
101812,19860619,  276,    0
101812,19860620,  288,    0
101812,19860621,  290,    0
101812,19860622,  278,    0
101812,19860623,  280,    0
101812,19860624,  290,    0
101812,19860625,  282,    0
101812,19860626,  288,    0
101812,19860627,  279,    0
101812,19860628,  268,    0
101812,19860629,  284,    0
101812,19860630,  288,    0
101812,19860701,  276,    0
101812,19860702,  277,    0
101812,19860703,  285,    0
101812,19860704,  271,    0
101812,19860705,  286,    0
101812,19860706,  287,    0
101812,19860707,  265,    0
101812,19860708,  280,    0
101812,19860709,  280,    0
101812,19860710,  283,    0
101812,19860711,  288,    0
101812,19860712,  279,    0
101812,19860713,  285,    0
101812,19860714,  265,    0
101812,19860715,  263,    0
101812,19860716,  281,    0
101812,19860717,  276,    0
101812,19860718,  283,    0
101812,19860719,  281,    0
101812,19860720,  285,    0
101812,19860721,  297,    0
101812,19860722,  280,    0
101812,19860723,  275,    0
101812,19860724,  272,    0
101812,19860725,  280,    0
101812,19860726,  274,    0
101812,19860727,  265,    0
101812,19860728,  272,    0
101812,19860729,  271,    0
101812,19860730,  272,    0
101812,19860731,  283,    0
101812,19860801,  271,    0
101812,19860802,  284,    0
101812,19860803,  283,    0
101812,19860804,  286,    0
101812,19860805,  285,    0
101812,19860806,  286,    0
101812,19860807,  288,    0
101812,19860808,  286,    0
101812,19860809,  285,    0
101812,19860810,  277,    0
101812,19860811,  296,    0
101812,19860812,  285,    0
101812,19860813,  287,    0
101812,19860814,  294,    0
101812,19860815,  292,    0
101812,19860816,  298,    0
101812,19860817,  288,    0
101812,19860818,  294,    0
101812,19860819,  288,    0
101812,19860820,  282,    0
101812,19860821,  292,    0
101812,19860822,  280,    0
101812,19860823,  285,    0
101812,19860824,  291,    0
101812,19860825,  279,    0
101812,19860826,  282,    0
101812,19860827,  289,    0
101812,19860828,  288,    0
101812,19860829,  275,    0
101812,19860830,  282,    0
101812,19860831,  278,    0
101812,19860901,  276,    0
101812,19860902,  283,    0
101812,19860903,  273,    0
101812,19860904,  273,    0
101812,19860905,  281,    0
101812,19860906,  280,    0
101812,19860907,  263,    0
101812,19860908,  257,    0
101812,19860909,  265,    0
101812,19860910,  279,    0
101812,19860911,  275,    0
101812,19860912,  269,    0
101812,19860913,  269,    0
101812,19860914,  272,    0
101812,19860915,  283,    0
101812,19860916,  279,    0
101812,19860917,  283,    0
101812,19860918,  284,    0
101812,19860919,  293,    0
101812,19860920,  274,    0
101812,19860921,  275,    0
101812,19860922,  285,    0
101812,19860923,  266,    0
101812,19860924,  272,    0
101812,19860925,  271,    0
101812,19860926,  282,    0
101812,19860927,  266,    0
101812,19860928,  284,    0
101812,19860929,  280,    0
101812,19860930,  279,    0
101812,19861001,  278,    0
101812,19861002,  269,    0
101812,19861003,  278,    0
101812,19861004,  255,    0
101812,19861005,  278,    0
101812,19861006,  283,    0
101812,19861007,  253,    0
101812,19861008,  256,    0
101812,19861009,  270,    0
101812,19861010,  269,    0
101812,19861011,  257,    0
101812,19861012,  273,    0
101812,19861013,  270,    0
101812,19861014,  283,    0
101812,19861015,  282,    0
101812,19861016,  273,    0
101812,19861017,  282,    0
101812,19861018,  281,    0
101812,19861019,  284,    0
101812,19861020,  281,    0
101812,19861021,  278,    0
101812,19861022,  284,    0
101812,19861023,  266,    0
101812,19861024,  273,    0
101812,19861025,  271,    0
101812,19861026,  271,    0
101812,19861027,  277,    0
101812,19861028,  273,    0
101812,19861029,  283,    0
101812,19861030,  272,    0
101812,19861031,  265,    0
101812,19861101,  275,    0
101812,19861102,  272,    0
101812,19861103,  272,    0
101812,19861104,  253,    0
101812,19861105,  256,    0
101812,19861106,  270,    0
101812,19861107,  266,    0
101812,19861108,  249,    0
101812,19861109,  277,    0
101812,19861110,  271,    0
101812,19861111,  273,    0
101812,19861112,  259,    0
101812,19861113,  275,    0
101812,19861114,  275,    0
101812,19861115,  278,    0
101812,19861116,  278,    0
101812,19861117,  275,    0
101812,19861118,  276,    0
101812,19861119,  268,    0
101812,19861120,  273,    0
101812,19861121,  274,    0
101812,19861122,  261,    0
101812,19861123,  264,    0
101812,19861124,  263,    0
101812,19861125,  272,    0
101812,19861126,  247,    0
101812,19861127,  247,    0
101812,19861128,  239,    0
101812,19861129,  245,    0
101812,19861130,  232,    0
101812,19861201,  236,    0
101812,19861202,  253,    0
101812,19861203,  263,    0
101812,19861204,  265,    0
101812,19861205,  272,    0
101812,19861206,  264,    0
101812,19861207,  256,    0
101812,19861208,  265,    0
101812,19861209,  264,    0
101812,19861210,  256,    0
101812,19861211,  260,    0
101812,19861212,  254,    0
101812,19861213,  257,    0
101812,19861214,  256,    0
101812,19861215,  253,    0
101812,19861216,  254,    0
101812,19861217,  259,    0
101812,19861218,  267,    0
101812,19861219,  268,    0
101812,19861220,  261,    0
101812,19861221,  254,    0
101812,19861222,  256,    0
101812,19861223,  254,    0
101812,19861224,  259,    0
101812,19861225,  266,    0
101812,19861226,  266,    0
101812,19861227,  269,    0
101812,19861228,  266,    0
101812,19861229,  246,    0
101812,19861230,  266,    0
101812,19861231,  266,    0
101812,19870101,  261,    0
101812,19870102,  269,    0
101812,19870103,  261,    0
101812,19870104,  247,    0
101812,19870105,  262,    0
101812,19870106,  260,    0
101812,19870107,  255,    0
101812,19870108,  252,    0
101812,19870109,  251,    0
101812,19870110,  254,    0
101812,19870111,  239,    0
101812,19870112,  242,    0
101812,19870113,  250,    0
101812,19870114,  261,    0
101812,19870115,  258,    0
101812,19870116,  254,    0
101812,19870117,  264,    0
101812,19870118,  257,    0
101812,19870119,  260,    0
101812,19870120,  263,    0
101812,19870121,  265,    0
101812,19870122,  268,    0
101812,19870123,  266,    0
101812,19870124,  234,    0
101812,19870125,  233,    0
101812,19870126,  240,    0
101812,19870127,  254,    0
101812,19870128,  246,    0
101812,19870129,  256,    0
101812,19870130,  260,    0
101812,19870131,  254,    0
101812,19870201,  261,    0
101812,19870202,  251,    0
101812,19870203,  248,    0
101812,19870204,  245,    0
101812,19870205,  260,    0
101812,19870206,  260,    0
101812,19870207,  257,    0
101812,19870208,  252,    0
101812,19870209,  254,    0
101812,19870210,  263,    0
101812,19870211,  262,    0
101812,19870212,  261,    0
101812,19870213,  257,    0
101812,19870214,  253,    0
101812,19870215,  260,    0
101812,19870216,  262,    0
101812,19870217,  264,    0
101812,19870218,  262,    0
101812,19870219,  268,    0
101812,19870220,  269,    0
101812,19870221,  268,    0
101812,19870222,  263,    0
101812,19870223,  264,    0
101812,19870224,  266,    0
101812,19870225,  269,    0
101812,19870226,  265,    0
101812,19870227,  273,    0
101812,19870228,  275,    0
101812,19870301,  269,    0
101812,19870302,  262,    0
101812,19870303,  269,    0
101812,19870304,  270,    0
101812,19870305,  247,    0
101812,19870306,  256,    0
101812,19870307,  272,    0
101812,19870308,  276,    0
101812,19870309,  277,    0
101812,19870310,  275,    0
101812,19870311,  271,    0
101812,19870312,  274,    0
101812,19870313,  271,    0
101812,19870314,  278,    0
101812,19870315,  275,    0
101812,19870316,  285,    0
101812,19870317,  279,    0
101812,19870318,  283,    0
101812,19870319,  276,    0
101812,19870320,  278,    0
101812,19870321,  278,    0
101812,19870322,  276,    0
101812,19870323,  278,    0
101812,19870324,  284,    0
101812,19870325,  281,    0
101812,19870326,  284,    0
101812,19870327,  280,    0
101812,19870328,  272,    0
101812,19870329,  283,    0
101812,19870330,  261,    0
101812,19870331,  276,    0
101812,19870401,  280,    0
101812,19870402,  286,    0
101812,19870403,  284,    0
101812,19870404,  281,    0
101812,19870405,  279,    0
101812,19870406,  282,    0
101812,19870407,  286,    0
101812,19870408,  291,    0
101812,19870409,  273,    0
101812,19870410,  282,    0
101812,19870411,  287,    0
101812,19870412,  285,    0
101812,19870413,  286,    0
101812,19870414,  293,    0
101812,19870415,  286,    0
101812,19870416,  281,    0
101812,19870417,  286,    0
101812,19870418,  285,    0
101812,19870419,  274,    0
101812,19870420,  281,    0
101812,19870421,  277,    0
101812,19870422,  267,    0
101812,19870423,  283,    0
101812,19870424,  281,    0
101812,19870425,  285,    0
101812,19870426,  283,    0
101812,19870427,  272,    0
101812,19870428,  264,    0
101812,19870429,  256,    0
101812,19870430,  265,    0
101812,19870501,  282,    0
101812,19870502,  286,    0
101812,19870503,  283,    0
101812,19870504,  283,    0
101812,19870505,  282,    0
101812,19870506,  281,    0
101812,19870507,  291,    0
101812,19870508,  284,    0
101812,19870509,  276,    0
101812,19870510,  280,    0
101812,19870511,  278,    0
101812,19870512,  285,    0
101812,19870513,  269,    0
101812,19870514,  280,    0
101812,19870515,  282,    0
101812,19870516,  283,    0
101812,19870517,  286,    0
101812,19870518,  284,    0
101812,19870519,  293,    0
101812,19870520,  286,    0
101812,19870521,  288,    0
101812,19870522,  295,    0
101812,19870523,  288,    0
101812,19870524,  290,    0
101812,19870525,  295,    0
101812,19870526,  286,    0
101812,19870527,  294,    0
101812,19870528,  281,    0
101812,19870529,  279,    0
101812,19870530,  274,    0
101812,19870531,  284,    0
101812,19870601,  289,    0
101812,19870602,  290,    0
101812,19870603,  294,    0
101812,19870604,  288,    0
101812,19870605,  278,    0
101812,19870606,  283,    0
101812,19870607,  290,    0
101812,19870608,  290,    0
101812,19870609,  287,    0
101812,19870610,  287,    0
101812,19870611,  289,    0
101812,19870612,  296,    0
101812,19870613,  288,    0
101812,19870614,  276,    0
101812,19870615,  293,    0
101812,19870616,  286,    0
101812,19870617,  290,    0
101812,19870618,  274,    0
101812,19870619,  293,    0
101812,19870620,  289,    0
101812,19870621,  280,    0
101812,19870622,  283,    0
101812,19870623,  288,    0
101812,19870624,  290,    0
101812,19870625,  293,    0
101812,19870626,  291,    0
101812,19870627,  272,    0
101812,19870628,  278,    0
101812,19870629,  289,    0
101812,19870630,  284,    0
101812,19870701,  265,    0
101812,19870702,  274,    0
101812,19870703,  280,    0
101812,19870704,  285,    0
101812,19870705,  283,    0
101812,19870706,  282,    0
101812,19870707,  283,    0
101812,19870708,  287,    0
101812,19870709,  285,    0
101812,19870710,  285,    0
101812,19870711,  278,    0
101812,19870712,  283,    0
101812,19870713,  289,    0
101812,19870714,  281,    0
101812,19870715,  278,    0
101812,19870716,  278,    0
101812,19870717,  277,    0
101812,19870718,  285,    0
101812,19870719,  276,    0
101812,19870720,  285,    0
101812,19870721,  282,    0
101812,19870722,  280,    0
101812,19870723,  284,    0
101812,19870724,  277,    0
101812,19870725,  281,    0
101812,19870726,  278,    0
101812,19870727,  276,    0
101812,19870728,  278,    0
101812,19870729,  290,    0
101812,19870730,  290,    0
101812,19870731,  285,    0
101812,19870801,  281,    0
101812,19870802,  281,    0
101812,19870803,  261,    0
101812,19870804,  282,    0
101812,19870805,  275,    0
101812,19870806,  279,    0
101812,19870807,  273,    0
101812,19870808,  273,    0
101812,19870809,  273,    0
101812,19870810,  279,    0
101812,19870811,  282,    0
101812,19870812,  281,    0
101812,19870813,  272,    0
101812,19870814,  276,    0
101812,19870815,  277,    0
101812,19870816,  284,    0
101812,19870817,  279,    0
101812,19870818,  287,    0
101812,19870819,  279,    0
101812,19870820,  275,    0
101812,19870821,  282,    0
101812,19870822,  285,    0
101812,19870823,  285,    0
101812,19870824,  275,    0
101812,19870825,  282,    0
101812,19870826,  277,    0
101812,19870827,  266,    0
101812,19870828,  273,    0
101812,19870829,  277,    0
101812,19870830,  290,    0
101812,19870831,  285,    0
101812,19870901,  280,    0
101812,19870902,  280,    0
101812,19870903,  289,    0
101812,19870904,  272,    0
101812,19870905,  283,    0
101812,19870906,  286,    0
101812,19870907,  288,    0
101812,19870908,  276,    0
101812,19870909,  276,    0
101812,19870910,  291,    0
101812,19870911,  278,    0
101812,19870912,  280,    0
101812,19870913,  271,    0
101812,19870914,  276,    0
101812,19870915,  277,    0
101812,19870916,  282,    0
101812,19870917,  287,    0
101812,19870918,  287,    0
101812,19870919,  274,    0
101812,19870920,  286,    0
101812,19870921,  279,    0
101812,19870922,  262,    0
101812,19870923,  282,    0
101812,19870924,  276,    0
101812,19870925,  280,    0
101812,19870926,  280,    0
101812,19870927,  272,    0
101812,19870928,  273,    0
101812,19870929,  279,    0
101812,19870930,  281,    0
101812,19871001,  282,    0
101812,19871002,  276,    0
101812,19871003,  278,    0
101812,19871004,  273,    0
101812,19871005,  281,    0
101812,19871006,  284,    0
101812,19871007,  283,    0
101812,19871008,  276,    0
101812,19871009,  278,    0
101812,19871010,  281,    0
101812,19871011,  279,    0
101812,19871012,  280,    0
101812,19871013,  279,    0
101812,19871014,  284,    0
101812,19871015,  279,    0
101812,19871016,  277,    0
101812,19871017,  278,    0
101812,19871018,  282,    0
101812,19871019,  284,    0
101812,19871020,  269,    0
101812,19871021,  278,    0
101812,19871022,  284,    0
101812,19871023,  278,    0
101812,19871024,  281,    0
101812,19871025,  280,    0
101812,19871026,  283,    0
101812,19871027,  277,    0
101812,19871028,  278,    0
101812,19871029,  258,    0
101812,19871030,  279,    0
101812,19871031,  278,    0
101812,19871101,  282,    0
101812,19871102,  281,    0
101812,19871103,  269,    0
101812,19871104,  274,    0
101812,19871105,  259,    0
101812,19871106,  279,    0
101812,19871107,  272,    0
101812,19871108,  280,    0
101812,19871109,  275,    0
101812,19871110,  282,    0
101812,19871111,  258,    0
101812,19871112,  284,    0
101812,19871113,  282,    0
101812,19871114,  272,    0
101812,19871115,  283,    0
101812,19871116,  272,    0
101812,19871117,  279,    0
101812,19871118,  280,    0
101812,19871119,  284,    0
101812,19871120,  275,    0
101812,19871121,  278,    0
101812,19871122,  280,    0
101812,19871123,  281,    0
101812,19871124,  284,    0
101812,19871125,  269,    0
101812,19871126,  286,    0
101812,19871127,  283,    0
101812,19871128,  280,    0
101812,19871129,  280,    0
101812,19871130,  274,    0
101812,19871201,  258,    0
101812,19871202,  251,    0
101812,19871203,  244,    0
101812,19871204,  252,    0
101812,19871205,  270,    0
101812,19871206,  245,    0
101812,19871207,  244,    0
101812,19871208,  248,    0
101812,19871209,  266,    0
101812,19871210,  239,    0
101812,19871211,  236,    0
101812,19871212,  258,    0
101812,19871213,  252,    0
101812,19871214,  256,    0
101812,19871215,  261,    0
101812,19871216,  258,    0
101812,19871217,  237,    0
101812,19871218,  256,    0
101812,19871219,  256,    0
101812,19871220,  266,    0
101812,19871221,  266,    0
101812,19871222,  271,    0
101812,19871223,  271,    0
101812,19871224,  271,    0
101812,19871225,  270,    0
101812,19871226,  263,    0
101812,19871227,  267,    0
101812,19871228,  258,    0
101812,19871229,  267,    0
101812,19871230,  273,    0
101812,19871231,  268,    0
101812,19880101,  266,    0
101812,19880102,  263,    0
101812,19880103,  269,    0
101812,19880104,  259,    0
101812,19880105,  264,    0
101812,19880106,  265,    0
101812,19880107,  263,    0
101812,19880108,  259,    0
101812,19880109,  257,    0
101812,19880110,  268,    0
101812,19880111,  271,    0
101812,19880112,  266,    0
101812,19880113,  267,    0
101812,19880114,  257,    0
101812,19880115,  270,    0
101812,19880116,  274,    0
101812,19880117,  271,    0
101812,19880118,  258,    0
101812,19880119,  260,    0
101812,19880120,  255,    0
101812,19880121,  261,    0
101812,19880122,  268,    0
101812,19880123,  270,    0
101812,19880124,  279,    0
101812,19880125,  251,    0
101812,19880126,  271,    0
101812,19880127,  269,    0
101812,19880128,  276,    0
101812,19880129,  267,    0
101812,19880130,  271,    0
101812,19880131,  262,    0
101812,19880201,  265,    0
101812,19880202,  271,    0
101812,19880203,  275,    0
101812,19880204,  271,    0
101812,19880205,  262,    0
101812,19880206,  262,    0
101812,19880207,  279,    0
101812,19880208,  277,    0
101812,19880209,  268,    0
101812,19880210,  262,    0
101812,19880211,  266,    0
101812,19880212,  268,    0
101812,19880213,  264,    0
101812,19880214,  272,    0
101812,19880215,  268,    0
101812,19880216,  270,    0
101812,19880217,  267,    0
101812,19880218,  271,    0
101812,19880219,  268,    0
101812,19880220,  261,    0
101812,19880221,  271,    0
101812,19880222,  257,    0
101812,19880223,  267,    0
101812,19880224,  277,    0
101812,19880225,  279,    0
101812,19880226,  277,    0
101812,19880227,  281,    0
101812,19880228,  282,    0
101812,19880229,  281,    0
101812,19880301,  275,    0
101812,19880302,  266,    0
101812,19880303,  278,    0
101812,19880304,  285,    0
101812,19880305,  264,    0
101812,19880306,  260,    0
101812,19880307,  248,    0
101812,19880308,  236,    0
101812,19880309,  252,    0
101812,19880310,  273,    0
101812,19880311,  277,    0
101812,19880312,  272,    0
101812,19880313,  280,    0
101812,19880314,  278,    0
101812,19880315,  287,    0
101812,19880316,  282,    0
101812,19880317,  282,    0
101812,19880318,  280,    0
101812,19880319,  284,    0
101812,19880320,  288,    0
101812,19880321,  282,    0
101812,19880322,  281,    0
101812,19880323,  265,    0
101812,19880324,  275,    0
101812,19880325,  278,    0
101812,19880326,  280,    0
101812,19880327,  287,    0
101812,19880328,  281,    0
101812,19880329,  285,    0
101812,19880330,  288,    0
101812,19880331,  285,    0
101812,19880401,  280,    0
101812,19880402,  275,    0
101812,19880403,  282,    0
101812,19880404,  280,    0
101812,19880405,  289,    0
101812,19880406,  281,    0
101812,19880407,  282,    0
101812,19880408,  283,    0
101812,19880409,  287,    0
101812,19880410,  281,    0
101812,19880411,  282,    0
101812,19880412,  280,    0
101812,19880413,  279,    0
101812,19880414,  278,    0
101812,19880415,  285,    0
101812,19880416,  282,    0
101812,19880417,  287,    0
101812,19880418,  288,    0
101812,19880419,  284,    0
101812,19880420,  283,    0
101812,19880421,  287,    0
101812,19880422,  291,    0
101812,19880423,  290,    0
101812,19880424,  281,    0
101812,19880425,  276,    0
101812,19880426,  276,    0
101812,19880427,  292,    0
101812,19880428,  290,    0
101812,19880429,  285,    0
101812,19880430,  274,    0
101812,19880501,  284,    0
101812,19880502,  286,    0
101812,19880503,  280,    0
101812,19880504,  288,    0
101812,19880505,  285,    0
101812,19880506,  282,    0
101812,19880507,  295,    0
101812,19880508,  283,    0
101812,19880509,  288,    0
101812,19880510,  283,    0
101812,19880511,  283,    0
101812,19880512,  279,    0
101812,19880513,  273,    0
101812,19880514,  283,    0
101812,19880515,  287,    0
101812,19880516,  279,    0
101812,19880517,  293,    0
101812,19880518,  265,    0
101812,19880519,  277,    0
101812,19880520,  290,    0
101812,19880521,  291,    0
101812,19880522,  298,    0
101812,19880523,  299,    0
101812,19880524,  293,    0
101812,19880525,  283,    0
101812,19880526,  278,    0
101812,19880527,  279,    0
101812,19880528,  283,    0
101812,19880529,  283,    0
101812,19880530,  282,    0
101812,19880531,  287,    0
101812,19880601,  290,    0
101812,19880602,  289,    0
101812,19880603,  284,    0
101812,19880604,  285,    0
101812,19880605,  287,    0
101812,19880606,  279,    0
101812,19880607,  289,    0
101812,19880608,  280,    0
101812,19880609,  292,    0
101812,19880610,  280,    0
101812,19880611,  273,    0
101812,19880612,  266,    0
101812,19880613,  288,    0
101812,19880614,  278,    0
101812,19880615,  288,    0
101812,19880616,  277,    0
101812,19880617,  283,    0
101812,19880618,  280,    0
101812,19880619,  284,    0
101812,19880620,  284,    0
101812,19880621,  274,    0
101812,19880622,  281,    0
101812,19880623,  283,    0
101812,19880624,  287,    0
101812,19880625,  278,    0
101812,19880626,  285,    0
101812,19880627,  279,    0
101812,19880628,  280,    0
101812,19880629,  282,    0
101812,19880630,  281,    0
101812,19880701,  257,    0
101812,19880702,  277,    0
101812,19880703,  278,    0
101812,19880704,  276,    0
101812,19880705,  272,    0
101812,19880706,  273,    0
101812,19880707,  279,    0
101812,19880708,  271,    0
101812,19880709,  270,    0
101812,19880710,  280,    0
101812,19880711,  270,    0
101812,19880712,  281,    0
101812,19880713,  282,    0
101812,19880714,  272,    0
101812,19880715,  282,    0
101812,19880716,  293,    0
101812,19880717,  282,    0
101812,19880718,  275,    0
101812,19880719,  278,    0
101812,19880720,  275,    0
101812,19880721,  292,    0
101812,19880722,  282,    0
101812,19880723,  259,    0
101812,19880724,  285,    0
101812,19880725,  266,    0
101812,19880726,  273,    0
101812,19880727,  277,    0
101812,19880728,  268,    0
101812,19880729,  275,    0
101812,19880730,  288,    0
101812,19880731,  289,    0
101812,19880801,  285,    0
101812,19880802,  278,    0
101812,19880803,  281,    0
101812,19880804,  276,    0
101812,19880805,  272,    0
101812,19880806,  281,    0
101812,19880807,  274,    0
101812,19880808,  283,    0
101812,19880809,  280,    0
101812,19880810,  290,    0
101812,19880811,  277,    0
101812,19880812,  275,    0
101812,19880813,  277,    0
101812,19880814,  264,    0
101812,19880815,  285,    0
101812,19880816,  265,    0
101812,19880817,  282,    0
101812,19880818,  280,    0
101812,19880819,  272,    0
101812,19880820,  283,    0
101812,19880821,  273,    0
101812,19880822,  276,    0
101812,19880823,  252,    0
101812,19880824,  274,    0
101812,19880825,  267,    0
101812,19880826,  274,    0
101812,19880827,  277,    0
101812,19880828,  274,    0
101812,19880829,  271,    0
101812,19880830,  272,    0
101812,19880831,  274,    0
101812,19880901,  283,    0
101812,19880902,  275,    0
101812,19880903,  274,    0
101812,19880904,  273,    0
101812,19880905,  282,    0
101812,19880906,  270,    0
101812,19880907,  273,    0
101812,19880908,  283,    0
101812,19880909,  273,    0
101812,19880910,  280,    0
101812,19880911,  275,    0
101812,19880912,  264,    0
101812,19880913,  290,    0
101812,19880914,  277,    0
101812,19880915,  279,    0
101812,19880916,  273,    0
101812,19880917,  276,    0
101812,19880918,  272,    0
101812,19880919,  257,    0
101812,19880920,  284,    0
101812,19880921,  284,    0
101812,19880922,  276,    0
101812,19880923,  267,    0
101812,19880924,  281,    0
101812,19880925,  290,    0
101812,19880926,  278,    0
101812,19880927,  272,    0
101812,19880928,  269,    0
101812,19880929,  281,    0
101812,19880930,  268,    0
101812,19881001,  266,    0
101812,19881002,  278,    0
101812,19881003,  279,    0
101812,19881004,  285,    0
101812,19881005,  294,    0
101812,19881006,  265,    0
101812,19881007,  291,    0
101812,19881008,  289,    0
101812,19881009,  276,    0
101812,19881010,  290,    0
101812,19881011,  281,    0
101812,19881012,  277,    0
101812,19881013,  277,    0
101812,19881014,  283,    0
101812,19881015,  281,    0
101812,19881016,  283,    0
101812,19881017,  295,    0
101812,19881018,  264,    0
101812,19881019,  289,    0
101812,19881020,  269,    0
101812,19881021,  274,    0
101812,19881022,  280,    0
101812,19881023,  279,    0
101812,19881024,  283,    0
101812,19881025,  280,    0
101812,19881026,  285,    0
101812,19881027,  284,    0
101812,19881028,  279,    0
101812,19881029,  279,    0
101812,19881030,  262,    0
101812,19881031,  268,    0
101812,19881101,  265,    0
101812,19881102,  260,    0
101812,19881103,  272,    0
101812,19881104,  242,    0
101812,19881105,  263,    0
101812,19881106,  272,    0
101812,19881107,  274,    0
101812,19881108,  266,    0
101812,19881109,  271,    0
101812,19881110,  277,    0
101812,19881111,  272,    0
101812,19881112,  273,    0
101812,19881113,  270,    0
101812,19881114,  276,    0
101812,19881115,  270,    0
101812,19881116,  268,    0
101812,19881117,  275,    0
101812,19881118,  266,    0
101812,19881119,  239,    0
101812,19881120,  227,    0
101812,19881121,  264,    0
101812,19881122,  261,    0
101812,19881123,  272,    0
101812,19881124,  271,    0
101812,19881125,  272,    0
101812,19881126,  270,    0
101812,19881127,  262,    0
101812,19881128,  268,    0
101812,19881129,  249,    0
101812,19881130,  229,    0
101812,19881201,  253,    0
101812,19881202,  244,    0
101812,19881203,  245,    0
101812,19881204,  259,    0
101812,19881205,  245,    0
101812,19881206,  254,    0
101812,19881207,  258,    0
101812,19881208,  261,    0
101812,19881209,  260,    0
101812,19881210,  258,    0
101812,19881211,  253,    0
101812,19881212,  258,    0
101812,19881213,  252,    0
101812,19881214,  246,    0
101812,19881215,  244,    0
101812,19881216,  245,    0
101812,19881217,  246,    0
101812,19881218,  251,    0
101812,19881219,  248,    0
101812,19881220,  261,    0
101812,19881221,  259,    0
101812,19881222,  252,    0
101812,19881223,  261,    0
101812,19881224,  263,    0
101812,19881225,  250,    0
101812,19881226,  259,    0
101812,19881227,  250,    0
101812,19881228,  250,    0
101812,19881229,  253,    0
101812,19881230,  258,    0
101812,19881231,  255,    0
101812,19890101,  258,    0
101812,19890102,  257,    0
101812,19890103,  261,    0
101812,19890104,  270,    0
101812,19890105,  256,    0
101812,19890106,  259,    0
101812,19890107,  265,    0
101812,19890108,  267,    0
101812,19890109,  261,    0
101812,19890110,  260,    0
101812,19890111,  260,    0
101812,19890112,  270,    0
101812,19890113,  255,    0
101812,19890114,  269,    0
101812,19890115,  266,    0
101812,19890116,  262,    0
101812,19890117,  264,    0
101812,19890118,  264,    0
101812,19890119,  259,    0
101812,19890120,  260,    0
101812,19890121,  268,    0
101812,19890122,  269,    0
101812,19890123,  261,    0
101812,19890124,  259,    0
101812,19890125,  264,    0
101812,19890126,  262,    0
101812,19890127,  263,    0
101812,19890128,  258,    0
101812,19890129,  257,    0
101812,19890130,  250,    0
101812,19890131,  250,    0
101812,19890201,  260,    0
101812,19890202,  250,    0
101812,19890203,  258,    0
101812,19890204,  257,    0
101812,19890205,  249,    0
101812,19890206,  254,    0
101812,19890207,  255,    0
101812,19890208,  261,    0
101812,19890209,  254,    0
101812,19890210,  256,    0
101812,19890211,  256,    0
101812,19890212,  255,    0
101812,19890213,  256,    0
101812,19890214,  250,    0
101812,19890215,  244,    0
101812,19890216,  265,    0
101812,19890217,  269,    0
101812,19890218,  259,    0
101812,19890219,  274,    0
101812,19890220,  270,    0
101812,19890221,  258,    0
101812,19890222,  266,    0
101812,19890223,  255,    0
101812,19890224,  256,    0
101812,19890225,  260,    0
101812,19890226,  260,    0
101812,19890227,  252,    0
101812,19890228,  268,    0
101812,19890301,  265,    0
101812,19890302,  268,    0
101812,19890303,  262,    0
101812,19890304,  270,    0
101812,19890305,  274,    0
101812,19890306,  251,    0
101812,19890307,  254,    0
101812,19890308,  265,    0
101812,19890309,  258,    0
101812,19890310,  260,    0
101812,19890311,  260,    0
101812,19890312,  263,    0
101812,19890313,  260,    0
101812,19890314,  266,    0
101812,19890315,  272,    0
101812,19890316,  263,    0
101812,19890317,  278,    0
101812,19890318,  274,    0
101812,19890319,  273,    0
101812,19890320,  267,    0
101812,19890321,  273,    0
101812,19890322,  262,    0
101812,19890323,  268,    0
101812,19890324,  271,    0
101812,19890325,  280,    0
101812,19890326,  275,    0
101812,19890327,  276,    0
101812,19890328,  269,    0
101812,19890329,  274,    0
101812,19890330,  264,    0
101812,19890331,  269,    0
101812,19890401,  267,    0
101812,19890402,  269,    0
101812,19890403,  273,    0
101812,19890404,  274,    0
101812,19890405,  284,    0
101812,19890406,  289,    0
101812,19890407,  281,    0
101812,19890408,  273,    0
101812,19890409,  276,    0
101812,19890410,  277,    0
101812,19890411,  270,    0
101812,19890412,  275,    0
101812,19890413,  262,    0
101812,19890414,  279,    0
101812,19890415,  281,    0
101812,19890416,  278,    0
101812,19890417,  270,    0
101812,19890418,  276,    0
101812,19890419,  276,    0
101812,19890420,  289,    0
101812,19890421,  282,    0
101812,19890422,  284,    0
101812,19890423,  286,    0
101812,19890424,  281,    0
101812,19890425,  279,    0
101812,19890426,  280,    0
101812,19890427,  280,    0
101812,19890428,  278,    0
101812,19890429,  276,    0
101812,19890430,  272,    0
101812,19890501,  286,    0
101812,19890502,  283,    0
101812,19890503,  281,    0
101812,19890504,  283,    0
101812,19890505,  292,    0
101812,19890506,  282,    0
101812,19890507,  283,    0
101812,19890508,  282,    0
101812,19890509,  275,    0
101812,19890510,  274,    0
101812,19890511,  276,    0
101812,19890512,  281,    0
101812,19890513,  283,    0
101812,19890514,  276,    0
101812,19890515,  281,    0
101812,19890516,  278,    0
101812,19890517,  285,    0
101812,19890518,  281,    0
101812,19890519,  267,    0
101812,19890520,  282,    0
101812,19890521,  276,    0
101812,19890522,  280,    0
101812,19890523,  278,    0
101812,19890524,  291,    0
101812,19890525,  274,    0
101812,19890526,  294,    0
101812,19890527,  285,    0
101812,19890528,  276,    0
101812,19890529,  287,    0
101812,19890530,  283,    0
101812,19890531,  277,    0
101812,19890601,  283,    0
101812,19890602,  280,    0
101812,19890603,  280,    0
101812,19890604,  274,    0
101812,19890605,  267,    0
101812,19890606,  285,    0
101812,19890607,  274,    0
101812,19890608,  283,    0
101812,19890609,  280,    0
101812,19890610,  281,    0
101812,19890611,  284,    0
101812,19890612,  287,    0
101812,19890613,  283,    0
101812,19890614,  274,    0
101812,19890615,  283,    0
101812,19890616,  275,    0
101812,19890617,  277,    0
101812,19890618,  280,    0
101812,19890619,  269,    0
101812,19890620,  284,    0
101812,19890621,  278,    0
101812,19890622,  281,    0
101812,19890623,  269,    0
101812,19890624,  271,    0
101812,19890625,  276,    0
101812,19890626,  274,    0
101812,19890627,  275,    0
101812,19890628,  274,    0
101812,19890629,  278,    0
101812,19890630,  270,    0
101812,19890701,  276,    0
101812,19890702,  278,    0
101812,19890703,  282,    0
101812,19890704,  277,    0
101812,19890705,  279,    0
101812,19890706,  274,    0
101812,19890707,  278,    0
101812,19890708,  282,    0
101812,19890709,  277,    0
101812,19890710,  272,    0
101812,19890711,  289,    0
101812,19890712,  273,    0
101812,19890713,  279,    0
101812,19890714,  267,    0
101812,19890715,  277,    0
101812,19890716,  262,    0
101812,19890717,  281,    0
101812,19890718,  281,    0
101812,19890719,  279,    0
101812,19890720,  294,    0
101812,19890721,  300,    0
101812,19890722,  284,    0
101812,19890723,  284,    0
101812,19890724,  290,    0
101812,19890725,  284,    0
101812,19890726,  274,    0
101812,19890727,  274,    0
101812,19890728,  283,    0
101812,19890729,  284,    0
101812,19890730,  281,    0
101812,19890731,  279,    0
101812,19890801,  282,    0
101812,19890802,  282,    0
101812,19890803,  276,    0
101812,19890804,  275,    0
101812,19890805,  262,    0
101812,19890806,  283,    0
101812,19890807,  283,    0
101812,19890808,  272,    0
101812,19890809,  289,    0
101812,19890810,  280,    0
101812,19890811,  275,    0
101812,19890812,  274,    0
101812,19890813,  280,    0
101812,19890814,  275,    0
101812,19890815,  284,    0
101812,19890816,  272,    0
101812,19890817,  270,    0
101812,19890818,  268,    0
101812,19890819,  274,    0
101812,19890820,  288,    0
101812,19890821,  286,    0
101812,19890822,  279,    0
101812,19890823,  286,    0
101812,19890824,  284,    0
101812,19890825,  251,    0
101812,19890826,  277,    0
101812,19890827,  277,    0
101812,19890828,  266,    0
101812,19890829,  277,    0
101812,19890830,  277,    0
101812,19890831,  276,    0
101812,19890901,  281,    0
101812,19890902,  278,    0
101812,19890903,  274,    0
101812,19890904,  269,    0
101812,19890905,  273,    0
101812,19890906,  272,    0
101812,19890907,  275,    0
101812,19890908,  284,    0
101812,19890909,  276,    0
101812,19890910,  276,    0
101812,19890911,  282,    0
101812,19890912,  271,    0
101812,19890913,  277,    0
101812,19890914,  269,    0
101812,19890915,  272,    0
101812,19890916,  274,    0
101812,19890917,  288,    0
101812,19890918,  286,    0
101812,19890919,  283,    0
101812,19890920,  277,    0
101812,19890921,  276,    0
101812,19890922,  271,    0
101812,19890923,  272,    0
101812,19890924,  273,    0
101812,19890925,  277,    0
101812,19890926,  276,    0
101812,19890927,  279,    0
101812,19890928,  276,    0
101812,19890929,  281,    0
101812,19890930,  272,    0
101812,19891001,  280,    0
101812,19891002,  278,    0
101812,19891003,  279,    0
101812,19891004,  275,    0
101812,19891005,  289,    0
101812,19891006,  264,    0
101812,19891007,  282,    0
101812,19891008,  278,    0
101812,19891009,  280,    0
101812,19891010,  276,    0
101812,19891011,  285,    0
101812,19891012,  276,    0
101812,19891013,  289,    0
101812,19891014,  264,    0
101812,19891015,  278,    0
101812,19891016,  274,    0
101812,19891017,  275,    0
101812,19891018,  268,    0
101812,19891019,  276,    0
101812,19891020,  264,    0
101812,19891021,  266,    0
101812,19891022,  270,    0
101812,19891023,  263,    0
101812,19891024,  273,    0
101812,19891025,  277,    0
101812,19891026,  276,    0
101812,19891027,  264,    0
101812,19891028,  272,    0
101812,19891029,  266,    0
101812,19891030,  265,    0
101812,19891031,  278,    0
101812,19891101,  279,    0
101812,19891102,  280,    0
101812,19891103,  278,    0
101812,19891104,  272,    0
101812,19891105,  276,    0
101812,19891106,  270,    0
101812,19891107,  250,    0
101812,19891108,  272,    0
101812,19891109,  257,    0
101812,19891110,  272,    0
101812,19891111,  262,    0
101812,19891112,  275,    0
101812,19891113,  276,    0
101812,19891114,  255,    0
101812,19891115,  252,    0
101812,19891116,  241,    0
101812,19891117,  249,    0
101812,19891118,  247,    0
101812,19891119,  261,    0
101812,19891120,  270,    0
101812,19891121,  267,    0
101812,19891122,  265,    0
101812,19891123,  272,    0
101812,19891124,  263,    0
101812,19891125,  263,    0
101812,19891126,  266,    0
101812,19891127,  265,    0
101812,19891128,  265,    0
101812,19891129,  248,    0
101812,19891130,  251,    0
101812,19891201,  250,    0
101812,19891202,  256,    0
101812,19891203,  249,    0
101812,19891204,  250,    0
101812,19891205,  252,    0
101812,19891206,  253,    0
101812,19891207,  250,    0
101812,19891208,  256,    0
101812,19891209,  257,    0
101812,19891210,  261,    0
101812,19891211,  258,    0
101812,19891212,  259,    0
101812,19891213,  265,    0
101812,19891214,  260,    0
101812,19891215,  253,    0
101812,19891216,  261,    0
101812,19891217,  264,    0
101812,19891218,  265,    0
101812,19891219,  254,    0
101812,19891220,  259,    0
101812,19891221,  259,    0
101812,19891222,  263,    0
101812,19891223,  258,    0
101812,19891224,  267,    0
101812,19891225,  273,    0
101812,19891226,  264,    0
101812,19891227,  265,    0
101812,19891228,  249,    0
101812,19891229,  268,    0
101812,19891230,  262,    0
101812,19891231,  257,    0
101812,19900101,  263,    0
101812,19900102,  258,    0
101812,19900103,  257,    0
101812,19900104,  244,    0
101812,19900105,  246,    0
101812,19900106,  248,    0
101812,19900107,  256,    0
101812,19900108,  242,    0
101812,19900109,  252,    0
101812,19900110,  258,    0
101812,19900111,  255,    0
101812,19900112,  254,    0
101812,19900113,  236,    0
101812,19900114,  257,    0
101812,19900115,  260,    0
101812,19900116,  257,    0
101812,19900117,  253,    0
101812,19900118,  261,    0
101812,19900119,  258,    0
101812,19900120,  245,    0
101812,19900121,  253,    0
101812,19900122,  256,    0
101812,19900123,  260,    0
101812,19900124,  251,    0
101812,19900125,  255,    0
101812,19900126,  256,    0
101812,19900127,  262,    0
101812,19900128,  251,    0
101812,19900129,  265,    0
101812,19900130,  257,    0
101812,19900131,  263,    0
101812,19900201,  266,    0
101812,19900202,  270,    0
101812,19900203,  261,    0
101812,19900204,  269,    0
101812,19900205,  273,    0
101812,19900206,  264,    0
101812,19900207,  263,    0
101812,19900208,  267,    0
101812,19900209,  261,    0
101812,19900210,  265,    0
101812,19900211,  268,    0
101812,19900212,  266,    0
101812,19900213,  264,    0
101812,19900214,  267,    0
101812,19900215,  267,    0
101812,19900216,  268,    0
101812,19900217,  268,    0
101812,19900218,  273,    0
101812,19900219,  275,    0
101812,19900220,  267,    0
101812,19900221,  272,    0
101812,19900222,  272,    0
101812,19900223,  273,    0
101812,19900224,  270,    0
101812,19900225,  273,    0
101812,19900226,  271,    0
101812,19900227,  269,    0
101812,19900228,  267,    0
101812,19900301,  258,    0
101812,19900302,  256,    0
101812,19900303,  269,    0
101812,19900304,  256,    0
101812,19900305,  254,    0
101812,19900306,  261,    0
101812,19900307,  266,    0
101812,19900308,  285,    0
101812,19900309,  277,    0
101812,19900310,  273,    0
101812,19900311,  277,    0
101812,19900312,  278,    0
101812,19900313,  275,    0
101812,19900314,  275,    0
101812,19900315,  274,    0
101812,19900316,  281,    0
101812,19900317,  279,    0
101812,19900318,  273,    0
101812,19900319,  283,    0
101812,19900320,  275,    0
101812,19900321,  268,    0
101812,19900322,  283,    0
101812,19900323,  277,    0
101812,19900324,  288,    0
101812,19900325,  289,    0
101812,19900326,  285,    0
101812,19900327,  283,    0
101812,19900328,  279,    0
101812,19900329,  281,    0
101812,19900330,  273,    0
101812,19900331,  271,    0
101812,19900401,  281,    0
101812,19900402,  277,    0
101812,19900403,  289,    0
101812,19900404,  289,    0
101812,19900405,  288,    0
101812,19900406,  278,    0
101812,19900407,  271,    0
101812,19900408,  284,    0
101812,19900409,  265,    0
101812,19900410,  281,    0
101812,19900411,  298,    0
101812,19900412,  293,    0
101812,19900413,  287,    0
101812,19900414,  290,    0
101812,19900415,  290,    0
101812,19900416,  293,    0
101812,19900417,  303,    0
101812,19900418,  299,    0
101812,19900419,  294,    0
101812,19900420,  286,    0
101812,19900421,  288,    0
101812,19900422,  283,    0
101812,19900423,  283,    0
101812,19900424,  295,    0
101812,19900425,  276,    0
101812,19900426,  284,    0
101812,19900427,  283,    0
101812,19900428,  274,    0
101812,19900429,  265,    0
101812,19900430,  268,    0
101812,19900501,  281,    0
101812,19900502,  273,    0
101812,19900503,  276,    0
101812,19900504,  269,    0
101812,19900505,  274,    0
101812,19900506,  279,    0
101812,19900507,  275,    0
101812,19900508,  279,    0
101812,19900509,  283,    0
101812,19900510,  281,    0
101812,19900511,  287,    0
101812,19900512,  285,    0
101812,19900513,  288,    0
101812,19900514,  289,    0
101812,19900515,  286,    0
101812,19900516,  294,    0
101812,19900517,  282,    0
101812,19900518,  269,    0
101812,19900519,  290,    0
101812,19900520,  279,    0
101812,19900521,  287,    0
101812,19900522,  292,    0
101812,19900523,  280,    0
101812,19900524,  296,    0
101812,19900525,  287,    0
101812,19900526,  268,    0
101812,19900527,  288,    0
101812,19900528,  288,    0
101812,19900529,  292,    0
101812,19900530,  293,    0
101812,19900531,  283,    0
101812,19900601,  268,    0
101812,19900602,  293,    0
101812,19900603,  290,    0
101812,19900604,  287,    0
101812,19900605,  287,    0
101812,19900606,  289,    0
101812,19900607,  290,    0
101812,19900608,  280,    0
101812,19900609,  283,    0
101812,19900610,  284,    0
101812,19900611,  282,    0
101812,19900612,  286,    0
101812,19900613,  264,    0
101812,19900614,  291,    0
101812,19900615,  285,    0
101812,19900616,  282,    0
101812,19900617,  285,    0
101812,19900618,  287,    0
101812,19900619,  280,    0
101812,19900620,  291,    0
101812,19900621,  279,    0
101812,19900622,  275,    0
101812,19900623,  291,    0
101812,19900624,  289,    0
101812,19900625,  260,    0
101812,19900626,  293,    0
101812,19900627,  256,    0
101812,19900628,  280,    0
101812,19900629,  280,    0
101812,19900630,  290,    0
101812,19900701,  283,    0
101812,19900702,  289,    0
101812,19900703,  288,    0
101812,19900704,  281,    0
101812,19900705,  276,    0
101812,19900706,  288,    0
101812,19900707,  272,    0
101812,19900708,  271,    0
101812,19900709,  287,    0
101812,19900710,  278,    0
101812,19900711,  288,    0
101812,19900712,  250,    0
101812,19900713,  279,    0
101812,19900714,  279,    0
101812,19900715,  274,    0
101812,19900716,  264,    0
101812,19900717,  276,    0
101812,19900718,  272,    0
101812,19900719,  279,    0
101812,19900720,  280,    0
101812,19900721,  266,    0
101812,19900722,  278,    0
101812,19900723,  285,    0
101812,19900724,  286,    0
101812,19900725,  272,    0
101812,19900726,  278,    0
101812,19900727,  285,    0
101812,19900728,  277,    0
101812,19900729,  279,    0
101812,19900730,  277,    0
101812,19900731,  278,    0
101812,19900801,  279,    0
101812,19900802,  286,    0
101812,19900803,  290,    0
101812,19900804,  260,    0
101812,19900805,  285,    0
101812,19900806,  269,    0
101812,19900807,  283,    0
101812,19900808,  270,    0
101812,19900809,  280,    0
101812,19900810,  275,    0
101812,19900811,  270,    0
101812,19900812,  271,    0
101812,19900813,  284,    0
101812,19900814,  271,    0
101812,19900815,  284,    0
101812,19900816,  274,    0
101812,19900817,  296,    0
101812,19900818,  276,    0
101812,19900819,  282,    0
101812,19900820,  272,    0
101812,19900821,  284,    0
101812,19900822,  291,    0
101812,19900823,  279,    0
101812,19900824,  288,    0
101812,19900825,  295,    0
101812,19900826,  282,    0
101812,19900827,  288,    0
101812,19900828,  286,    0
101812,19900829,  287,    0
101812,19900830,  280,    0
101812,19900831,  284,    0
101812,19900901,  292,    0
101812,19900902,  288,    0
101812,19900903,  281,    0
101812,19900904,  279,    0
101812,19900905,  279,    0
101812,19900906,  287,    0
101812,19900907,  283,    0
101812,19900908,  281,    0
101812,19900909,  285,    0
101812,19900910,  281,    0
101812,19900911,  284,    0
101812,19900912,  283,    0
101812,19900913,  277,    0
101812,19900914,  285,    0
101812,19900915,  284,    0
101812,19900916,  297,    0
101812,19900917,  284,    0
101812,19900918,  285,    0
101812,19900919,  281,    0
101812,19900920,  279,    0
101812,19900921,  283,    0
101812,19900922,  259,    0
101812,19900923,  277,    0
101812,19900924,  275,    0
101812,19900925,  272,    0
101812,19900926,  286,    0
101812,19900927,  279,    0
101812,19900928,  267,    0
101812,19900929,  271,    0
101812,19900930,  270,    0
101812,19901001,  279,    0
101812,19901002,  261,    0
101812,19901003,  268,    0
101812,19901004,  280,    0
101812,19901005,  277,    0
101812,19901006,  283,    0
101812,19901007,  281,    0
101812,19901008,  278,    0
101812,19901009,  277,    0
101812,19901010,  279,    0
101812,19901011,  274,    0
101812,19901012,  269,    0
101812,19901013,  274,    0
101812,19901014,  281,    0
101812,19901015,  281,    0
101812,19901016,  281,    0
101812,19901017,  278,    0
101812,19901018,  275,    0
101812,19901019,  280,    0
101812,19901020,  278,    0
101812,19901021,  275,    0
101812,19901022,  275,    0
101812,19901023,  280,    0
101812,19901024,  269,    0
101812,19901025,  275,    0
101812,19901026,  263,    0
101812,19901027,  280,    0
101812,19901028,  272,    0
101812,19901029,  275,    0
101812,19901030,  270,    0
101812,19901031,  256,    0
101812,19901101,  271,    0
101812,19901102,  254,    0
101812,19901103,  277,    0
101812,19901104,  278,    0
101812,19901105,  263,    0
101812,19901106,  284,    0
101812,19901107,  281,    0
101812,19901108,  276,    0
101812,19901109,  259,    0
101812,19901110,  278,    0
101812,19901111,  276,    0
101812,19901112,  276,    0
101812,19901113,  269,    0
101812,19901114,  278,    0
101812,19901115,  280,    0
101812,19901116,  282,    0
101812,19901117,  286,    0
101812,19901118,  266,    0
101812,19901119,  290,    0
101812,19901120,  281,    0
101812,19901121,  274,    0
101812,19901122,  269,    0
101812,19901123,  264,    0
101812,19901124,  260,    0
101812,19901125,  237,    0
101812,19901126,  246,    0
101812,19901127,  249,    0
101812,19901128,  269,    0
101812,19901129,  266,    0
101812,19901130,  267,    0
101812,19901201,  264,    0
101812,19901202,  261,    0
101812,19901203,  259,    0
101812,19901204,  269,    0
101812,19901205,  255,    0
101812,19901206,  262,    0
101812,19901207,  256,    0
101812,19901208,  258,    0
101812,19901209,  263,    0
101812,19901210,  265,    0
101812,19901211,  246,    0
101812,19901212,  236,    0
101812,19901213,  259,    0
101812,19901214,  267,    0
101812,19901215,  265,    0
101812,19901216,  261,    0
101812,19901217,  244,    0
101812,19901218,  252,    0
101812,19901219,  261,    0
101812,19901220,  271,    0
101812,19901221,  262,    0
101812,19901222,  263,    0
101812,19901223,  261,    0
101812,19901224,  249,    0
101812,19901225,  257,    0
101812,19901226,  260,    0
101812,19901227,  260,    0
101812,19901228,  263,    0
101812,19901229,  264,    0
101812,19901230,  265,    0
101812,19901231,  263,    0
101812,19910101,  258,    0
101812,19910102,  266,    0
101812,19910103,  260,    0
101812,19910104,  270,    0
101812,19910105,  273,    0
101812,19910106,  261,    0
101812,19910107,  261,    0
101812,19910108,  264,    0
101812,19910109,  251,    0
101812,19910110,  269,    0
101812,19910111,  263,    0
101812,19910112,  258,    0
101812,19910113,  251,    0
101812,19910114,  273,    0
101812,19910115,  272,    0
101812,19910116,  261,    0
101812,19910117,  268,    0
101812,19910118,  259,    0
101812,19910119,  268,    0
101812,19910120,  260,    0
101812,19910121,  258,    0
101812,19910122,  255,    0
101812,19910123,  262,    0
101812,19910124,  261,    0
101812,19910125,  264,    0
101812,19910126,  246,    0
101812,19910127,  234,    0
101812,19910128,  248,    0
101812,19910129,  264,    0
101812,19910130,  251,    0
101812,19910131,  260,    0
101812,19910201,  265,    0
101812,19910202,  266,    0
101812,19910203,  266,    0
101812,19910204,  262,    0
101812,19910205,  268,    0
101812,19910206,  267,    0
101812,19910207,  264,    0
101812,19910208,  262,    0
101812,19910209,  261,    0
101812,19910210,  259,    0
101812,19910211,  265,    0
101812,19910212,  259,    0
101812,19910213,  262,    0
101812,19910214,  274,    0
101812,19910215,  278,    0
101812,19910216,  277,    0
101812,19910217,  282,    0
101812,19910218,  278,    0
101812,19910219,  275,    0
101812,19910220,  275,    0
101812,19910221,  266,    0
101812,19910222,  269,    0
101812,19910223,  268,    0
101812,19910224,  266,    0
101812,19910225,  268,    0
101812,19910226,  251,    0
101812,19910227,  268,    0
101812,19910228,  267,    0
101812,19910301,  271,    0
101812,19910302,  281,    0
101812,19910303,  273,    0
101812,19910304,  260,    0
101812,19910305,  257,    0
101812,19910306,  265,    0
101812,19910307,  275,    0
101812,19910308,  276,    0
101812,19910309,  275,    0
101812,19910310,  260,    0
101812,19910311,  261,    0
101812,19910312,  259,    0
101812,19910313,  272,    0
101812,19910314,  272,    0
101812,19910315,  274,    0
101812,19910316,  274,    0
101812,19910317,  276,    0
101812,19910318,  271,    0
101812,19910319,  271,    0
101812,19910320,  279,    0
101812,19910321,  282,    0
101812,19910322,  279,    0
101812,19910323,  282,    0
101812,19910324,  279,    0
101812,19910325,  282,    0
101812,19910326,  284,    0
101812,19910327,  281,    0
101812,19910328,  282,    0
101812,19910329,  268,    0
101812,19910330,  245,    0
101812,19910331,  271,    0
101812,19910401,  277,    0
101812,19910402,  273,    0
101812,19910403,  277,    0
101812,19910404,  262,    0
101812,19910405,  274,    0
101812,19910406,  285,    0
101812,19910407,  287,    0
101812,19910408,  283,    0
101812,19910409,  290,    0
101812,19910410,  285,    0
101812,19910411,  286,    0
101812,19910412,  286,    0
101812,19910413,  286,    0
101812,19910414,  284,    0
101812,19910415,  280,    0
101812,19910416,  279,    0
101812,19910417,  285,    0
101812,19910418,  291,    0
101812,19910419,  287,    0
101812,19910420,  289,    0
101812,19910421,  285,    0
101812,19910422,  294,    0
101812,19910423,  278,    0
101812,19910424,  268,    0
101812,19910425,  277,    0
101812,19910426,  279,    0
101812,19910427,  287,    0
101812,19910428,  283,    0
101812,19910429,  287,    0
101812,19910430,  294,    0
101812,19910501,  282,    0
101812,19910502,  285,    0
101812,19910503,  285,    0
101812,19910504,  285,    0
101812,19910505,  283,    0
101812,19910506,  286,    0
101812,19910507,  281,    0
101812,19910508,  283,    0
101812,19910509,  289,    0
101812,19910510,  284,    0
101812,19910511,  284,    0
101812,19910512,  285,    0
101812,19910513,  290,    0
101812,19910514,  283,    0
101812,19910515,  285,    0
101812,19910516,  291,    0
101812,19910517,  285,    0
101812,19910518,  290,    0
101812,19910519,  286,    0
101812,19910520,  292,    0
101812,19910521,  285,    0
101812,19910522,  276,    0
101812,19910523,  294,    0
101812,19910524,  282,    0
101812,19910525,  271,    0
101812,19910526,  285,    0
101812,19910527,  289,    0
101812,19910528,  289,    0
101812,19910529,  287,    0
101812,19910530,  292,    0
101812,19910531,  288,    0
101812,19910601,  281,    0
101812,19910602,  293,    0
101812,19910603,  269,    0
101812,19910604,  273,    0
101812,19910605,  290,    0
101812,19910606,  288,    0
101812,19910607,  301,    0
101812,19910608,  303,    0
101812,19910609,  290,    0
101812,19910610,  304,    0
101812,19910611,  295,    0
101812,19910612,  295,    0
101812,19910613,  294,    0
101812,19910614,  299,    0
101812,19910615,  301,    0
101812,19910616,  304,    0
101812,19910617,  304,    0
101812,19910618,  295,    0
101812,19910619,  293,    0
101812,19910620,  292,    0
101812,19910621,  294,    0
101812,19910622,  296,    0
101812,19910623,  291,    0
101812,19910624,  285,    0
101812,19910625,  270,    0
101812,19910626,  290,    0
101812,19910627,  280,    0
101812,19910628,  290,    0
101812,19910629,  283,    0
101812,19910630,  283,    0
101812,19910701,  279,    0
101812,19910702,  278,    0
101812,19910703,  273,    0
101812,19910704,  275,    0
101812,19910705,  271,    0
101812,19910706,  275,    0
101812,19910707,  268,    0
101812,19910708,  271,    0
101812,19910709,  279,    0
101812,19910710,  280,    0
101812,19910711,  285,    0
101812,19910712,  275,    0
101812,19910713,  282,    0
101812,19910714,  287,    0
101812,19910715,  284,    0
101812,19910716,  292,    0
101812,19910717,  281,    0
101812,19910718,  286,    0
101812,19910719,  278,    0
101812,19910720,  296,    0
101812,19910721,  281,    0
101812,19910722,  282,    0
101812,19910723,  288,    0
101812,19910724,  286,    0
101812,19910725,  290,    0
101812,19910726,  300,    0
101812,19910727,  293,    0
101812,19910728,  292,    0
101812,19910729,  293,    0
101812,19910730,  291,    0
101812,19910731,  294,    0
101812,19910801,  279,    0
101812,19910802,  283,    0
101812,19910803,  280,    0
101812,19910804,  292,    0
101812,19910805,  283,    0
101812,19910806,  282,    0
101812,19910807,  284,    0
101812,19910808,  289,    0
101812,19910809,  277,    0
101812,19910810,  285,    0
101812,19910811,  286,    0
101812,19910812,  273,    0
101812,19910813,  287,    0
101812,19910814,  288,    0
101812,19910815,  289,    0
101812,19910816,  290,    0
101812,19910817,  292,    0
101812,19910818,  292,    0
101812,19910819,  285,    0
101812,19910820,  288,    0
101812,19910821,  294,    0
101812,19910822,  295,    0
101812,19910823,  291,    0
101812,19910824,  289,    0
101812,19910825,  290,    0
101812,19910826,  286,    0
101812,19910827,  290,    0
101812,19910828,  290,    0
101812,19910829,  285,    0
101812,19910830,  267,    0
101812,19910831,  286,    0
101812,19910901,  281,    0
101812,19910902,  282,    0
101812,19910903,  291,    0
101812,19910904,  282,    0
101812,19910905,  293,    0
101812,19910906,  289,    0
101812,19910907,  289,    0
101812,19910908,  280,    0
101812,19910909,  284,    0
101812,19910910,  275,    0
101812,19910911,  289,    0
101812,19910912,  287,    0
101812,19910913,  292,    0
101812,19910914,  290,    0
101812,19910915,  284,    0
101812,19910916,  271,    0
101812,19910917,  278,    0
101812,19910918,  283,    0
101812,19910919,  284,    0
101812,19910920,  275,    0
101812,19910921,  291,    0
101812,19910922,  274,    0
101812,19910923,  285,    0
101812,19910924,  283,    0
101812,19910925,  280,    0
101812,19910926,  290,    0
101812,19910927,  284,    0
101812,19910928,  257,    0
101812,19910929,  275,    0
101812,19910930,  278,    0
101812,19911001,  282,    0
101812,19911002,  288,    0
101812,19911003,  278,    0
101812,19911004,  286,    0
101812,19911005,  285,    0
101812,19911006,  272,    0
101812,19911007,  280,    0
101812,19911008,  282,    0
101812,19911009,  283,    0
101812,19911010,  277,    0
101812,19911011,  278,    0
101812,19911012,  269,    0
101812,19911013,  271,    0
101812,19911014,  272,    0
101812,19911015,  275,    0
101812,19911016,  273,    0
101812,19911017,  277,    0
101812,19911018,  265,    0
101812,19911019,  276,    0
101812,19911020,  272,    0
101812,19911021,  270,    0
101812,19911022,  282,    0
101812,19911023,  280,    0
101812,19911024,  276,    0
101812,19911025,  273,    0
101812,19911026,  276,    0
101812,19911027,  276,    0
101812,19911028,  281,    0
101812,19911029,  276,    0
101812,19911030,  274,    0
101812,19911031,  275,    0
101812,19911101,  267,    0
101812,19911102,  263,    0
101812,19911103,  269,    0
101812,19911104,  257,    0
101812,19911105,  253,    0
101812,19911106,  263,    0
101812,19911107,  272,    0
101812,19911108,  272,    0
101812,19911109,  269,    0
101812,19911110,  263,    0
101812,19911111,  268,    0
101812,19911112,  264,    0
101812,19911113,  255,    0
101812,19911114,  259,    0
101812,19911115,  256,    0
101812,19911116,  240,    0
101812,19911117,  245,    0
101812,19911118,  262,    0
101812,19911119,  243,    0
101812,19911120,  262,    0
101812,19911121,  240,    0
101812,19911122,  236,    0
101812,19911123,  242,    0
101812,19911124,  239,    0
101812,19911125,  258,    0
101812,19911126,  253,    0
101812,19911127,  270,    0
101812,19911128,  264,    0
101812,19911129,  249,    0
101812,19911130,  263,    0
101812,19911201,  278,    0
101812,19911202,  269,    0
101812,19911203,  259,    0
101812,19911204,  261,    0
101812,19911205,  254,    0
101812,19911206,  244,    0
101812,19911207,  244,    0
101812,19911208,  240,    0
101812,19911209,  249,    0
101812,19911210,  233,    0
101812,19911211,  234,    0
101812,19911212,  239,    0
101812,19911213,  261,    0
101812,19911214,  251,    0
101812,19911215,  265,    0
101812,19911216,  263,    0
101812,19911217,  264,    0
101812,19911218,  257,    0
101812,19911219,  260,    0
101812,19911220,  256,    0
101812,19911221,  261,    0
101812,19911222,  249,    0
101812,19911223,  245,    0
101812,19911224,  252,    0
101812,19911225,  256,    0
101812,19911226,  266,    0
101812,19911227,  270,    0
101812,19911228,  270,    0
101812,19911229,  255,    0
101812,19911230,  238,    0
101812,19911231,  257,    0
101812,19920101,  257,    0
101812,19920102,  249,    0
101812,19920103,  238,    0
101812,19920104,  264,    0
101812,19920105,  272,    0
101812,19920106,  266,    0
101812,19920107,  267,    0
101812,19920108,  266,    0
101812,19920109,  264,    0
101812,19920110,  263,    0
101812,19920111,  263,    0
101812,19920112,  266,    0
101812,19920113,  261,    0
948657,19920114,  266,    0
948657,19920115,  255,    0
948657,19920116,  246,    0
948657,19920117,  248,    0
948657,19920118,  237,    0
101812,19920119,-9999,    9
948657,19920120,  251,    0
948657,19920121,  248,    0
948657,19920122,  246,    0
948657,19920123,  253,    0
948657,19920124,  252,    0
948657,19920125,  254,    0
948657,19920126,  268,    0
948657,19920127,  261,    0
948657,19920128,  255,    0
948657,19920129,  258,    0
948657,19920130,  264,    0
948657,19920131,  272,    0
948657,19920201,  272,    0
948657,19920202,  263,    0
948657,19920203,  267,    0
948657,19920204,  273,    0
948657,19920205,  266,    0
948657,19920206,  270,    0
948657,19920207,  261,    0
948657,19920208,  278,    0
948657,19920209,  269,    0
948657,19920210,  276,    0
948657,19920211,  270,    0
948657,19920212,  268,    0
948657,19920213,  272,    0
948657,19920214,  264,    0
948657,19920215,  287,    0
948657,19920216,  264,    0
948657,19920217,  270,    0
948657,19920218,  275,    0
948657,19920219,  283,    0
948657,19920220,  278,    0
948657,19920221,  275,    0
948657,19920222,  272,    0
948657,19920223,  272,    0
948657,19920224,  270,    0
948657,19920225,  278,    0
948657,19920226,  272,    0
948657,19920227,  273,    0
948657,19920228,  280,    0
948657,19920229,  265,    0
948657,19920301,  283,    0
948657,19920302,  274,    0
948657,19920303,  273,    0
948657,19920304,  283,    0
948657,19920305,  280,    0
948657,19920306,  275,    0
948657,19920307,  271,    0
948657,19920308,  253,    0
948657,19920309,  266,    0
948657,19920310,  267,    0
948657,19920311,  261,    0
948657,19920312,  272,    0
948657,19920313,  268,    0
948657,19920314,  279,    0
948657,19920315,  273,    0
948657,19920316,  275,    0
948657,19920317,  272,    0
948657,19920318,  274,    0
948657,19920319,  280,    0
948657,19920320,  277,    0
948657,19920321,  276,    0
948657,19920322,  286,    0
948657,19920323,  287,    0
948657,19920324,  281,    0
948657,19920325,  289,    0
948657,19920326,  283,    0
948657,19920327,  286,    0
948657,19920328,  283,    0
948657,19920329,  282,    0
948657,19920330,  287,    0
948657,19920331,  282,    0
948657,19920401,  282,    0
948657,19920402,  286,    0
948657,19920403,  291,    0
948657,19920404,  285,    0
948657,19920405,  286,    0
948657,19920406,  281,    0
948657,19920407,  286,    0
948657,19920408,  284,    0
948657,19920409,  288,    0
948657,19920410,  283,    0
948657,19920411,  286,    0
948657,19920412,  285,    0
948657,19920413,  293,    0
948657,19920414,  292,    0
948657,19920415,  287,    0
948657,19920416,  284,    0
948657,19920417,  286,    0
948657,19920418,  291,    0
948657,19920419,  285,    0
948657,19920420,  288,    0
948657,19920421,  296,    0
948657,19920422,  299,    0
948657,19920423,  293,    0
948657,19920424,  288,    0
948657,19920425,  289,    0
948657,19920426,  281,    0
948657,19920427,  281,    0
948657,19920428,  285,    0
948657,19920429,  295,    0
948657,19920430,  273,    0
948657,19920501,  295,    0
948657,19920502,  299,    0
948657,19920503,  267,    0
948657,19920504,  266,    0
101812,19920505,-9999,    9
948657,19920506,  272,    0
948657,19920507,  292,    0
948657,19920508,  271,    0
948657,19920509,  293,    0
948657,19920510,  293,    0
948657,19920511,  280,    0
948657,19920512,  282,    0
948657,19920513,  288,    0
948657,19920514,  282,    0
948657,19920515,  282,    0
948657,19920516,  289,    0
948657,19920517,  262,    0
948657,19920518,  295,    0
948657,19920519,  276,    0
948657,19920520,  281,    0
101812,19920521,-9999,    9
101812,19920522,-9999,    9
101812,19920523,-9999,    9
948657,19920524,  280,    0
948657,19920525,  292,    0
948657,19920526,  287,    0
948657,19920527,  281,    0
948657,19920528,  291,    0
948657,19920529,  290,    0
948657,19920530,  300,    0
948657,19920531,  283,    0
948657,19920601,  290,    0
948657,19920602,  295,    0
948657,19920603,  288,    0
948657,19920604,  283,    0
948657,19920605,  290,    0
948657,19920606,  284,    0
948657,19920607,  276,    0
948657,19920608,  253,    0
948657,19920609,  273,    0
948657,19920610,  277,    0
948657,19920611,  280,    0
948657,19920612,  277,    0
948657,19920613,  283,    0
948657,19920614,  273,    0
948657,19920615,  277,    0
948657,19920616,  279,    0
948657,19920617,  289,    0
948657,19920618,  272,    0
948657,19920619,  278,    0
948657,19920620,  288,    0
948657,19920621,  291,    0
948657,19920622,  292,    0
948657,19920623,  292,    0
948657,19920624,  302,    0
948657,19920625,  288,    0
948657,19920626,  279,    0
948657,19920627,  296,    0
948657,19920628,  281,    0
948657,19920629,  274,    0
948657,19920630,  290,    0
948657,19920701,  278,    0
948657,19920702,  280,    0
948657,19920703,  278,    0
948657,19920704,  286,    0
948657,19920705,  282,    0
948657,19920706,  283,    0
948657,19920707,  274,    0
948657,19920708,  276,    0
948657,19920709,  267,    0
948657,19920710,  275,    0
948657,19920711,  268,    0
948657,19920712,  268,    0
948657,19920713,  261,    0
948657,19920714,  281,    0
948657,19920715,  273,    0
948657,19920716,  271,    0
948657,19920717,  276,    0
948657,19920718,  279,    0
948657,19920719,  252,    0
948657,19920720,  279,    0
948657,19920721,  274,    0
948657,19920722,  264,    0
948657,19920723,  273,    0
948657,19920724,  276,    0
948657,19920725,  276,    0
948657,19920726,  266,    0
948657,19920727,  257,    0
948657,19920728,  263,    0
948657,19920729,  284,    0
948657,19920730,  260,    0
948657,19920731,  281,    0
948657,19920801,  277,    0
948657,19920802,  278,    0
948657,19920803,  276,    0
948657,19920804,  276,    0
948657,19920805,  284,    0
948657,19920806,  280,    0
948657,19920807,  269,    0
948657,19920808,  273,    0
948657,19920809,  276,    0
948657,19920810,  278,    0
948657,19920811,  274,    0
948657,19920812,  271,    0
948657,19920813,  273,    0
948657,19920814,  284,    0
948657,19920815,  288,    0
948657,19920816,  274,    0
948657,19920817,  274,    0
948657,19920818,  277,    0
948657,19920819,  273,    0
948657,19920820,  291,    0
948657,19920821,  289,    0
948657,19920822,  288,    0
948657,19920823,  276,    0
948657,19920824,  269,    0
948657,19920825,  283,    0
948657,19920826,  286,    0
948657,19920827,  277,    0
948657,19920828,  285,    0
948657,19920829,  288,    0
948657,19920830,  298,    0
948657,19920831,  289,    0
948657,19920901,  294,    0
948657,19920902,  284,    0
948657,19920903,  280,    0
948657,19920904,  257,    0
948657,19920905,  284,    0
948657,19920906,  280,    0
948657,19920907,  273,    0
948657,19920908,  281,    0
948657,19920909,  285,    0
948657,19920910,  267,    0
948657,19920911,  272,    0
948657,19920912,  274,    0
948657,19920913,  277,    0
948657,19920914,  274,    0
948657,19920915,  277,    0
948657,19920916,  282,    0
948657,19920917,  280,    0
948657,19920918,  272,    0
948657,19920919,  281,    0
948657,19920920,  266,    0
948657,19920921,  272,    0
948657,19920922,  269,    0
948657,19920923,  280,    0
948657,19920924,  275,    0
948657,19920925,  281,    0
948657,19920926,  276,    0
948657,19920927,  280,    0
948657,19920928,  256,    0
948657,19920929,  278,    0
948657,19920930,  286,    0
948657,19921001,  276,    0
948657,19921002,  278,    0
948657,19921003,  274,    0
948657,19921004,  269,    0
948657,19921005,  268,    0
948657,19921006,  258,    0
948657,19921007,  280,    0
948657,19921008,  280,    0
948657,19921009,  277,    0
948657,19921010,  269,    0
948657,19921011,  273,    0
948657,19921012,  269,    0
948657,19921013,  269,    0
948657,19921014,  278,    0
101812,19921015,-9999,    9
101812,19921016,-9999,    9
101812,19921017,-9999,    9
101812,19921018,-9999,    9
101812,19921019,-9999,    9
101812,19921020,-9999,    9
101812,19921021,-9999,    9
101812,19921022,-9999,    9
101812,19921023,-9999,    9
101812,19921024,-9999,    9
101812,19921025,-9999,    9
101812,19921026,-9999,    9
101812,19921027,-9999,    9
948657,19921028,  285,    0
948657,19921029,  281,    0
948657,19921030,  268,    0
948657,19921031,  269,    0
948657,19921101,  251,    0
948657,19921102,  268,    0
948657,19921103,  260,    0
948657,19921104,  258,    0
948657,19921105,  255,    0
948657,19921106,  252,    0
948657,19921107,  274,    0
948657,19921108,  271,    0
948657,19921109,  270,    0
948657,19921110,  265,    0
948657,19921111,  238,    0
948657,19921112,  246,    0
948657,19921113,  258,    0
948657,19921114,  258,    0
948657,19921115,  267,    0
948657,19921116,  242,    0
948657,19921117,  249,    0
948657,19921118,  266,    0
948657,19921119,  256,    0
948657,19921120,  277,    0
948657,19921121,  242,    0
948657,19921122,  265,    0
948657,19921123,  261,    0
948657,19921124,  259,    0
948657,19921125,  240,    0
948657,19921126,  259,    0
948657,19921127,  242,    0
948657,19921128,  260,    0
948657,19921129,  255,    0
948657,19921130,  248,    0
948657,19921201,  246,    0
948657,19921202,  265,    0
948657,19921203,  257,    0
948657,19921204,  264,    0
948657,19921205,  256,    0
948657,19921206,  245,    0
948657,19921207,  243,    0
948657,19921208,  262,    0
948657,19921209,  233,    0
948657,19921210,  265,    0
948657,19921211,  254,    0
948657,19921212,  258,    0
948657,19921213,  254,    0
948657,19921214,  265,    0
948657,19921215,  254,    0
948657,19921216,  258,    0
948657,19921217,  248,    0
948657,19921218,  251,    0
948657,19921219,  261,    0
948657,19921220,  255,    0
948657,19921221,  260,    0
948657,19921222,  259,    0
948657,19921223,  273,    0
948657,19921224,  245,    0
948657,19921225,  250,    0
948657,19921226,  253,    0
948657,19921227,  263,    0
948657,19921228,  260,    0
948657,19921229,  260,    0
948657,19921230,  263,    0
948657,19921231,  264,    0
948657,19930101,  257,    0
948657,19930102,  246,    0
948657,19930103,  240,    0
948657,19930104,  257,    0
948657,19930105,  264,    0
948657,19930106,  262,    0
948657,19930107,  252,    0
948657,19930108,  250,    0
948657,19930109,  261,    0
948657,19930110,  265,    0
948657,19930111,  253,    0
948657,19930112,  270,    0
948657,19930113,  267,    0
948657,19930114,  265,    0
948657,19930115,  267,    0
948657,19930116,  267,    0
948657,19930117,  257,    0
948657,19930118,  257,    0
948657,19930119,  252,    0
948657,19930120,  268,    0
948657,19930121,  242,    0
948657,19930122,  256,    0
948657,19930123,  255,    0
948657,19930124,  261,    0
948657,19930125,  263,    0
948657,19930126,  263,    0
948657,19930127,  261,    0
948657,19930128,  247,    0
948657,19930129,  236,    0
948657,19930130,  247,    0
948657,19930131,  248,    0
948657,19930201,  252,    0
948657,19930202,  246,    0
948657,19930203,  255,    0
948657,19930204,  250,    0
948657,19930205,  247,    0
948657,19930206,  260,    0
948657,19930207,  258,    0
948657,19930208,  252,    0
948657,19930209,  267,    0
948657,19930210,  250,    0
948657,19930211,  252,    0
948657,19930212,  258,    0
948657,19930213,  254,    0
948657,19930214,  250,    0
948657,19930215,  269,    0
948657,19930216,  270,    0
948657,19930217,  264,    0
948657,19930218,  262,    0
948657,19930219,  256,    0
948657,19930220,  265,    0
948657,19930221,  261,    0
948657,19930222,  263,    0
948657,19930223,  247,    0
948657,19930224,  270,    0
948657,19930225,  263,    0
948657,19930226,  253,    0
948657,19930227,  268,    0
948657,19930228,  258,    0
948657,19930301,  276,    0
948657,19930302,  261,    0
948657,19930303,  255,    0
948657,19930304,  256,    0
948657,19930305,  266,    0
948657,19930306,  265,    0
101812,19930307,-9999,    9
101812,19930308,-9999,    9
948657,19930309,  265,    0
948657,19930310,  240,    0
948657,19930311,  258,    0
948657,19930312,  254,    0
948657,19930313,  265,    0
948657,19930314,  265,    0
948657,19930315,  261,    0
948657,19930316,  268,    0
948657,19930317,  285,    0
948657,19930318,  271,    0
948657,19930319,  280,    0
948657,19930320,  279,    0
948657,19930321,  272,    0
948657,19930322,  273,    0
948657,19930323,  275,    0
948657,19930324,  263,    0
948657,19930325,  274,    0
948657,19930326,  285,    0
948657,19930327,  270,    0
948657,19930328,  274,    0
948657,19930329,  268,    0
948657,19930330,  269,    0
948657,19930331,  285,    0
948657,19930401,  287,    0
948657,19930402,  278,    0
948657,19930403,  280,    0
948657,19930404,  278,    0
948657,19930405,  287,    0
948657,19930406,  285,    0
948657,19930407,  281,    0
948657,19930408,  277,    0
948657,19930409,  268,    0
948657,19930410,  252,    0
948657,19930411,  280,    0
948657,19930412,  256,    0
948657,19930413,  275,    0
948657,19930414,  249,    0
948657,19930415,  282,    0
948657,19930416,  249,    0
948657,19930417,  283,    0
948657,19930418,  279,    0
948657,19930419,  287,    0
948657,19930420,  284,    0
948657,19930421,  280,    0
948657,19930422,  280,    0
948657,19930423,  276,    0
948657,19930424,  279,    0
948657,19930425,  279,    0
948657,19930426,  286,    0
948657,19930427,  282,    0
948657,19930428,  281,    0
948657,19930429,  288,    0
948657,19930430,  288,    0
948657,19930501,  285,    0
948657,19930502,  286,    0
948657,19930503,  279,    0
948657,19930504,  290,    0
948657,19930505,  288,    0
948657,19930506,  289,    0
948657,19930507,  294,    0
948657,19930508,  281,    0
948657,19930509,  288,    0
948657,19930510,  281,    0
948657,19930511,  272,    0
948657,19930512,  286,    0
948657,19930513,  290,    0
948657,19930514,  288,    0
948657,19930515,  285,    0
948657,19930516,  276,    0
948657,19930517,  278,    0
948657,19930518,  287,    0
948657,19930519,  282,    0
948657,19930520,  284,    0
948657,19930521,  290,    0
948657,19930522,  286,    0
948657,19930523,  281,    0
948657,19930524,  293,    0
948657,19930525,  293,    0
948657,19930526,  290,    0
948657,19930527,  291,    0
948657,19930528,  282,    0
948657,19930529,  270,    0
948657,19930530,  281,    0
948657,19930531,  282,    0
948657,19930601,  300,    0
948657,19930602,  305,    0
948657,19930603,  281,    0
948657,19930604,  290,    0
948657,19930605,  282,    0
948657,19930606,  286,    0
948657,19930607,  287,    0
948657,19930608,  303,    0
948657,19930609,  281,    0
948657,19930610,  284,    0
948657,19930611,  281,    0
948657,19930612,  301,    0
948657,19930613,  277,    0
948657,19930614,  285,    0
948657,19930615,  283,    0
948657,19930616,  255,    0
948657,19930617,  278,    0
948657,19930618,  288,    0
948657,19930619,  281,    0
948657,19930620,  282,    0
948657,19930621,  286,    0
948657,19930622,  286,    0
948657,19930623,  294,    0
948657,19930624,  280,    0
948657,19930625,  284,    0
948657,19930626,  293,    0
948657,19930627,  288,    0
948657,19930628,  283,    0
948657,19930629,  281,    0
948657,19930630,  288,    0
948657,19930701,  281,    0
948657,19930702,  254,    0
948657,19930703,  283,    0
948657,19930704,  278,    0
948657,19930705,  282,    0
948657,19930706,  264,    0
948657,19930707,  277,    0
948657,19930708,  277,    0
948657,19930709,  286,    0
948657,19930710,  286,    0
948657,19930711,  288,    0
948657,19930712,  288,    0
948657,19930713,  282,    0
948657,19930714,  286,    0
101812,19930715,-9999,    9
101812,19930716,-9999,    9
948657,19930717,  284,    0
948657,19930718,  288,    0
948657,19930719,  285,    0
948657,19930720,  281,    0
948657,19930721,  277,    0
948657,19930722,  274,    0
948657,19930723,  295,    0
948657,19930724,  281,    0
948657,19930725,  273,    0
948657,19930726,  281,    0
948657,19930727,  285,    0
948657,19930728,  276,    0
948657,19930729,  298,    0
948657,19930730,  285,    0
948657,19930731,  296,    0
948657,19930801,  273,    0
948657,19930802,  264,    0
948657,19930803,  274,    0
948657,19930804,  288,    0
948657,19930805,  285,    0
948657,19930806,  291,    0
948657,19930807,  274,    0
948657,19930808,  289,    0
948657,19930809,  279,    0
948657,19930810,  279,    0
948657,19930811,  278,    0
948657,19930812,  289,    0
948657,19930813,  294,    0
948657,19930814,  291,    0
948657,19930815,  269,    0
948657,19930816,  276,    0
948657,19930817,  290,    0
948657,19930818,  268,    0
948657,19930819,  285,    0
948657,19930820,  287,    0
948657,19930821,  280,    0
948657,19930822,  267,    0
948657,19930823,  277,    0
948657,19930824,  276,    0
948657,19930825,  283,    0
948657,19930826,  268,    0
948657,19930827,  271,    0
948657,19930828,  273,    0
948657,19930829,  267,    0
948657,19930830,  274,    0
948657,19930831,  271,    0
948657,19930901,  283,    0
948657,19930902,  279,    0
948657,19930903,  262,    0
948657,19930904,  284,    0
948657,19930905,  275,    0
948657,19930906,  260,    0
948657,19930907,  277,    0
948657,19930908,  280,    0
948657,19930909,  272,    0
948657,19930910,  286,    0
948657,19930911,  285,    0
948657,19930912,  280,    0
948657,19930913,  272,    0
948657,19930914,  265,    0
948657,19930915,  276,    0
948657,19930916,  274,    0
948657,19930917,  277,    0
948657,19930918,  276,    0
948657,19930919,  251,    0
948657,19930920,  274,    0
948657,19930921,  264,    0
948657,19930922,  283,    0
948657,19930923,  282,    0
948657,19930924,  286,    0
948657,19930925,  280,    0
948657,19930926,  280,    0
948657,19930927,  286,    0
948657,19930928,  287,    0
948657,19930929,  279,    0
948657,19930930,  280,    0
948657,19931001,  271,    0
948657,19931002,  278,    0
948657,19931003,  267,    0
948657,19931004,  280,    0
948657,19931005,  286,    0
948657,19931006,  288,    0
948657,19931007,  290,    0
948657,19931008,  285,    0
948657,19931009,  288,    0
948657,19931010,  276,    0
948657,19931011,  273,    0
948657,19931012,  258,    0
948657,19931013,  273,    0
948657,19931014,  275,    0
948657,19931015,  270,    0
948657,19931016,  262,    0
948657,19931017,  290,    0
948657,19931018,  283,    0
948657,19931019,  268,    0
948657,19931020,  278,    0
948657,19931021,  281,    0
948657,19931022,  289,    0
948657,19931023,  275,    0
948657,19931024,  285,    0
948657,19931025,  276,    0
948657,19931026,  288,    0
948657,19931027,  277,    0
948657,19931028,  275,    0
948657,19931029,  282,    0
948657,19931030,  247,    0
948657,19931031,  238,    0
948657,19931101,  273,    0
948657,19931102,  242,    0
948657,19931103,  243,    0
948657,19931104,  239,    0
948657,19931105,  273,    0
948657,19931106,  253,    0
948657,19931107,  273,    0
948657,19931108,  259,    0
948657,19931109,  277,    0
948657,19931110,  271,    0
948657,19931111,  278,    0
948657,19931112,  275,    0
948657,19931113,  264,    0
948657,19931114,  273,    0
948657,19931115,  267,    0
948657,19931116,  266,    0
948657,19931117,  278,    0
948657,19931118,  278,    0
948657,19931119,  282,    0
948657,19931120,  282,    0
948657,19931121,  276,    0
948657,19931122,  274,    0
948657,19931123,  275,    0
948657,19931124,  279,    0
948657,19931125,  274,    0
948657,19931126,  276,    0
948657,19931127,  273,    0
948657,19931128,  289,    0
948657,19931129,  267,    0
948657,19931130,  243,    0
948657,19931201,  262,    0
948657,19931202,  269,    0
948657,19931203,  266,    0
948657,19931204,  280,    0
948657,19931205,  273,    0
948657,19931206,  283,    0
948657,19931207,  250,    0
948657,19931208,  265,    0
948657,19931209,  266,    0
948657,19931210,  273,    0
948657,19931211,  260,    0
948657,19931212,  271,    0
948657,19931213,  272,    0
948657,19931214,  276,    0
948657,19931215,  283,    0
948657,19931216,  274,    0
948657,19931217,  256,    0
948657,19931218,  238,    0
948657,19931219,  265,    0
948657,19931220,  257,    0
948657,19931221,  259,    0
948657,19931222,  244,    0
948657,19931223,  248,    0
948657,19931224,  251,    0
948657,19931225,  251,    0
948657,19931226,  247,    0
948657,19931227,  256,    0
948657,19931228,  248,    0
948657,19931229,  257,    0
948657,19931230,  259,    0
948657,19931231,  259,    0
948657,19940101,  271,    0
948657,19940102,  264,    0
948657,19940103,  258,    0
948657,19940104,  223,    0
948657,19940105,  265,    0
948657,19940106,  264,    0
948657,19940107,  256,    0
948657,19940108,  255,    0
948657,19940109,  267,    0
101812,19940110,-9999,    9
948657,19940111,  265,    0
948657,19940112,  264,    0
948657,19940113,  263,    0
948657,19940114,  262,    0
948657,19940115,  256,    0
948657,19940116,  257,    0
948657,19940117,  249,    0
948657,19940118,  261,    0
948657,19940119,  258,    0
948657,19940120,  270,    0
948657,19940121,  266,    0
948657,19940122,  252,    0
101812,19940123,-9999,    9
948657,19940124,  250,    0
948657,19940125,  262,    0
948657,19940126,  267,    0
948657,19940127,  266,    0
948657,19940128,  263,    0
948657,19940129,  259,    0
948657,19940130,  249,    0
948657,19940131,  268,    0
948657,19940201,  268,    0
948657,19940202,  276,    0
948657,19940203,  266,    0
948657,19940204,  266,    0
948657,19940205,  266,    0
948657,19940206,  259,    0
948657,19940207,  266,    0
948657,19940208,  270,    0
948657,19940209,  277,    0
101812,19940210,-9999,    9
948657,19940211,  277,    0
948657,19940212,  279,    0
948657,19940213,  278,    0
948657,19940214,  270,    0
948657,19940215,  275,    0
948657,19940216,  280,    0
948657,19940217,  278,    0
948657,19940218,  271,    0
948657,19940219,  270,    0
948657,19940220,  289,    0
948657,19940221,  276,    0
948657,19940222,  278,    0
948657,19940223,  275,    0
948657,19940224,  266,    0
948657,19940225,  265,    0
948657,19940226,  264,    0
948657,19940227,  268,    0
948657,19940228,  254,    0
948657,19940301,  264,    0
948657,19940302,  275,    0
948657,19940303,  274,    0
948657,19940304,  258,    0
948657,19940305,  258,    0
948657,19940306,  265,    0
948657,19940307,  279,    0
948657,19940308,  275,    0
948657,19940309,  280,    0
948657,19940310,  260,    0
948657,19940311,  274,    0
948657,19940312,  273,    0
948657,19940313,  254,    0
101812,19940314,-9999,    9
101812,19940315,-9999,    9
948657,19940316,  251,    0
948657,19940317,  263,    0
948657,19940318,  315,    0
948657,19940319,  263,    0
948657,19940320,  276,    0
948657,19940321,  270,    0
948657,19940322,  263,    0
948657,19940323,  280,    0
948657,19940324,  266,    0
948657,19940325,  247,    0
948657,19940326,  268,    0
948657,19940327,  264,    0
948657,19940328,  272,    0
948657,19940329,  263,    0
948657,19940330,  273,    0
948657,19940331,  274,    0
948657,19940401,  266,    0
948657,19940402,  272,    0
948657,19940403,  278,    0
948657,19940404,  276,    0
948657,19940405,  274,    0
948657,19940406,  266,    0
948657,19940407,  283,    0
948657,19940408,  280,    0
948657,19940409,  286,    0
948657,19940410,  289,    0
948657,19940411,  281,    0
948657,19940412,  288,    0
948657,19940413,  282,    0
948657,19940414,  283,    0
948657,19940415,  262,    0
948657,19940416,  280,    0
948657,19940417,  272,    0
948657,19940418,  288,    0
948657,19940419,  282,    0
948657,19940420,  263,    0
948657,19940421,  280,    0
948657,19940422,  277,    0
948657,19940423,  281,    0
948657,19940424,  282,    0
948657,19940425,  290,    0
948657,19940426,  281,    0
948657,19940427,  286,    0
948657,19940428,  277,    0
948657,19940429,  281,    0
948657,19940430,  287,    0
948657,19940501,  287,    0
948657,19940502,  255,    0
948657,19940503,  284,    0
948657,19940504,  289,    0
948657,19940505,  279,    0
948657,19940506,  281,    0
948657,19940507,  263,    0
948657,19940508,  293,    0
948657,19940509,  289,    0
948657,19940510,  270,    0
948657,19940511,  283,    0
948657,19940512,  279,    0
948657,19940513,  284,    0
948657,19940514,  292,    0
948657,19940515,  266,    0
948657,19940516,  283,    0
948657,19940517,  288,    0
948657,19940518,  272,    0
948657,19940519,  275,    0
948657,19940520,  281,    0
948657,19940521,  279,    0
948657,19940522,  286,    0
948657,19940523,  283,    0
948657,19940524,  293,    0
948657,19940525,  286,    0
948657,19940526,  270,    0
948657,19940527,  286,    0
948657,19940528,  283,    0
948657,19940529,  289,    0
948657,19940530,  283,    0
948657,19940531,  274,    0
948657,19940601,  300,    0
948657,19940602,  290,    0
948657,19940603,  269,    0
948657,19940604,  290,    0
948657,19940605,  287,    0
948657,19940606,  289,    0
948657,19940607,  296,    0
948657,19940608,  286,    0
948657,19940609,  280,    0
948657,19940610,  281,    0
948657,19940611,  273,    0
948657,19940612,  280,    0
948657,19940613,  280,    0
948657,19940614,  283,    0
948657,19940615,  280,    0
948657,19940616,  270,    0
948657,19940617,  278,    0
948657,19940618,  294,    0
948657,19940619,  289,    0
948657,19940620,  277,    0
948657,19940621,  263,    0
948657,19940622,  267,    0
948657,19940623,  263,    0
948657,19940624,  288,    0
948657,19940625,  280,    0
948657,19940626,  270,    0
948657,19940627,  276,    0
948657,19940628,  278,    0
948657,19940629,  275,    0
948657,19940630,  282,    0
948657,19940701,  288,    0
948657,19940702,  278,    0
948657,19940703,  277,    0
948657,19940704,  282,    0
948657,19940705,  285,    0
948657,19940706,  288,    0
948657,19940707,  291,    0
948657,19940708,  287,    0
948657,19940709,  268,    0
948657,19940710,  276,    0
948657,19940711,  280,    0
948657,19940712,  285,    0
948657,19940713,  290,    0
948657,19940714,  293,    0
948657,19940715,  275,    0
948657,19940716,  289,    0
948657,19940717,  277,    0
948657,19940718,  279,    0
948657,19940719,  284,    0
948657,19940720,  275,    0
948657,19940721,  270,    0
948657,19940722,  280,    0
948657,19940723,  274,    0
948657,19940724,  276,    0
948657,19940725,  286,    0
948657,19940726,  289,    0
948657,19940727,  275,    0
948657,19940728,  285,    0
948657,19940729,  280,    0
948657,19940730,  291,    0
948657,19940731,  287,    0
948657,19940801,  280,    0
948657,19940802,  278,    0
948657,19940803,  274,    0
948657,19940804,  273,    0
948657,19940805,  293,    0
948657,19940806,  291,    0
948657,19940807,  280,    0
948657,19940808,  277,    0
948657,19940809,  279,    0
948657,19940810,  275,    0
948657,19940811,  276,    0
948657,19940812,  286,    0
948657,19940813,  280,    0
948657,19940814,  294,    0
948657,19940815,  259,    0
948657,19940816,  275,    0
948657,19940817,  278,    0
948657,19940818,  275,    0
948657,19940819,  281,    0
948657,19940820,  269,    0
948657,19940821,  272,    0
948657,19940822,  283,    0
948657,19940823,  279,    0
948657,19940824,  270,    0
948657,19940825,  279,    0
948657,19940826,  282,    0
948657,19940827,  254,    0
948657,19940828,  273,    0
948657,19940829,  273,    0
948657,19940830,  277,    0
948657,19940831,  283,    0
948657,19940901,  279,    0
948657,19940902,  285,    0
948657,19940903,  274,    0
948657,19940904,  283,    0
948657,19940905,  283,    0
948657,19940906,  286,    0
948657,19940907,  280,    0
948657,19940908,  283,    0
948657,19940909,  273,    0
948657,19940910,  281,    0
948657,19940911,  282,    0
948657,19940912,  272,    0
948657,19940913,  279,    0
948657,19940914,  279,    0
948657,19940915,  276,    0
948657,19940916,  288,    0
948657,19940917,  283,    0
948657,19940918,  266,    0
948657,19940919,  289,    0
948657,19940920,  277,    0
948657,19940921,  291,    0
948657,19940922,  286,    0
948657,19940923,  276,    0
948657,19940924,  259,    0
948657,19940925,  269,    0
948657,19940926,  280,    0
101812,19940927,-9999,    9
948657,19940928,  268,    0
948657,19940929,  279,    0
948657,19940930,  278,    0
948657,19941001,  271,    0
948657,19941002,  261,    0
948657,19941003,  275,    0
948657,19941004,  278,    0
948657,19941005,  269,    0
948657,19941006,  280,    0
948657,19941007,  279,    0
948657,19941008,  280,    0
948657,19941009,  277,    0
948657,19941010,  287,    0
948657,19941011,  282,    0
948657,19941012,  276,    0
948657,19941013,  278,    0
948657,19941014,  277,    0
948657,19941015,  273,    0
948657,19941016,  276,    0
948657,19941017,  265,    0
948657,19941018,  270,    0
948657,19941019,  286,    0
948657,19941020,  281,    0
948657,19941021,  270,    0
948657,19941022,  273,    0
948657,19941023,  263,    0
948657,19941024,  266,    0
948657,19941025,  274,    0
948657,19941026,  268,    0
948657,19941027,  275,    0
948657,19941028,  280,    0
948657,19941029,  268,    0
948657,19941030,  271,    0
948657,19941031,  275,    0
948657,19941101,  241,    0
948657,19941102,  260,    0
948657,19941103,  243,    0
948657,19941104,  247,    0
948657,19941105,  270,    0
948657,19941106,  264,    0
948657,19941107,  259,    0
948657,19941108,  247,    0
948657,19941109,  253,    0
948657,19941110,  249,    0
948657,19941111,  256,    0
948657,19941112,  267,    0
948657,19941113,  270,    0
948657,19941114,  267,    0
948657,19941115,  250,    0
948657,19941116,  248,    0
948657,19941117,  262,    0
948657,19941118,  247,    0
948657,19941119,  264,    0
948657,19941120,  257,    0
948657,19941121,  269,    0
948657,19941122,  263,    0
948657,19941123,  270,    0
948657,19941124,  270,    0
948657,19941125,  264,    0
948657,19941126,  267,    0
948657,19941127,  243,    0
948657,19941128,  275,    0
948657,19941129,  248,    0
948657,19941130,  262,    0
948657,19941201,  268,    0
948657,19941202,  264,    0
948657,19941203,  251,    0
948657,19941204,  272,    0
948657,19941205,  266,    0
948657,19941206,  267,    0
948657,19941207,  268,    0
948657,19941208,  277,    0
948657,19941209,  273,    0
948657,19941210,  273,    0
948657,19941211,  276,    0
948657,19941212,  270,    0
948657,19941213,  265,    0
948657,19941214,  269,    0
948657,19941215,  269,    0
948657,19941216,  253,    0
948657,19941217,  272,    0
948657,19941218,  238,    0
948657,19941219,  249,    0
948657,19941220,  263,    0
948657,19941221,  261,    0
948657,19941222,  249,    0
948657,19941223,  263,    0
948657,19941224,  262,    0
948657,19941225,  268,    0
948657,19941226,  272,    0
948657,19941227,  272,    0
948657,19941228,  263,    0
948657,19941229,  261,    0
948657,19941230,  266,    0
948657,19941231,  268,    0
948657,19950101,  272,    0
948657,19950102,  270,    0
948657,19950103,  272,    0
948657,19950104,  270,    0
948657,19950105,  269,    0
948657,19950106,  247,    0
948657,19950107,  260,    0
948657,19950108,  255,    0
948657,19950109,  271,    0
948657,19950110,  258,    0
948657,19950111,  249,    0
948657,19950112,  265,    0
948657,19950113,  266,    0
948657,19950114,  259,    0
948657,19950115,  258,    0
948657,19950116,  268,    0
948657,19950117,  267,    0
948657,19950118,  251,    0
948657,19950119,  253,    0
948657,19950120,  265,    0
948657,19950121,  258,    0
948657,19950122,  278,    0
948657,19950123,  268,    0
948657,19950124,  278,    0
948657,19950125,  271,    0
948657,19950126,  259,    0
948657,19950127,  258,    0
948657,19950128,  268,    0
948657,19950129,  271,    0
948657,19950130,  251,    0
948657,19950131,  263,    0
948657,19950201,  257,    0
948657,19950202,  261,    0
948657,19950203,  238,    0
948657,19950204,  248,    0
948657,19950205,  261,    0
948657,19950206,  247,    0
948657,19950207,  256,    0
948657,19950208,  261,    0
948657,19950209,  265,    0
948657,19950210,  267,    0
948657,19950211,  258,    0
948657,19950212,  262,    0
101812,19950213,-9999,    9
948657,19950214,  270,    0
948657,19950215,  268,    0
948657,19950216,  269,    0
948657,19950217,  263,    0
948657,19950218,  276,    0
948657,19950219,  268,    0
948657,19950220,  269,    0
948657,19950221,  265,    0
948657,19950222,  246,    0
948657,19950223,  272,    0
948657,19950224,  270,    0
948657,19950225,  261,    0
948657,19950226,  270,    0
948657,19950227,  275,    0
948657,19950228,  262,    0
948657,19950301,  268,    0
948657,19950302,  283,    0
948657,19950303,  266,    0
948657,19950304,  271,    0
948657,19950305,  266,    0
948657,19950306,  272,    0
948657,19950307,  268,    0
948657,19950308,  267,    0
948657,19950309,  264,    0
948657,19950310,  271,    0
948657,19950311,  273,    0
948657,19950312,  278,    0
948657,19950313,  278,    0
948657,19950314,  265,    0
948657,19950315,  270,    0
948657,19950316,  284,    0
948657,19950317,  271,    0
948657,19950318,  268,    0
948657,19950319,  280,    0
948657,19950320,  261,    0
948657,19950321,  279,    0
948657,19950322,  273,    0
948657,19950323,  274,    0
948657,19950324,  275,    0
948657,19950325,  273,    0
948657,19950326,  277,    0
948657,19950327,  282,    0
948657,19950328,  287,    0
948657,19950329,  269,    0
948657,19950330,  280,    0
948657,19950331,  276,    0
948657,19950401,  280,    0
948657,19950402,  285,    0
948657,19950403,  285,    0
948657,19950404,  289,    0
948657,19950405,  277,    0
948657,19950406,  270,    0
948657,19950407,  275,    0
948657,19950408,  276,    0
948657,19950409,  284,    0
948657,19950410,  286,    0
948657,19950411,  278,    0
948657,19950412,  276,    0
948657,19950413,  297,    0
948657,19950414,  279,    0
948657,19950415,  283,    0
948657,19950416,  283,    0
948657,19950417,  281,    0
948657,19950418,  283,    0
948657,19950419,  286,    0
948657,19950420,  284,    0
948657,19950421,  278,    0
948657,19950422,  285,    0
948657,19950423,  293,    0
948657,19950424,  300,    0
948657,19950425,  284,    0
948657,19950426,  287,    0
948657,19950427,  275,    0
948657,19950428,  272,    0
948657,19950429,  276,    0
948657,19950430,  283,    0
948657,19950501,  292,    0
948657,19950502,  283,    0
948657,19950503,  285,    0
948657,19950504,  281,    0
948657,19950505,  285,    0
948657,19950506,  283,    0
948657,19950507,  285,    0
948657,19950508,  288,    0
948657,19950509,  285,    0
948657,19950510,  291,    0
948657,19950511,  289,    0
948657,19950512,  276,    0
948657,19950513,  287,    0
948657,19950514,  285,    0
948657,19950515,  295,    0
948657,19950516,  268,    0
948657,19950517,  286,    0
948657,19950518,  271,    0
948657,19950519,  282,    0
948657,19950520,  278,    0
948657,19950521,  323,    0
948657,19950522,  290,    0
948657,19950523,  289,    0
948657,19950524,  286,    0
948657,19950525,  291,    0
948657,19950526,  286,    0
948657,19950527,  283,    0
948657,19950528,  273,    0
948657,19950529,  287,    0
948657,19950530,  290,    0
948657,19950531,  293,    0
948657,19950601,  289,    0
948657,19950602,  288,    0
948657,19950603,  282,    0
948657,19950604,  289,    0
948657,19950605,  300,    0
948657,19950606,  289,    0
948657,19950607,  293,    0
948657,19950608,  288,    0
948657,19950609,  287,    0
948657,19950610,  289,    0
948657,19950611,  288,    0
948657,19950612,  290,    0
948657,19950613,  288,    0
948657,19950614,  291,    0
948657,19950615,  295,    0
948657,19950616,  292,    0
948657,19950617,  283,    0
101812,19950618,-9999,    9
948657,19950619,  282,    0
948657,19950620,  273,    0
948657,19950621,  292,    0
948657,19950622,  285,    0
948657,19950623,  298,    0
948657,19950624,  274,    0
948657,19950625,  279,    0
948657,19950626,  286,    0
948657,19950627,  283,    0
948657,19950628,  275,    0
948657,19950629,  284,    0
948657,19950630,  290,    0
948657,19950701,  282,    0
948657,19950702,  275,    0
948657,19950703,  279,    0
948657,19950704,  275,    0
948657,19950705,  288,    0
948657,19950706,  273,    0
948657,19950707,  272,    0
948657,19950708,  283,    0
948657,19950709,  274,    0
948657,19950710,  266,    0
948657,19950711,  273,    0
948657,19950712,  281,    0
948657,19950713,  290,    0
948657,19950714,  291,    0
948657,19950715,  266,    0
948657,19950716,  289,    0
948657,19950717,  279,    0
948657,19950718,  271,    0
948657,19950719,  276,    0
948657,19950720,  277,    0
948657,19950721,  282,    0
948657,19950722,  285,    0
948657,19950723,  283,    0
948657,19950724,  276,    0
948657,19950725,  285,    0
948657,19950726,  283,    0
948657,19950727,  281,    0
948657,19950728,  289,    0
948657,19950729,  288,    0
948657,19950730,  282,    0
948657,19950731,  288,    0
948657,19950801,  278,    0
948657,19950802,  268,    0
948657,19950803,  274,    0
948657,19950804,  261,    0
948657,19950805,  284,    0
948657,19950806,  275,    0
948657,19950807,  282,    0
948657,19950808,  258,    0
948657,19950809,  274,    0
948657,19950810,  283,    0
948657,19950811,  283,    0
948657,19950812,  271,    0
948657,19950813,  280,    0
948657,19950814,  282,    0
948657,19950815,  263,    0
948657,19950816,  268,    0
948657,19950817,  285,    0
948657,19950818,  281,    0
948657,19950819,  253,    0
948657,19950820,  279,    0
948657,19950821,  276,    0
948657,19950822,  273,    0
948657,19950823,  288,    0
948657,19950824,  284,    0
948657,19950825,  284,    0
948657,19950826,  285,    0
948657,19950827,  285,    0
948657,19950828,  287,    0
948657,19950829,  286,    0
948657,19950830,  295,    0
948657,19950831,  291,    0
948657,19950901,  277,    0
948657,19950902,  284,    0
948657,19950903,  283,    0
948657,19950904,  288,    0
948657,19950905,  287,    0
948657,19950906,  280,    0
948657,19950907,  285,    0
948657,19950908,  262,    0
948657,19950909,  258,    0
948657,19950910,  286,    0
948657,19950911,  276,    0
948657,19950912,  273,    0
948657,19950913,  279,    0
948657,19950914,  287,    0
948657,19950915,  286,    0
948657,19950916,  285,    0
948657,19950917,  281,    0
948657,19950918,  262,    0
948657,19950919,  278,    0
948657,19950920,  286,    0
948657,19950921,  277,    0
948657,19950922,  269,    0
948657,19950923,  293,    0
948657,19950924,  266,    0
948657,19950925,  263,    0
948657,19950926,  275,    0
948657,19950927,  278,    0
948657,19950928,  276,    0
948657,19950929,  278,    0
948657,19950930,  293,    0
948657,19951001,  288,    0
948657,19951002,  291,    0
948657,19951003,  282,    0
948657,19951004,  283,    0
948657,19951005,  285,    0
948657,19951006,  296,    0
948657,19951007,  287,    0
948657,19951008,  280,    0
948657,19951009,  262,    0
948657,19951010,  292,    0
948657,19951011,  290,    0
948657,19951012,  276,    0
948657,19951013,  293,    0
948657,19951014,  275,    0
948657,19951015,  268,    0
948657,19951016,  266,    0
948657,19951017,  279,    0
948657,19951018,  282,    0
948657,19951019,  254,    0
948657,19951020,  281,    0
948657,19951021,  265,    0
948657,19951022,  279,    0
948657,19951023,  280,    0
948657,19951024,  277,    0
948657,19951025,  275,    0
948657,19951026,  284,    0
948657,19951027,  283,    0
948657,19951028,  261,    0
948657,19951029,  285,    0
948657,19951030,  270,    0
948657,19951031,  278,    0
948657,19951101,  283,    0
948657,19951102,  280,    0
948657,19951103,  290,    0
948657,19951104,  262,    0
948657,19951105,  274,    0
948657,19951106,  270,    0
948657,19951107,  275,    0
948657,19951108,  274,    0
948657,19951109,  273,    0
948657,19951110,  270,    0
948657,19951111,  267,    0
948657,19951112,  273,    0
948657,19951113,  267,    0
948657,19951114,  279,    0
948657,19951115,  261,    0
948657,19951116,  262,    0
948657,19951117,  250,    0
948657,19951118,  268,    0
948657,19951119,  257,    0
948657,19951120,  276,    0
948657,19951121,  271,    0
948657,19951122,  276,    0
948657,19951123,  247,    0
948657,19951124,  248,    0
948657,19951125,  265,    0
948657,19951126,  250,    0
948657,19951127,  268,    0
948657,19951128,  278,    0
948657,19951129,  275,    0
948657,19951130,  280,    0
948657,19951201,  277,    0
948657,19951202,  266,    0
948657,19951203,  254,    0
948657,19951204,  235,    0
948657,19951205,  257,    0
948657,19951206,  254,    0
948657,19951207,  256,    0
948657,19951208,  256,    0
948657,19951209,  268,    0
948657,19951210,  260,    0
948657,19951211,  259,    0
948657,19951212,  261,    0
948657,19951213,  271,    0
948657,19951214,  278,    0
948657,19951215,  277,    0
948657,19951216,  268,    0
948657,19951217,  268,    0
948657,19951218,  269,    0
948657,19951219,  253,    0
948657,19951220,  261,    0
948657,19951221,  247,    0
948657,19951222,  262,    0
948657,19951223,  254,    0
948657,19951224,  252,    0
948657,19951225,  258,    0
948657,19951226,  269,    0
948657,19951227,  262,    0
948657,19951228,  240,    0
948657,19951229,  244,    0
948657,19951230,  254,    0
948657,19951231,  238,    0
948657,19960101,  241,    0
948657,19960102,  247,    0
948657,19960103,  243,    0
948657,19960104,  245,    0
948657,19960105,  253,    0
948657,19960106,  260,    0
948657,19960107,  258,    0
948657,19960108,  256,    0
948657,19960109,  252,    0
948657,19960110,  249,    0
948657,19960111,  236,    0
948657,19960112,  247,    0
948657,19960113,  255,    0
948657,19960114,  258,    0
948657,19960115,  249,    0
948657,19960116,  251,    0
948657,19960117,  243,    0
948657,19960118,  256,    0
948657,19960119,  253,    0
948657,19960120,  263,    0
948657,19960121,  258,    0
948657,19960122,  248,    0
948657,19960123,  269,    0
948657,19960124,  268,    0
948657,19960125,  261,    0
948657,19960126,  262,    0
948657,19960127,  265,    0
948657,19960128,  251,    0
948657,19960129,  255,    0
948657,19960130,  251,    0
948657,19960131,  252,    0
948657,19960201,  250,    0
948657,19960202,  250,    0
948657,19960203,  256,    0
948657,19960204,  253,    0
948657,19960205,  252,    0
948657,19960206,  254,    0
948657,19960207,  252,    0
948657,19960208,  257,    0
948657,19960209,  256,    0
948657,19960210,  246,    0
948657,19960211,  238,    0
948657,19960212,  247,    0
948657,19960213,  273,    0
948657,19960214,  260,    0
948657,19960215,  273,    0
948657,19960216,  253,    0
948657,19960217,  270,    0
948657,19960218,  275,    0
948657,19960219,  262,    0
948657,19960220,  254,    0
948657,19960221,  259,    0
948657,19960222,  262,    0
948657,19960223,  256,    0
948657,19960224,  252,    0
948657,19960225,  256,    0
948657,19960226,  257,    0
948657,19960227,  256,    0
948657,19960228,  252,    0
948657,19960229,  248,    0
948657,19960301,  262,    0
948657,19960302,  263,    0
948657,19960303,  255,    0
948657,19960304,  250,    0
948657,19960305,  256,    0
948657,19960306,  257,    0
948657,19960307,  268,    0
948657,19960308,  258,    0
948657,19960309,  265,    0
948657,19960310,  268,    0
948657,19960311,  270,    0
948657,19960312,  267,    0
948657,19960313,  268,    0
948657,19960314,  276,    0
948657,19960315,  264,    0
948657,19960316,  272,    0
948657,19960317,  285,    0
948657,19960318,  289,    0
948657,19960319,  288,    0
948657,19960320,  290,    0
948657,19960321,  282,    0
948657,19960322,  282,    0
948657,19960323,  289,    0
948657,19960324,  284,    0
948657,19960325,  283,    0
948657,19960326,  283,    0
948657,19960327,  281,    0
948657,19960328,  266,    0
948657,19960329,  276,    0
948657,19960330,  290,    0
948657,19960331,  266,    0
948657,19960401,  277,    0
948657,19960402,  290,    0
948657,19960403,  279,    0
948657,19960404,  278,    0
948657,19960405,  279,    0
948657,19960406,  280,    0
948657,19960407,  281,    0
948657,19960408,  285,    0
948657,19960409,  279,    0
948657,19960410,  286,    0
948657,19960411,  297,    0
948657,19960412,  283,    0
948657,19960413,  271,    0
948657,19960414,  284,    0
948657,19960415,  289,    0
948657,19960416,  286,    0
948657,19960417,  283,    0
948657,19960418,  293,    0
948657,19960419,  275,    0
948657,19960420,  295,    0
948657,19960421,  288,    0
948657,19960422,  269,    0
948657,19960423,  274,    0
948657,19960424,  281,    0
948657,19960425,  282,    0
948657,19960426,  281,    0
948657,19960427,  289,    0
948657,19960428,  290,    0
948657,19960429,  289,    0
948657,19960430,  288,    0
948657,19960501,  280,    0
948657,19960502,  281,    0
948657,19960503,  291,    0
948657,19960504,  268,    0
948657,19960505,  283,    0
948657,19960506,  278,    0
948657,19960507,  295,    0
948657,19960508,  256,    0
948657,19960509,  296,    0
948657,19960510,  290,    0
948657,19960511,  291,    0
948657,19960512,  283,    0
948657,19960513,  289,    0
948657,19960514,  284,    0
948657,19960515,  291,    0
948657,19960516,  284,    0
948657,19960517,  293,    0
948657,19960518,  300,    0
948657,19960519,  295,    0
948657,19960520,  299,    0
948657,19960521,  290,    0
948657,19960522,  284,    0
948657,19960523,  290,    0
948657,19960524,  282,    0
948657,19960525,  281,    0
948657,19960526,  287,    0
948657,19960527,  279,    0
948657,19960528,  285,    0
948657,19960529,  286,    0
948657,19960530,  296,    0
948657,19960531,  291,    0
948657,19960601,  285,    0
948657,19960602,  273,    0
948657,19960603,  281,    0
948657,19960604,  285,    0
948657,19960605,  287,    0
948657,19960606,  290,    0
948657,19960607,  282,    0
948657,19960608,  285,    0
948657,19960609,  272,    0
948657,19960610,  286,    0
948657,19960611,  282,    0
948657,19960612,  291,    0
948657,19960613,  268,    0
948657,19960614,  277,    0
948657,19960615,  288,    0
948657,19960616,  276,    0
948657,19960617,  275,    0
948657,19960618,  271,    0
948657,19960619,  290,    0
948657,19960620,  293,    0
948657,19960621,  289,    0
948657,19960622,  286,    0
948657,19960623,  294,    0
948657,19960624,  276,    0
948657,19960625,  290,    0
948657,19960626,  283,    0
948657,19960627,  285,    0
948657,19960628,  277,    0
948657,19960629,  293,    0
948657,19960630,  280,    0
948657,19960701,  285,    0
948657,19960702,  281,    0
948657,19960703,  276,    0
948657,19960704,  273,    0
948657,19960705,  277,    0
948657,19960706,  291,    0
948657,19960707,  288,    0
948657,19960708,  279,    0
948657,19960709,  263,    0
948657,19960710,  279,    0
948657,19960711,  277,    0
948657,19960712,  283,    0
948657,19960713,  271,    0
948657,19960714,  275,    0
948657,19960715,  277,    0
948657,19960716,  283,    0
948657,19960717,  292,    0
948657,19960718,  305,    0
948657,19960719,  304,    0
948657,19960720,  288,    0
948657,19960721,  292,    0
948657,19960722,  298,    0
948657,19960723,  279,    0
948657,19960724,  290,    0
948657,19960725,  298,    0
948657,19960726,  287,    0
948657,19960727,  284,    0
948657,19960728,  293,    0
948657,19960729,  303,    0
948657,19960730,  283,    0
948657,19960731,  290,    0
948657,19960801,  287,    0
948657,19960802,  281,    0
948657,19960803,  291,    0
948657,19960804,  300,    0
948657,19960805,  293,    0
948657,19960806,  280,    0
948657,19960807,  281,    0
948657,19960808,  282,    0
948657,19960809,  283,    0
948657,19960810,  286,    0
948657,19960811,  268,    0
948657,19960812,  291,    0
948657,19960813,  291,    0
948657,19960814,  279,    0
948657,19960815,  278,    0
948657,19960816,  278,    0
948657,19960817,  276,    0
948657,19960818,  280,    0
948657,19960819,  274,    0
948657,19960820,  285,    0
948657,19960821,  282,    0
948657,19960822,  278,    0
948657,19960823,  291,    0
948657,19960824,  268,    0
948657,19960825,  275,    0
948657,19960826,  274,    0
948657,19960827,  276,    0
948657,19960828,  279,    0
948657,19960829,  269,    0
948657,19960830,  282,    0
948657,19960831,  273,    0
948657,19960901,  278,    0
948657,19960902,  268,    0
948657,19960903,  268,    0
948657,19960904,  278,    0
948657,19960905,  272,    0
948657,19960906,  263,    0
948657,19960907,  264,    0
948657,19960908,  273,    0
948657,19960909,  288,    0
948657,19960910,  268,    0
948657,19960911,  283,    0
948657,19960912,  293,    0
948657,19960913,  288,    0
948657,19960914,  299,    0
948657,19960915,  289,    0
948657,19960916,  283,    0
948657,19960917,  273,    0
948657,19960918,  290,    0
948657,19960919,  290,    0
948657,19960920,  295,    0
948657,19960921,  292,    0
948657,19960922,  279,    0
948657,19960923,  288,    0
948657,19960924,  271,    0
948657,19960925,  286,    0
948657,19960926,  284,    0
948657,19960927,  285,    0
948657,19960928,  285,    0
948657,19960929,  283,    0
948657,19960930,  275,    0
948657,19961001,  280,    0
948657,19961002,  256,    0
948657,19961003,  274,    0
948657,19961004,  274,    0
948657,19961005,  278,    0
948657,19961006,  275,    0
948657,19961007,  263,    0
948657,19961008,  270,    0
948657,19961009,  275,    0
948657,19961010,  275,    0
948657,19961011,  270,    0
948657,19961012,  286,    0
948657,19961013,  285,    0
948657,19961014,  274,    0
948657,19961015,  271,    0
948657,19961016,  280,    0
948657,19961017,  256,    0
948657,19961018,  281,    0
948657,19961019,  285,    0
948657,19961020,  284,    0
948657,19961021,  275,    0
948657,19961022,  272,    0
948657,19961023,  276,    0
948657,19961024,  285,    0
948657,19961025,  263,    0
948657,19961026,  276,    0
948657,19961027,  273,    0
948657,19961028,  287,    0
948657,19961029,  280,    0
948657,19961030,  287,    0
948657,19961031,  282,    0
948657,19961101,  287,    0
948657,19961102,  295,    0
948657,19961103,  281,    0
948657,19961104,  293,    0
948657,19961105,  292,    0
948657,19961106,  290,    0
948657,19961107,  269,    0
948657,19961108,  271,    0
948657,19961109,  281,    0
948657,19961110,  278,    0
948657,19961111,  289,    0
948657,19961112,  282,    0
948657,19961113,  277,    0
948657,19961114,  268,    0
948657,19961115,  281,    0
948657,19961116,  271,    0
948657,19961117,  278,    0
948657,19961118,  275,    0
948657,19961119,  262,    0
948657,19961120,  263,    0
948657,19961121,  267,    0
948657,19961122,  267,    0
948657,19961123,  282,    0
948657,19961124,  271,    0
948657,19961125,  260,    0
948657,19961126,  274,    0
948657,19961127,  273,    0
948657,19961128,  275,    0
948657,19961129,  281,    0
948657,19961130,  264,    0
948657,19961201,  276,    0
948657,19961202,  266,    0
948657,19961203,  270,    0
948657,19961204,  276,    0
948657,19961205,  273,    0
948657,19961206,  252,    0
948657,19961207,  261,    0
948657,19961208,  274,    0
948657,19961209,  257,    0
948657,19961210,  261,    0
948657,19961211,  257,    0
948657,19961212,  236,    0
948657,19961213,  251,    0
948657,19961214,  234,    0
948657,19961215,  244,    0
948657,19961216,  243,    0
948657,19961217,  268,    0
948657,19961218,  263,    0
948657,19961219,  258,    0
948657,19961220,  275,    0
948657,19961221,  268,    0
948657,19961222,  256,    0
948657,19961223,  266,    0
948657,19961224,  274,    0
948657,19961225,  273,    0
948657,19961226,  268,    0
948657,19961227,  268,    0
948657,19961228,  255,    0
948657,19961229,  241,    0
948657,19961230,  248,    0
948657,19961231,  254,    0
948657,19970101,  260,    0
948657,19970102,  249,    0
948657,19970103,  252,    0
948657,19970104,  265,    0
948657,19970105,  265,    0
948657,19970106,  250,    0
948657,19970107,  255,    0
948657,19970108,  264,    0
948657,19970109,  254,    0
948657,19970110,  258,    0
948657,19970111,  256,    0
948657,19970112,  257,    0
948657,19970113,  257,    0
948657,19970114,  260,    0
948657,19970115,  212,    0
948657,19970116,  265,    0
948657,19970117,  270,    0
948657,19970118,  262,    0
948657,19970119,  259,    0
948657,19970120,  263,    0
948657,19970121,  268,    0
948657,19970122,  275,    0
948657,19970123,  268,    0
948657,19970124,  269,    0
948657,19970125,  271,    0
948657,19970126,  252,    0
948657,19970127,  263,    0
948657,19970128,  268,    0
948657,19970129,  268,    0
948657,19970130,  275,    0
948657,19970131,  281,    0
948657,19970201,  275,    0
948657,19970202,  275,    0
948657,19970203,  258,    0
948657,19970204,  276,    0
948657,19970205,  271,    0
948657,19970206,  275,    0
948657,19970207,  252,    0
948657,19970208,  281,    0
948657,19970209,  263,    0
948657,19970210,  274,    0
948657,19970211,  275,    0
948657,19970212,  271,    0
948657,19970213,  277,    0
948657,19970214,  276,    0
948657,19970215,  268,    0
948657,19970216,  280,    0
948657,19970217,  270,    0
948657,19970218,  263,    0
948657,19970219,  268,    0
948657,19970220,  258,    0
948657,19970221,  260,    0
948657,19970222,  258,    0
948657,19970223,  241,    0
948657,19970224,  261,    0
948657,19970225,  259,    0
948657,19970226,  266,    0
948657,19970227,  257,    0
948657,19970228,  258,    0
948657,19970301,  270,    0
948657,19970302,  265,    0
948657,19970303,  258,    0
948657,19970304,  271,    0
948657,19970305,  263,    0
948657,19970306,  271,    0
948657,19970307,  283,    0
948657,19970308,  271,    0
948657,19970309,  278,    0
948657,19970310,  277,    0
948657,19970311,  275,    0
948657,19970312,  290,    0
948657,19970313,  274,    0
948657,19970314,  281,    0
948657,19970315,  285,    0
948657,19970316,  290,    0
948657,19970317,  283,    0
948657,19970318,  286,    0
948657,19970319,  271,    0
948657,19970320,  288,    0
948657,19970321,  289,    0
948657,19970322,  297,    0
948657,19970323,  292,    0
948657,19970324,  284,    0
948657,19970325,  288,    0
948657,19970326,  290,    0
948657,19970327,  284,    0
948657,19970328,  285,    0
948657,19970329,  290,    0
948657,19970330,  292,    0
948657,19970331,  293,    0
948657,19970401,  267,    0
948657,19970402,  274,    0
948657,19970403,  281,    0
948657,19970404,  287,    0
948657,19970405,  277,    0
948657,19970406,  282,    0
948657,19970407,  285,    0
948657,19970408,  280,    0
948657,19970409,  292,    0
948657,19970410,  284,    0
948657,19970411,  288,    0
948657,19970412,  290,    0
948657,19970413,  285,    0
948657,19970414,  286,    0
948657,19970415,  274,    0
948657,19970416,  281,    0
948657,19970417,  277,    0
948657,19970418,  290,    0
948657,19970419,  281,    0
948657,19970420,  289,    0
948657,19970421,  283,    0
948657,19970422,  290,    0
948657,19970423,  292,    0
948657,19970424,  291,    0
948657,19970425,  293,    0
948657,19970426,  296,    0
948657,19970427,  285,    0
948657,19970428,  290,    0
948657,19970429,  275,    0
948657,19970430,  281,    0
948657,19970501,  293,    0
948657,19970502,  296,    0
948657,19970503,  285,    0
948657,19970504,  304,    0
948657,19970505,  300,    0
948657,19970506,  294,    0
948657,19970507,  297,    0
948657,19970508,  296,    0
948657,19970509,  296,    0
948657,19970510,  300,    0
948657,19970511,  299,    0
948657,19970512,  293,    0
948657,19970513,  298,    0
948657,19970514,  306,    0
948657,19970515,  288,    0
948657,19970516,  291,    0
948657,19970517,  291,    0
948657,19970518,  293,    0
948657,19970519,  300,    0
948657,19970520,  305,    0
948657,19970521,  281,    0
948657,19970522,  292,    0
948657,19970523,  292,    0
948657,19970524,  283,    0
948657,19970525,  297,    0
948657,19970526,  296,    0
948657,19970527,  285,    0
948657,19970528,  308,    0
948657,19970529,  291,    0
948657,19970530,  296,    0
948657,19970531,  309,    0
948657,19970601,  295,    0
948657,19970602,  290,    0
948657,19970603,  281,    0
948657,19970604,  279,    0
948657,19970605,  286,    0
948657,19970606,  286,    0
948657,19970607,  288,    0
948657,19970608,  274,    0
948657,19970609,  283,    0
948657,19970610,  283,    0
948657,19970611,  291,    0
948657,19970612,  285,    0
948657,19970613,  288,    0
948657,19970614,  285,    0
948657,19970615,  289,    0
948657,19970616,  292,    0
101812,19970617,-9999,    9
948657,19970618,  297,    0
948657,19970619,  296,    0
948657,19970620,  277,    0
948657,19970621,  290,    0
948657,19970622,  275,    0
948657,19970623,  291,    0
948657,19970624,  286,    0
948657,19970625,  288,    0
948657,19970626,  284,    0
948657,19970627,  306,    0
948657,19970628,  271,    0
948657,19970629,  285,    0
948657,19970630,  279,    0
948657,19970701,  291,    0
948657,19970702,  279,    0
948657,19970703,  262,    0
948657,19970704,  284,    0
948657,19970705,  274,    0
948657,19970706,  285,    0
948657,19970707,  281,    0
948657,19970708,  294,    0
948657,19970709,  286,    0
948657,19970710,  288,    0
948657,19970711,  279,    0
948657,19970712,  292,    0
948657,19970713,  281,    0
948657,19970714,  285,    0
948657,19970715,  291,    0
948657,19970716,  293,    0
948657,19970717,  283,    0
948657,19970718,  295,    0
948657,19970719,  281,    0
948657,19970720,  280,    0
948657,19970721,  289,    0
948657,19970722,  274,    0
948657,19970723,  280,    0
948657,19970724,  282,    0
948657,19970725,  273,    0
948657,19970726,  287,    0
948657,19970727,  299,    0
948657,19970728,  295,    0
948657,19970729,  287,    0
948657,19970730,  295,    0
948657,19970731,  298,    0
948657,19970801,  306,    0
948657,19970802,  295,    0
948657,19970803,  302,    0
948657,19970804,  300,    0
948657,19970805,  288,    0
948657,19970806,  278,    0
948657,19970807,  278,    0
948657,19970808,  284,    0
948657,19970809,  290,    0
948657,19970810,  294,    0
948657,19970811,  302,    0
948657,19970812,  291,    0
948657,19970813,  282,    0
948657,19970814,  288,    0
948657,19970815,  286,    0
948657,19970816,  274,    0
948657,19970817,  286,    0
948657,19970818,  293,    0
948657,19970819,  293,    0
948657,19970820,  277,    0
948657,19970821,  285,    0
948657,19970822,  290,    0
948657,19970823,  267,    0
948657,19970824,  291,    0
948657,19970825,  300,    0
948657,19970826,  293,    0
948657,19970827,  280,    0
948657,19970828,  280,    0
948657,19970829,  281,    0
948657,19970830,  268,    0
948657,19970831,  291,    0
948657,19970901,  285,    0
948657,19970902,  284,    0
948657,19970903,  288,    0
948657,19970904,  283,    0
948657,19970905,  282,    0
948657,19970906,  283,    0
948657,19970907,  280,    0
948657,19970908,  286,    0
948657,19970909,  289,    0
948657,19970910,  271,    0
948657,19970911,  295,    0
948657,19970912,  264,    0
948657,19970913,  291,    0
948657,19970914,  285,    0
948657,19970915,  268,    0
948657,19970916,  281,    0
948657,19970917,  288,    0
948657,19970918,  286,    0
948657,19970919,  280,    0
948657,19970920,  277,    0
948657,19970921,  285,    0
948657,19970922,  272,    0
948657,19970923,  274,    0
948657,19970924,  276,    0
948657,19970925,  280,    0
948657,19970926,  284,    0
948657,19970927,  282,    0
948657,19970928,  280,    0
948657,19970929,  279,    0
948657,19970930,  274,    0
948657,19971001,  286,    0
948657,19971002,  291,    0
948657,19971003,  284,    0
948657,19971004,  264,    0
948657,19971005,  272,    0
948657,19971006,  274,    0
948657,19971007,  280,    0
948657,19971008,  273,    0
948657,19971009,  269,    0
948657,19971010,  277,    0
948657,19971011,  275,    0
948657,19971012,  280,    0
948657,19971013,  284,    0
948657,19971014,  275,    0
948657,19971015,  282,    0
948657,19971016,  280,    0
948657,19971017,  285,    0
948657,19971018,  276,    0
948657,19971019,  282,    0
948657,19971020,  284,    0
948657,19971021,  291,    0
948657,19971022,  278,    0
948657,19971023,  285,    0
948657,19971024,  287,    0
948657,19971025,  277,    0
948657,19971026,  285,    0
948657,19971027,  280,    0
948657,19971028,  275,    0
948657,19971029,  275,    0
948657,19971030,  281,    0
948657,19971031,  277,    0
948657,19971101,  283,    0
948657,19971102,  290,    0
948657,19971103,  280,    0
948657,19971104,  272,    0
948657,19971105,  276,    0
948657,19971106,  260,    0
948657,19971107,  282,    0
948657,19971108,  282,    0
948657,19971109,  259,    0
948657,19971110,  270,    0
948657,19971111,  275,    0
948657,19971112,  276,    0
948657,19971113,  267,    0
948657,19971114,  279,    0
948657,19971115,  261,    0
948657,19971116,  278,    0
948657,19971117,  268,    0
948657,19971118,  266,    0
948657,19971119,  257,    0
948657,19971120,  268,    0
948657,19971121,  259,    0
948657,19971122,  276,    0
948657,19971123,  277,    0
948657,19971124,  281,    0
948657,19971125,  269,    0
948657,19971126,  283,    0
948657,19971127,  278,    0
948657,19971128,  283,    0
948657,19971129,  273,    0
948657,19971130,  262,    0
948657,19971201,  264,    0
948657,19971202,  258,    0
948657,19971203,  243,    0
948657,19971204,  245,    0
948657,19971205,  268,    0
948657,19971206,  276,    0
948657,19971207,  250,    0
948657,19971208,  275,    0
948657,19971209,  281,    0
948657,19971210,  280,    0
948657,19971211,  256,    0
948657,19971212,  263,    0
948657,19971213,  273,    0
948657,19971214,  257,    0
948657,19971215,  283,    0
948657,19971216,  275,    0
948657,19971217,  130,    1
948657,19971218,  244,    0
948657,19971219,  251,    0
948657,19971220,  249,    0
948657,19971221,  273,    0
948657,19971222,  264,    0
948657,19971223,  282,    0
948657,19971224,  261,    0
948657,19971225,  273,    0
948657,19971226,  268,    0
948657,19971227,  265,    0
948657,19971228,  268,    0
948657,19971229,  259,    0
948657,19971230,  270,    0
948657,19971231,  254,    0
948657,19980101,  269,    0
948657,19980102,  263,    0
948657,19980103,  271,    0
948657,19980104,  259,    0
948657,19980105,  269,    0
948657,19980106,  267,    0
948657,19980107,  268,    0
948657,19980108,  273,    0
948657,19980109,  272,    0
948657,19980110,  279,    0
948657,19980111,  258,    0
948657,19980112,  278,    0
948657,19980113,  263,    0
948657,19980114,  278,    0
948657,19980115,  289,    0
948657,19980116,  283,    0
948657,19980117,  296,    0
948657,19980118,  287,    0
948657,19980119,  282,    0
948657,19980120,  280,    0
948657,19980121,  275,    0
948657,19980122,  276,    0
948657,19980123,  271,    0
948657,19980124,  285,    0
948657,19980125,  274,    0
948657,19980126,  269,    0
948657,19980127,  276,    0
948657,19980128,  273,    0
948657,19980129,  275,    0
948657,19980130,  274,    0
948657,19980131,  262,    0
948657,19980201,  281,    0
948657,19980202,  277,    0
948657,19980203,  275,    0
948657,19980204,  275,    0
948657,19980205,  273,    0
948657,19980206,  269,    0
948657,19980207,  271,    0
948657,19980208,  268,    0
948657,19980209,  281,    0
948657,19980210,  276,    0
948657,19980211,  286,    0
948657,19980212,  276,    0
948657,19980213,  285,    0
948657,19980214,  291,    0
948657,19980215,  276,    0
948657,19980216,  296,    0
948657,19980217,  282,    0
948657,19980218,  294,    0
948657,19980219,  283,    0
948657,19980220,  292,    0
948657,19980221,  297,    0
948657,19980222,  301,    0
948657,19980223,  285,    0
948657,19980224,  293,    0
948657,19980225,  293,    0
948657,19980226,  288,    0
948657,19980227,  289,    0
948657,19980228,  285,    0
948657,19980301,  290,    0
948657,19980302,  293,    0
948657,19980303,  266,    0
948657,19980304,  283,    0
948657,19980305,  290,    0
948657,19980306,  294,    0
948657,19980307,  284,    0
948657,19980308,  291,    0
948657,19980309,  283,    0
948657,19980310,  303,    0
948657,19980311,  293,    0
948657,19980312,  297,    0
948657,19980313,  286,    0
948657,19980314,  296,    0
948657,19980315,  295,    0
948657,19980316,  300,    0
948657,19980317,  293,    0
948657,19980318,  294,    0
948657,19980319,  302,    0
948657,19980320,  297,    0
948657,19980321,  289,    0
948657,19980322,  294,    0
948657,19980323,  300,    0
948657,19980324,  298,    0
948657,19980325,  297,    0
948657,19980326,  298,    0
948657,19980327,  277,    0
948657,19980328,  287,    0
948657,19980329,  294,    0
948657,19980330,  289,    0
948657,19980331,  281,    0
948657,19980401,  285,    0
948657,19980402,  286,    0
948657,19980403,  289,    0
948657,19980404,  291,    0
948657,19980405,  295,    0
948657,19980406,  295,    0
948657,19980407,  293,    0
948657,19980408,  298,    0
948657,19980409,  297,    0
948657,19980410,  302,    0
948657,19980411,  301,    0
948657,19980412,  305,    0
948657,19980413,  305,    0
948657,19980414,  299,    0
948657,19980415,  304,    0
948657,19980416,  298,    0
948657,19980417,  295,    0
948657,19980418,  296,    0
948657,19980419,  292,    0
948657,19980420,  296,    0
948657,19980421,  306,    0
948657,19980422,  304,    0
948657,19980423,  309,    0
948657,19980424,  308,    0
948657,19980425,  303,    0
948657,19980426,  303,    0
948657,19980427,  299,    0
948657,19980428,  303,    0
948657,19980429,  310,    0
948657,19980430,  284,    0
948657,19980501,  295,    0
948657,19980502,  305,    0
948657,19980503,  307,    0
948657,19980504,  306,    0
948657,19980505,  298,    0
948657,19980506,  285,    0
948657,19980507,  266,    0
948657,19980508,  302,    0
948657,19980509,  301,    0
948657,19980510,  304,    0
948657,19980511,  279,    0
948657,19980512,  304,    0
948657,19980513,  299,    0
948657,19980514,  295,    0
948657,19980515,  301,    0
948657,19980516,  295,    0
948657,19980517,  304,    0
948657,19980518,  296,    0
948657,19980519,  300,    0
948657,19980520,  306,    0
948657,19980521,  313,    0
948657,19980522,  304,    0
948657,19980523,  296,    0
948657,19980524,  288,    0
948657,19980525,  310,    0
948657,19980526,  320,    0
948657,19980527,  316,    0
948657,19980528,  309,    0
948657,19980529,  316,    0
948657,19980530,  311,    0
948657,19980531,  306,    0
948657,19980601,  303,    0
948657,19980602,  308,    0
948657,19980603,  298,    0
948657,19980604,  300,    0
948657,19980605,  298,    0
948657,19980606,  300,    0
948657,19980607,  290,    0
948657,19980608,  292,    0
948657,19980609,  290,    0
948657,19980610,  306,    0
948657,19980611,  293,    0
948657,19980612,  293,    0
948657,19980613,  290,    0
948657,19980614,  291,    0
948657,19980615,  271,    0
948657,19980616,  296,    0
948657,19980617,  292,    0
948657,19980618,  286,    0
948657,19980619,  274,    0
948657,19980620,  295,    0
948657,19980621,  264,    0
948657,19980622,  295,    0
948657,19980623,  298,    0
948657,19980624,  284,    0
948657,19980625,  271,    0
948657,19980626,  295,    0
948657,19980627,  296,    0
948657,19980628,  278,    0
948657,19980629,  290,    0
948657,19980630,  292,    0
948657,19980701,  286,    0
948657,19980702,  277,    0
948657,19980703,  278,    0
948657,19980704,  298,    0
948657,19980705,  280,    0
948657,19980706,  282,    0
948657,19980707,  292,    0
948657,19980708,  287,    0
948657,19980709,  283,    0
948657,19980710,  284,    0
948657,19980711,  262,    0
948657,19980712,  258,    0
948657,19980713,  285,    0
948657,19980714,  269,    0
948657,19980715,  281,    0
948657,19980716,  290,    0
948657,19980717,  281,    0
948657,19980718,  300,    0
948657,19980719,  280,    0
948657,19980720,  281,    0
948657,19980721,  271,    0
948657,19980722,  288,    0
948657,19980723,  295,    0
948657,19980724,  278,    0
948657,19980725,  284,    0
948657,19980726,  283,    0
948657,19980727,  280,    0
948657,19980728,  266,    0
948657,19980729,  284,    0
948657,19980730,  293,    0
948657,19980731,  302,    0
948657,19980801,  286,    0
948657,19980802,  271,    0
948657,19980803,  287,    0
948657,19980804,  261,    0
948657,19980805,  286,    0
948657,19980806,  291,    0
948657,19980807,  290,    0
948657,19980808,  276,    0
948657,19980809,  282,    0
948657,19980810,  290,    0
948657,19980811,  288,    0
948657,19980812,  287,    0
948657,19980813,  291,    0
948657,19980814,  280,    0
948657,19980815,  283,    0
948657,19980816,  282,    0
948657,19980817,  283,    0
948657,19980818,  279,    0
948657,19980819,  265,    0
948657,19980820,  289,    0
948657,19980821,  285,    0
948657,19980822,  282,    0
948657,19980823,  280,    0
948657,19980824,  280,    0
948657,19980825,  281,    0
948657,19980826,  277,    0
948657,19980827,  295,    0
948657,19980828,  273,    0
948657,19980829,  293,    0
948657,19980830,  295,    0
948657,19980831,  283,    0
948657,19980901,  286,    0
948657,19980902,  286,    0
948657,19980903,  281,    0
948657,19980904,  295,    0
948657,19980905,  288,    0
948657,19980906,  283,    0
948657,19980907,  287,    0
948657,19980908,  280,    0
948657,19980909,  287,    0
948657,19980910,  287,    0
948657,19980911,  288,    0
948657,19980912,  283,    0
948657,19980913,  278,    0
948657,19980914,  295,    0
948657,19980915,  292,    0
948657,19980916,  290,    0
948657,19980917,  288,    0
948657,19980918,  297,    0
948657,19980919,  290,    0
948657,19980920,  290,    0
948657,19980921,  288,    0
948657,19980922,  288,    0
948657,19980923,  292,    0
948657,19980924,  260,    0
948657,19980925,  266,    0
948657,19980926,  293,    0
948657,19980927,  289,    0
948657,19980928,  272,    0
948657,19980929,  278,    0
948657,19980930,  288,    0
948657,19981001,  293,    0
948657,19981002,  295,    0
948657,19981003,  297,    0
948657,19981004,  290,    0
948657,19981005,  299,    0
948657,19981006,  272,    0
948657,19981007,  275,    0
948657,19981008,  287,    0
948657,19981009,  281,    0
948657,19981010,  293,    0
948657,19981011,  276,    0
948657,19981012,  264,    0
948657,19981013,  288,    0
948657,19981014,  258,    0
948657,19981015,  289,    0
948657,19981016,  293,    0
948657,19981017,  287,    0
948657,19981018,  293,    0
948657,19981019,  289,    0
948657,19981020,  285,    0
948657,19981021,  287,    0
948657,19981022,  284,    0
948657,19981023,  291,    0
948657,19981024,  284,    0
948657,19981025,  283,    0
948657,19981026,  273,    0
948657,19981027,  250,    0
948657,19981028,  279,    0
948657,19981029,  249,    0
948657,19981030,  281,    0
948657,19981031,  280,    0
948657,19981101,  284,    0
948657,19981102,  274,    0
948657,19981103,  277,    0
948657,19981104,  274,    0
948657,19981105,  268,    0
948657,19981106,  274,    0
948657,19981107,  273,    0
948657,19981108,  272,    0
948657,19981109,  285,    0
948657,19981110,  289,    0
948657,19981111,  280,    0
948657,19981112,  275,    0
948657,19981113,  285,    0
948657,19981114,  286,    0
948657,19981115,  285,    0
948657,19981116,  277,    0
948657,19981117,  289,    0
948657,19981118,  272,    0
948657,19981119,  281,    0
948657,19981120,  286,    0
948657,19981121,  287,    0
948657,19981122,  283,    0
948657,19981123,  271,    0
948657,19981124,  290,    0
948657,19981125,  280,    0
948657,19981126,  283,    0
948657,19981127,  272,    0
948657,19981128,  286,    0
948657,19981129,  273,    0
948657,19981130,  262,    0
948657,19981201,  278,    0
948657,19981202,  280,    0
948657,19981203,  279,    0
948657,19981204,  283,    0
948657,19981205,  277,    0
948657,19981206,  271,    0
948657,19981207,  267,    0
948657,19981208,  241,    0
948657,19981209,  260,    0
948657,19981210,  261,    0
948657,19981211,  282,    0
948657,19981212,  267,    0
948657,19981213,  272,    0
948657,19981214,  281,    0
948657,19981215,  272,    0
948657,19981216,  259,    0
948657,19981217,  269,    0
948657,19981218,  265,    0
948657,19981219,  271,    0
948657,19981220,  275,    0
948657,19981221,  283,    0
948657,19981222,  271,    0
948657,19981223,  254,    0
948657,19981224,  267,    0
948657,19981225,  270,    0
948657,19981226,  263,    0
948657,19981227,  230,    0
948657,19981228,  254,    0
948657,19981229,  247,    0
948657,19981230,  258,    0
948657,19981231,  240,    0
948657,19990101,  244,    0
948657,19990102,  251,    0
948657,19990103,  245,    0
948657,19990104,  267,    0
948657,19990105,  265,    0
101812,19990106,-9999,    9
948657,19990107,  251,    0
948657,19990108,  257,    0
948657,19990109,  253,    0
948657,19990110,  252,    0
948657,19990111,  265,    0
948657,19990112,  280,    0
948657,19990113,  264,    0
948657,19990114,  273,    0
948657,19990115,  271,    0
948657,19990116,  270,    0
948657,19990117,  270,    0
948657,19990118,  272,    0
948657,19990119,  271,    0
948657,19990120,  263,    0
948657,19990121,  260,    0
948657,19990122,  263,    0
948657,19990123,  260,    0
948657,19990124,  250,    0
948657,19990125,  238,    0
948657,19990126,  255,    0
948657,19990127,  269,    0
948657,19990128,  258,    0
948657,19990129,  276,    0
948657,19990130,  281,    0
948657,19990131,  277,    0
948657,19990201,  274,    0
948657,19990202,  276,    0
948657,19990203,  237,    0
948657,19990204,  256,    0
948657,19990205,  258,    0
948657,19990206,  250,    0
948657,19990207,  256,    0
948657,19990208,  249,    0
948657,19990209,  261,    0
948657,19990210,  250,    0
948657,19990211,  263,    0
948657,19990212,  259,    0
948657,19990213,  243,    0
948657,19990214,  249,    0
948657,19990215,  261,    0
948657,19990216,  262,    0
948657,19990217,  259,    0
948657,19990218,  269,    0
948657,19990219,  256,    0
948657,19990220,  253,    0
948657,19990221,  254,    0
948657,19990222,  262,    0
948657,19990223,  258,    0
948657,19990224,  268,    0
948657,19990225,  263,    0
948657,19990226,  266,    0
948657,19990227,  263,    0
948657,19990228,  270,    0
948657,19990301,  241,    0
948657,19990302,  261,    0
948657,19990303,  260,    0
948657,19990304,  258,    0
948657,19990305,  266,    0
948657,19990306,  267,    0
948657,19990307,  256,    0
948657,19990308,  262,    0
948657,19990309,  264,    0
948657,19990310,  267,    0
948657,19990311,  271,    0
948657,19990312,  269,    0
948657,19990313,  275,    0
948657,19990314,  277,    0
948657,19990315,  281,    0
948657,19990316,  274,    0
948657,19990317,  276,    0
948657,19990318,  274,    0
948657,19990319,  271,    0
948657,19990320,  259,    0
948657,19990321,  270,    0
948657,19990322,  268,    0
948657,19990323,  262,    0
948657,19990324,  267,    0
948657,19990325,  263,    0
948657,19990326,  274,    0
948657,19990327,  274,    0
948657,19990328,  267,    0
948657,19990329,  269,    0
948657,19990330,  275,    0
948657,19990331,  274,    0
948657,19990401,  269,    0
948657,19990402,  288,    0
948657,19990403,  267,    0
948657,19990404,  279,    0
948657,19990405,  257,    0
948657,19990406,  272,    0
948657,19990407,  266,    0
948657,19990408,  268,    0
948657,19990409,  259,    0
948657,19990410,  265,    0
948657,19990411,  265,    0
948657,19990412,  283,    0
948657,19990413,  266,    0
948657,19990414,  268,    0
948657,19990415,  266,    0
948657,19990416,  260,    0
948657,19990417,  263,    0
948657,19990418,  270,    0
948657,19990419,  256,    0
948657,19990420,  273,    0
948657,19990421,  257,    0
948657,19990422,  264,    0
948657,19990423,  272,    0
948657,19990424,  267,    0
948657,19990425,  278,    0
948657,19990426,  282,    0
948657,19990427,  285,    0
948657,19990428,  277,    0
948657,19990429,  265,    0
948657,19990430,  267,    0
948657,19990501,  274,    0
948657,19990502,  285,    0
948657,19990503,  295,    0
948657,19990504,  277,    0
948657,19990505,  282,    0
948657,19990506,  284,    0
948657,19990507,  275,    0
948657,19990508,  269,    0
948657,19990509,  264,    0
948657,19990510,  266,    0
948657,19990511,  277,    0
948657,19990512,  254,    0
948657,19990513,  273,    0
948657,19990514,  284,    0
948657,19990515,  259,    0
948657,19990516,  258,    0
948657,19990517,  276,    0
948657,19990518,  262,    0
948657,19990519,  269,    0
948657,19990520,  271,    0
948657,19990521,  261,    0
948657,19990522,  257,    0
948657,19990523,  268,    0
948657,19990524,  264,    0
948657,19990525,  251,    0
948657,19990526,  274,    0
948657,19990527,  272,    0
948657,19990528,  271,    0
948657,19990529,  279,    0
948657,19990530,  276,    0
948657,19990531,  284,    0
948657,19990601,  271,    0
948657,19990602,  274,    0
948657,19990603,  269,    0
948657,19990604,  281,    0
948657,19990605,  282,    0
948657,19990606,  281,    0
948657,19990607,  284,    0
948657,19990608,  289,    0
948657,19990609,  269,    0
948657,19990610,  281,    0
948657,19990611,  275,    0
948657,19990612,  256,    0
948657,19990613,  267,    0
948657,19990614,  263,    0
948657,19990615,  263,    0
948657,19990616,  249,    0
948657,19990617,  266,    0
948657,19990618,  277,    0
948657,19990619,  274,    0
948657,19990620,  271,    0
948657,19990621,  284,    0
948657,19990622,  266,    0
948657,19990623,  273,    0
948657,19990624,  261,    0
948657,19990625,  257,    0
948657,19990626,  279,    0
948657,19990627,  258,    0
948657,19990628,  264,    0
948657,19990629,  276,    0
948657,19990630,  279,    0
948657,19990701,  279,    0
948657,19990702,  268,    0
948657,19990703,  256,    0
948657,19990704,  265,    0
948657,19990705,  270,    0
948657,19990706,  267,    0
948657,19990707,  263,    0
948657,19990708,  271,    0
948657,19990709,  284,    0
948657,19990710,  257,    0
948657,19990711,  271,    0
948657,19990712,  266,    0
948657,19990713,  274,    0
948657,19990714,  263,    0
948657,19990715,  255,    0
948657,19990716,  268,    0
948657,19990717,  274,    0
948657,19990718,  271,    0
948657,19990719,  284,    0
948657,19990720,  282,    0
948657,19990721,  285,    0
948657,19990722,  280,    0
948657,19990723,  274,    0
948657,19990724,  284,    0
948657,19990725,  283,    0
948657,19990726,  286,    0
948657,19990727,  285,    0
948657,19990728,  287,    0
948657,19990729,  272,    0
948657,19990730,  275,    0
948657,19990731,  261,    0
948657,19990801,  279,    0
948657,19990802,  274,    0
948657,19990803,  268,    0
948657,19990804,  266,    0
948657,19990805,  268,    0
948657,19990806,  247,    0
948657,19990807,  283,    0
948657,19990808,  274,    0
948657,19990809,  271,    0
948657,19990810,  244,    0
948657,19990811,  281,    0
948657,19990812,  271,    0
948657,19990813,  280,    0
948657,19990814,  242,    0
948657,19990815,  255,    0
948657,19990816,  267,    0
948657,19990817,  268,    0
948657,19990818,  270,    0
948657,19990819,  259,    0
948657,19990820,  269,    0
948657,19990821,  270,    0
948657,19990822,  275,    0
948657,19990823,  277,    0
948657,19990824,  263,    0
948657,19990825,  250,    0
948657,19990826,  266,    0
948657,19990827,  253,    0
948657,19990828,  265,    0
948657,19990829,  249,    0
948657,19990830,  262,    0
948657,19990831,  270,    0
948657,19990901,  266,    0
948657,19990902,  276,    0
948657,19990903,  262,    0
948657,19990904,  257,    0
948657,19990905,  266,    0
948657,19990906,  275,    0
948657,19990907,  265,    0
948657,19990908,  269,    0
948657,19990909,  273,    0
948657,19990910,  252,    0
948657,19990911,  256,    0
948657,19990912,  267,    0
948657,19990913,  273,    0
948657,19990914,  274,    0
948657,19990915,  281,    0
948657,19990916,  283,    0
948657,19990917,  281,    0
948657,19990918,  261,    0
948657,19990919,  262,    0
948657,19990920,  281,    0
948657,19990921,  267,    0
948657,19990922,  272,    0
948657,19990923,  263,    0
948657,19990924,  274,    0
948657,19990925,  263,    0
948657,19990926,  257,    0
948657,19990927,  266,    0
948657,19990928,  266,    0
948657,19990929,  252,    0
948657,19990930,  271,    0
948657,19991001,  251,    0
948657,19991002,  269,    0
948657,19991003,  260,    0
948657,19991004,  258,    0
948657,19991005,  264,    0
948657,19991006,  274,    0
948657,19991007,  268,    0
948657,19991008,  268,    0
948657,19991009,  265,    0
948657,19991010,  258,    0
948657,19991011,  269,    0
948657,19991012,  253,    0
948657,19991013,  257,    0
948657,19991014,  267,    0
948657,19991015,  261,    0
948657,19991016,  281,    0
948657,19991017,  266,    0
948657,19991018,  265,    0
948657,19991019,  259,    0
948657,19991020,  272,    0
948657,19991021,  260,    0
948657,19991022,  251,    0
948657,19991023,  259,    0
948657,19991024,  266,    0
948657,19991025,  272,    0
948657,19991026,  255,    0
948657,19991027,  263,    0
948657,19991028,  257,    0
948657,19991029,  257,    0
948657,19991030,  256,    0
948657,19991031,  266,    0
948657,19991101,  256,    0
948657,19991102,  251,    0
948657,19991103,  269,    0
948657,19991104,  257,    0
948657,19991105,  290,    0
948657,19991106,  274,    0
948657,19991107,  278,    0
948657,19991108,  270,    0
948657,19991109,  257,    0
948657,19991110,  274,    0
948657,19991111,  261,    0
948657,19991112,  264,    0
948657,19991113,  254,    0
948657,19991114,  278,    0
948657,19991115,  262,    0
948657,19991116,  282,    0
948657,19991117,  256,    0
948657,19991118,  253,    0
948657,19991119,  256,    0
948657,19991120,  252,    0
948657,19991121,  244,    0
948657,19991122,  255,    0
948657,19991123,  270,    0
948657,19991124,  262,    0
948657,19991125,  254,    0
948657,19991126,  253,    0
948657,19991127,  249,    0
948657,19991128,  254,    0
948657,19991129,  268,    0
948657,19991130,  250,    0
948657,19991201,  252,    0
948657,19991202,  259,    0
948657,19991203,  262,    0
948657,19991204,  269,    0
948657,19991205,  262,    0
948657,19991206,  258,    0
948657,19991207,  246,    0
948657,19991208,  242,    0
948657,19991209,  267,    0
948657,19991210,  258,    0
948657,19991211,  266,    0
948657,19991212,  256,    0
948657,19991213,  262,    0
948657,19991214,  248,    0
948657,19991215,  265,    0
948657,19991216,  262,    0
948657,19991217,  260,    0
948657,19991218,  258,    0
948657,19991219,  254,    0
948657,19991220,  248,    0
948657,19991221,  254,    0
948657,19991222,  242,    0
948657,19991223,  241,    0
948657,19991224,  244,    0
948657,19991225,  254,    0
948657,19991226,  251,    0
948657,19991227,  246,    0
948657,19991228,  249,    0
948657,19991229,  242,    0
948657,19991230,  256,    0
948657,19991231,  262,    0
948657,20000101,  258,    0
948657,20000102,  268,    0
101812,20000103,-9999,    9
948657,20000104,  272,    0
101812,20000105,-9999,    9
101812,20000106,-9999,    9
948657,20000107,  270,    0
948657,20000108,  269,    0
101812,20000109,-9999,    9
948657,20000110,  256,    0
948657,20000111,  263,    0
948657,20000112,  271,    0
948657,20000113,  253,    0
948657,20000114,  258,    0
948657,20000115,  266,    0
948657,20000116,  267,    0
101812,20000117,-9999,    9
948657,20000118,  263,    0
948657,20000119,  253,    0
948657,20000120,  255,    0
101812,20000121,-9999,    9
948657,20000122,  262,    0
948657,20000123,  263,    0
948657,20000124,  267,    0
948657,20000125,  248,    0
948657,20000126,  261,    0
948657,20000127,  264,    0
948657,20000128,  265,    0
948657,20000129,  257,    0
948657,20000130,  250,    0
948657,20000131,  243,    0
948657,20000201,  256,    0
948657,20000202,  262,    0
948657,20000203,  255,    0
948657,20000204,  270,    0
948657,20000205,  270,    0
948657,20000206,  276,    0
948657,20000207,  287,    0
948657,20000208,  275,    0
948657,20000209,  253,    0
948657,20000210,  263,    0
948657,20000211,  269,    0
948657,20000212,  274,    0
948657,20000213,  266,    0
948657,20000214,  267,    0
948657,20000215,  276,    0
948657,20000216,  272,    0
948657,20000217,  269,    0
948657,20000218,  266,    0
948657,20000219,  258,    0
948657,20000220,  279,    0
948657,20000221,  273,    0
948657,20000222,  272,    0
948657,20000223,  272,    0
948657,20000224,  277,    0
948657,20000225,  267,    0
101812,20000226,-9999,    9
948657,20000227,  249,    0
948657,20000228,  268,    0
948657,20000229,  276,    0
948657,20000301,  268,    0
948657,20000302,  277,    0
101812,20000303,-9999,    9
948657,20000304,  277,    0
948657,20000305,  269,    0
948657,20000306,  275,    0
101812,20000307,-9999,    9
948657,20000308,  275,    0
948657,20000309,  272,    0
948657,20000310,  278,    0
948657,20000311,  277,    0
948657,20000312,  267,    0
948657,20000313,  271,    0
948657,20000314,  285,    0
948657,20000315,  279,    0
948657,20000316,  277,    0
948657,20000317,  283,    0
948657,20000318,  278,    0
948657,20000319,  275,    0
948657,20000320,  290,    0
948657,20000321,  277,    0
948657,20000322,  275,    0
948657,20000323,  274,    0
948657,20000324,  278,    0
948657,20000325,  276,    0
948657,20000326,  247,    0
948657,20000327,  273,    0
948657,20000328,  268,    0
948657,20000329,  256,    0
948657,20000330,  265,    0
948657,20000331,  278,    0
948657,20000401,  278,    0
101812,20000402,-9999,    9
948657,20000403,  282,    0
948657,20000404,  284,    0
948657,20000405,  283,    0
948657,20000406,  278,    0
948657,20000407,  288,    0
948657,20000408,  290,    0
948657,20000409,  284,    0
948657,20000410,  287,    0
948657,20000411,  278,    0
948657,20000412,  288,    0
948657,20000413,  284,    0
948657,20000414,  300,    0
948657,20000415,  287,    0
948657,20000416,  278,    0
948657,20000417,  276,    0
948657,20000418,  294,    0
948657,20000419,  283,    0
948657,20000420,  288,    0
948657,20000421,  278,    0
948657,20000422,  292,    0
948657,20000423,  274,    0
948657,20000424,  277,    0
948657,20000425,  281,    0
948657,20000426,  276,    0
948657,20000427,  283,    0
948657,20000428,  280,    0
948657,20000429,  285,    0
948657,20000430,  269,    0
948657,20000501,  289,    0
948657,20000502,  276,    0
948657,20000503,  283,    0
948657,20000504,  281,    0
948657,20000505,  278,    0
948657,20000506,  288,    0
948657,20000507,  285,    0
101812,20000508,-9999,    9
948657,20000509,  292,    0
948657,20000510,  294,    0
948657,20000511,  293,    0
948657,20000512,  290,    0
948657,20000513,  298,    0
948657,20000514,  309,    0
948657,20000515,  291,    0
948657,20000516,  290,    0
948657,20000517,  298,    0
948657,20000518,  301,    0
948657,20000519,  297,    0
948657,20000520,  293,    0
948657,20000521,  290,    0
948657,20000522,  291,    0
948657,20000523,  292,    0
948657,20000524,  288,    0
948657,20000525,  288,    0
948657,20000526,  293,    0
948657,20000527,  285,    0
948657,20000528,  296,    0
948657,20000529,  304,    0
948657,20000530,  298,    0
948657,20000531,  299,    0
948657,20000601,  242,    0
948657,20000602,  277,    0
948657,20000603,  282,    0
948657,20000604,  283,    0
948657,20000605,  297,    0
948657,20000606,  276,    0
948657,20000607,  266,    0
948657,20000608,  277,    0
948657,20000609,  268,    0
948657,20000610,  299,    0
948657,20000611,  259,    0
948657,20000612,  284,    0
948657,20000613,  272,    0
948657,20000614,  288,    0
948657,20000615,  291,    0
948657,20000616,  289,    0
948657,20000617,  278,    0
948657,20000618,  278,    0
948657,20000619,  257,    0
948657,20000620,  280,    0
948657,20000621,  287,    0
948657,20000622,  283,    0
948657,20000623,  290,    0
948657,20000624,  285,    0
948657,20000625,  277,    0
948657,20000626,  279,    0
948657,20000627,  270,    0
948657,20000628,  276,    0
948657,20000629,  281,    0
948657,20000630,  280,    0
948657,20000701,  287,    0
948657,20000702,  288,    0
948657,20000703,  282,    0
948657,20000704,  265,    0
948657,20000705,  274,    0
948657,20000706,  291,    0
948657,20000707,  288,    0
101812,20000708,-9999,    9
948657,20000709,  288,    0
948657,20000710,  287,    0
948657,20000711,  291,    0
948657,20000712,  290,    0
948657,20000713,  292,    0
948657,20000714,  292,    0
101812,20000715,-9999,    9
948657,20000716,  286,    0
948657,20000717,  298,    0
948657,20000718,  281,    0
948657,20000719,  280,    0
948657,20000720,  291,    0
948657,20000721,  276,    0
101812,20000722,-9999,    9
948657,20000723,  293,    0
948657,20000724,  268,    0
948657,20000725,  285,    0
948657,20000726,  273,    0
948657,20000727,  285,    0
948657,20000728,  278,    0
948657,20000729,  280,    0
948657,20000730,  283,    0
948657,20000731,  285,    0
948657,20000801,  279,    0
948657,20000802,  277,    0
948657,20000803,  266,    0
948657,20000804,  282,    0
948657,20000805,  257,    0
948657,20000806,  291,    0
948657,20000807,  273,    0
948657,20000808,  278,    0
948657,20000809,  288,    0
948657,20000810,  275,    0
948657,20000811,  282,    0
948657,20000812,  272,    0
948657,20000813,  278,    0
948657,20000814,  276,    0
948657,20000815,  269,    0
948657,20000816,  264,    0
948657,20000817,  281,    0
948657,20000818,  281,    0
948657,20000819,  285,    0
948657,20000820,  270,    0
948657,20000821,  276,    0
948657,20000822,  287,    0
948657,20000823,  295,    0
948657,20000824,  298,    0
948657,20000825,  283,    0
948657,20000826,  276,    0
948657,20000827,  277,    0
948657,20000828,  290,    0
948657,20000829,  280,    0
948657,20000830,  291,    0
948657,20000831,  285,    0
948657,20000901,  296,    0
948657,20000902,  275,    0
948657,20000903,  290,    0
948657,20000904,  171,    1
948657,20000905,  281,    0
948657,20000906,  285,    0
948657,20000907,  288,    0
948657,20000908,  276,    0
948657,20000909,  285,    0
101812,20000910,-9999,    9
948657,20000911,  284,    0
948657,20000912,  278,    0
948657,20000913,  275,    0
948657,20000914,  292,    0
948657,20000915,  276,    0
948657,20000916,  281,    0
948657,20000917,  281,    0
948657,20000918,  275,    0
948657,20000919,  291,    0
948657,20000920,  283,    0
948657,20000921,  278,    0
101812,20000922,-9999,    9
948657,20000923,  274,    0
948657,20000924,  280,    0
101812,20000925,-9999,    9
948657,20000926,  281,    0
101812,20000927,-9999,    9
948657,20000928,  280,    0
948657,20000929,  277,    0
948657,20000930,  268,    0
948657,20001001,  277,    0
948657,20001002,  262,    0
948657,20001003,  276,    0
948657,20001004,  279,    0
948657,20001005,  265,    0
948657,20001006,  281,    0
948657,20001007,  289,    0
948657,20001008,  291,    0
948657,20001009,  284,    0
948657,20001010,  280,    0
948657,20001011,  276,    0
948657,20001012,  270,    0
948657,20001013,  285,    0
101812,20001014,-9999,    9
948657,20001015,  283,    0
948657,20001016,  275,    0
948657,20001017,  282,    0
948657,20001018,  280,    0
948657,20001019,  272,    0
948657,20001020,  291,    0
948657,20001021,  271,    0
948657,20001022,  275,    0
948657,20001023,  282,    0
948657,20001024,  274,    0
948657,20001025,  273,    0
948657,20001026,  275,    0
948657,20001027,  278,    0
101812,20001028,-9999,    9
948657,20001029,  280,    0
948657,20001030,  287,    0
948657,20001031,  285,    0
948657,20001101,  275,    0
948657,20001102,  263,    0
948657,20001103,  260,    0
948657,20001104,  263,    0
948657,20001105,  278,    0
948657,20001106,  277,    0
101812,20001107,-9999,    9
948657,20001108,  282,    0
948657,20001109,  260,    0
948657,20001110,  271,    0
948657,20001111,  266,    0
948657,20001112,  273,    0
948657,20001113,  282,    0
948657,20001114,  280,    0
948657,20001115,  261,    0
948657,20001116,  270,    0
948657,20001117,  278,    0
948657,20001118,  276,    0
948657,20001119,  277,    0
948657,20001120,  280,    0
948657,20001121,  256,    0
948657,20001122,  241,    0
948657,20001123,  261,    0
948657,20001124,  256,    0
948657,20001125,  287,    0
948657,20001126,  290,    0
948657,20001127,  271,    0
948657,20001128,  275,    0
948657,20001129,  281,    0
948657,20001130,  279,    0
948657,20001201,  270,    0
948657,20001202,  264,    0
948657,20001203,  273,    0
948657,20001204,  281,    0
948657,20001205,  284,    0
948657,20001206,  281,    0
948657,20001207,  287,    0
948657,20001208,  292,    0
948657,20001209,  289,    0
948657,20001210,  280,    0
948657,20001211,  280,    0
948657,20001212,  283,    0
948657,20001213,  285,    0
948657,20001214,  266,    0
948657,20001215,  267,    0
948657,20001216,  265,    0
948657,20001217,  267,    0
948657,20001218,  259,    0
948657,20001219,  267,    0
948657,20001220,  260,    0
948657,20001221,  271,    0
948657,20001222,  265,    0
948657,20001223,  263,    0
948657,20001224,  263,    0
948657,20001225,  253,    0
948657,20001226,  268,    0
948657,20001227,  273,    0
948657,20001228,  284,    0
948657,20001229,  272,    0
948657,20001230,  278,    0
948657,20001231,  250,    0
948657,20010101,  255,    0
948657,20010102,  250,    0
948657,20010103,  256,    0
948657,20010104,  247,    0
948657,20010105,  267,    0
948657,20010106,  271,    0
948657,20010107,  271,    0
948657,20010108,  271,    0
948657,20010109,  263,    0
948657,20010110,  271,    0
948657,20010111,  271,    0
948657,20010112,  268,    0
948657,20010113,  265,    0
948657,20010114,  255,    0
948657,20010115,  258,    0
948657,20010116,  248,    0
948657,20010117,  229,    0
948657,20010118,  261,    0
948657,20010119,  241,    0
948657,20010120,  264,    0
948657,20010121,  262,    0
948657,20010122,  260,    0
948657,20010123,  267,    0
948657,20010124,  267,    0
948657,20010125,  271,    0
948657,20010126,  273,    0
948657,20010127,  273,    0
101812,20010128,-9999,    9
948657,20010129,  271,    0
948657,20010130,  253,    0
948657,20010131,  240,    0
948657,20010201,  271,    0
948657,20010202,  276,    0
948657,20010203,  271,    0
948657,20010204,  266,    0
948657,20010205,  263,    0
948657,20010206,  259,    0
948657,20010207,  270,    0
948657,20010208,  263,    0
948657,20010209,  266,    0
948657,20010210,  267,    0
948657,20010211,  272,    0
948657,20010212,  272,    0
948657,20010213,  285,    0
948657,20010214,  253,    0
948657,20010215,  266,    0
948657,20010216,  257,    0
948657,20010217,  262,    0
948657,20010218,  266,    0
948657,20010219,  277,    0
948657,20010220,  268,    0
948657,20010221,  275,    0
948657,20010222,  272,    0
948657,20010223,  276,    0
948657,20010224,  271,    0
948657,20010225,  273,    0
948657,20010226,  265,    0
948657,20010227,  271,    0
948657,20010228,  269,    0
948657,20010301,  273,    0
948657,20010302,  277,    0
948657,20010303,  277,    0
948657,20010304,  276,    0
948657,20010305,  235,    0
948657,20010306,  246,    0
948657,20010307,  276,    0
948657,20010308,  270,    0
948657,20010309,  271,    0
948657,20010310,  279,    0
948657,20010311,  274,    0
948657,20010312,  256,    0
948657,20010313,  267,    0
948657,20010314,  275,    0
948657,20010315,  282,    0
948657,20010316,  281,    0
948657,20010317,  280,    0
948657,20010318,  274,    0
948657,20010319,  278,    0
948657,20010320,  276,    0
948657,20010321,  283,    0
948657,20010322,  280,    0
948657,20010323,  283,    0
948657,20010324,  284,    0
948657,20010325,  288,    0
948657,20010326,  276,    0
948657,20010327,  291,    0
948657,20010328,  298,    0
101812,20010329,-9999,    9
948657,20010330,  285,    0
948657,20010331,  287,    0
948657,20010401,  284,    0
948657,20010402,  293,    0
948657,20010403,  285,    0
101812,20010404,-9999,    9
948657,20010405,  285,    0
948657,20010406,  284,    0
948657,20010407,  285,    0
948657,20010408,  296,    0
948657,20010409,  288,    0
948657,20010410,  288,    0
948657,20010411,  285,    0
948657,20010412,  288,    0
948657,20010413,  259,    0
948657,20010414,  275,    0
948657,20010415,  283,    0
948657,20010416,  288,    0
101812,20010417,-9999,    9
948657,20010418,  298,    0
948657,20010419,  290,    0
948657,20010420,  295,    0
948657,20010421,  294,    0
948657,20010422,  293,    0
948657,20010423,  293,    0
948657,20010424,  289,    0
948657,20010425,  283,    0
948657,20010426,  291,    0
948657,20010427,  290,    0
948657,20010428,  282,    0
948657,20010429,  279,    0
948657,20010430,  275,    0
948657,20010501,  278,    0
948657,20010502,  289,    0
948657,20010503,  290,    0
948657,20010504,  282,    0
948657,20010505,  290,    0
948657,20010506,  293,    0
948657,20010507,  282,    0
948657,20010508,  289,    0
948657,20010509,  290,    0
948657,20010510,  285,    0
948657,20010511,  295,    0
948657,20010512,  285,    0
948657,20010513,  284,    0
948657,20010514,  291,    0
948657,20010515,  287,    0
948657,20010516,  284,    0
948657,20010517,  293,    0
948657,20010518,  296,    0
948657,20010519,  296,    0
948657,20010520,  298,    0
948657,20010521,  305,    0
948657,20010522,  285,    0
948657,20010523,  294,    0
948657,20010524,  289,    0
948657,20010525,  286,    0
948657,20010526,  291,    0
948657,20010527,  283,    0
948657,20010528,  283,    0
948657,20010529,  293,    0
101812,20010530,-9999,    9
948657,20010531,  283,    0
948657,20010601,  288,    0
948657,20010602,  286,    0
948657,20010603,  282,    0
948657,20010604,  284,    0
948657,20010605,  278,    0
948657,20010606,  278,    0
948657,20010607,  283,    0
948657,20010608,  261,    0
948657,20010609,  281,    0
948657,20010610,  277,    0
948657,20010611,  271,    0
948657,20010612,  286,    0
948657,20010613,  283,    0
948657,20010614,  283,    0
948657,20010615,  282,    0
948657,20010616,  280,    0
948657,20010617,  281,    0
948657,20010618,  275,    0
948657,20010619,  288,    0
948657,20010620,  279,    0
948657,20010621,  287,    0
948657,20010622,  280,    0
948657,20010623,  283,    0
948657,20010624,  282,    0
948657,20010625,  287,    0
948657,20010626,  290,    0
948657,20010627,  296,    0
948657,20010628,  298,    0
948657,20010629,  283,    0
948657,20010630,  285,    0
948657,20010701,  292,    0
948657,20010702,  284,    0
948657,20010703,  276,    0
948657,20010704,  290,    0
948657,20010705,  288,    0
948657,20010706,  288,    0
948657,20010707,  286,    0
948657,20010708,  283,    0
948657,20010709,  290,    0
948657,20010710,  279,    0
948657,20010711,  281,    0
948657,20010712,  290,    0
948657,20010713,  280,    0
948657,20010714,  292,    0
948657,20010715,  270,    0
948657,20010716,  284,    0
948657,20010717,  288,    0
948657,20010718,  286,    0
948657,20010719,  299,    0
948657,20010720,  286,    0
948657,20010721,  281,    0
948657,20010722,  285,    0
948657,20010723,  280,    0
948657,20010724,  278,    0
948657,20010725,  294,    0
948657,20010726,  297,    0
948657,20010727,  287,    0
948657,20010728,  276,    0
948657,20010729,  286,    0
948657,20010730,  283,    0
948657,20010731,  285,    0
948657,20010801,  278,    0
948657,20010802,  272,    0
948657,20010803,  270,    0
948657,20010804,  276,    0
948657,20010805,  275,    0
948657,20010806,  281,    0
948657,20010807,  284,    0
948657,20010808,  286,    0
948657,20010809,  288,    0
948657,20010810,  281,    0
948657,20010811,  280,    0
948657,20010812,  282,    0
948657,20010813,  290,    0
948657,20010814,  274,    0
948657,20010815,  292,    0
948657,20010816,  284,    0
948657,20010817,  291,    0
948657,20010818,  290,    0
948657,20010819,  287,    0
101812,20010820,-9999,    9
948657,20010821,  281,    0
948657,20010822,  285,    0
948657,20010823,  281,    0
948657,20010824,  298,    0
948657,20010825,  295,    0
948657,20010826,  277,    0
948657,20010827,  273,    0
948657,20010828,  296,    0
948657,20010829,  289,    0
948657,20010830,  275,    0
948657,20010831,  280,    0
948657,20010901,  286,    0
948657,20010902,  279,    0
948657,20010903,  290,    0
948657,20010904,  279,    0
948657,20010905,  283,    0
948657,20010906,  279,    0
948657,20010907,  273,    0
948657,20010908,  279,    0
948657,20010909,  289,    0
948657,20010910,  276,    0
948657,20010911,  283,    0
948657,20010912,  288,    0
948657,20010913,  282,    0
948657,20010914,  281,    0
948657,20010915,  287,    0
948657,20010916,  287,    0
948657,20010917,  278,    0
948657,20010918,  279,    0
948657,20010919,  283,    0
948657,20010920,  290,    0
948657,20010921,  281,    0
948657,20010922,  292,    0
948657,20010923,  290,    0
948657,20010924,  285,    0
948657,20010925,  287,    0
948657,20010926,  287,    0
948657,20010927,  269,    0
948657,20010928,  285,    0
948657,20010929,  270,    0
948657,20010930,  282,    0
948657,20011001,  282,    0
948657,20011002,  278,    0
948657,20011003,  287,    0
948657,20011004,  293,    0
948657,20011005,  276,    0
948657,20011006,  270,    0
948657,20011007,  274,    0
948657,20011008,  274,    0
948657,20011009,  280,    0
948657,20011010,  276,    0
948657,20011011,  261,    0
948657,20011012,  290,    0
948657,20011013,  286,    0
948657,20011014,  287,    0
948657,20011015,  284,    0
948657,20011016,  268,    0
948657,20011017,  294,    0
948657,20011018,  282,    0
948657,20011019,  285,    0
948657,20011020,  284,    0
948657,20011021,  285,    0
948657,20011022,  281,    0
948657,20011023,  279,    0
948657,20011024,  275,    0
948657,20011025,  275,    0
948657,20011026,  275,    0
948657,20011027,  277,    0
948657,20011028,  271,    0
948657,20011029,  279,    0
948657,20011030,  279,    0
948657,20011031,  271,    0
948657,20011101,  284,    0
948657,20011102,  273,    0
948657,20011103,  283,    0
948657,20011104,  272,    0
948657,20011105,  277,    0
948657,20011106,  282,    0
948657,20011107,  272,    0
948657,20011108,  283,    0
948657,20011109,  268,    0
948657,20011110,  281,    0
948657,20011111,  272,    0
948657,20011112,  286,    0
948657,20011113,  288,    0
948657,20011114,  278,    0
948657,20011115,  270,    0
948657,20011116,  272,    0
948657,20011117,  247,    0
948657,20011118,  243,    0
948657,20011119,  260,    0
948657,20011120,  262,    0
948657,20011121,  272,    0
948657,20011122,  269,    0
948657,20011123,  270,    0
948657,20011124,  247,    0
948657,20011125,  257,    0
948657,20011126,  247,    0
948657,20011127,  229,    0
948657,20011128,  265,    0
948657,20011129,  275,    0
948657,20011130,  264,    0
948657,20011201,  280,    0
948657,20011202,  274,    0
948657,20011203,  270,    0
948657,20011204,  275,    0
948657,20011205,  283,    0
948657,20011206,  277,    0
948657,20011207,  273,    0
948657,20011208,  274,    0
948657,20011209,  276,    0
948657,20011210,  284,    0
948657,20011211,  277,    0
948657,20011212,  274,    0
948657,20011213,  272,    0
948657,20011214,  267,    0
948657,20011215,  253,    0
948657,20011216,  276,    0
948657,20011217,  246,    0
948657,20011218,  269,    0
948657,20011219,  268,    0
948657,20011220,  270,    0
948657,20011221,  260,    0
948657,20011222,  233,    0
948657,20011223,  245,    0
948657,20011224,  255,    0
948657,20011225,  268,    0
948657,20011226,  261,    0
948657,20011227,  251,    0
948657,20011228,  236,    0
948657,20011229,  240,    0
948657,20011230,  241,    0
948657,20011231,  257,    0
948657,20020101,  255,    0
948657,20020102,  259,    0
948657,20020103,  260,    0
948657,20020104,  263,    0
948657,20020105,  262,    0
948657,20020106,  265,    0
948657,20020107,  258,    0
948657,20020108,  254,    0
948657,20020109,  252,    0
948657,20020110,  258,    0
948657,20020111,  258,    0
101812,20020112,-9999,    9
948657,20020113,  262,    0
948657,20020114,  262,    0
948657,20020115,  261,    0
948657,20020116,  277,    0
948657,20020117,  270,    0
948657,20020118,  269,    0
948657,20020119,  267,    0
948657,20020120,  271,    0
948657,20020121,  266,    0
948657,20020122,  268,    0
948657,20020123,  265,    0
948657,20020124,  262,    0
948657,20020125,  246,    0
948657,20020126,  259,    0
948657,20020127,  271,    0
948657,20020128,  267,    0
948657,20020129,  262,    0
948657,20020130,  267,    0
948657,20020131,  255,    0
948657,20020201,  260,    0
948657,20020202,  269,    0
948657,20020203,  257,    0
948657,20020204,  270,    0
948657,20020205,  263,    0
948657,20020206,  257,    0
948657,20020207,  261,    0
948657,20020208,  261,    0
948657,20020209,  258,    0
948657,20020210,  266,    0
948657,20020211,  277,    0
948657,20020212,  275,    0
948657,20020213,  261,    0
948657,20020214,  265,    0
101812,20020215,-9999,    9
948657,20020216,  268,    0
948657,20020217,  272,    0
948657,20020218,  273,    0
948657,20020219,  270,    0
948657,20020220,  269,    0
948657,20020221,  276,    0
948657,20020222,  275,    0
948657,20020223,  266,    0
948657,20020224,  273,    0
948657,20020225,  275,    0
948657,20020226,  277,    0
948657,20020227,  274,    0
948657,20020228,  275,    0
948657,20020301,  280,    0
948657,20020302,  276,    0
948657,20020303,  260,    0
101812,20020304,-9999,    9
948657,20020305,  272,    0
948657,20020306,  268,    0
948657,20020307,  277,    0
948657,20020308,  273,    0
948657,20020309,  280,    0
948657,20020310,  273,    0
948657,20020311,  273,    0
948657,20020312,  277,    0
948657,20020313,  279,    0
948657,20020314,  282,    0
948657,20020315,  281,    0
948657,20020316,  292,    0
948657,20020317,  284,    0
948657,20020318,  287,    0
948657,20020319,  290,    0
948657,20020320,  260,    0
948657,20020321,  268,    0
948657,20020322,  277,    0
948657,20020323,  290,    0
948657,20020324,  286,    0
948657,20020325,  289,    0
948657,20020326,  290,    0
948657,20020327,  278,    0
948657,20020328,  289,    0
948657,20020329,  300,    0
948657,20020330,  281,    0
948657,20020331,  278,    0
948657,20020401,  277,    0
948657,20020402,  274,    0
948657,20020403,  290,    0
101812,20020404,-9999,    9
948657,20020405,  287,    0
948657,20020406,  289,    0
948657,20020407,  283,    0
948657,20020408,  293,    0
948657,20020409,  293,    0
948657,20020410,  303,    0
948657,20020411,  278,    0
948657,20020412,  283,    0
948657,20020413,  290,    0
948657,20020414,  273,    0
948657,20020415,  288,    0
948657,20020416,  280,    0
948657,20020417,  288,    0
948657,20020418,  293,    0
948657,20020419,  290,    0
101812,20020420,-9999,    9
948657,20020421,  293,    0
948657,20020422,  288,    0
948657,20020423,  288,    0
948657,20020424,  290,    0
948657,20020425,  288,    0
948657,20020426,  297,    0
948657,20020427,  284,    0
948657,20020428,  295,    0
948657,20020429,  283,    0
948657,20020430,  282,    0
948657,20020501,  283,    0
948657,20020502,  291,    0
948657,20020503,  282,    0
948657,20020504,  280,    0
948657,20020505,  285,    0
948657,20020506,  281,    0
948657,20020507,  280,    0
948657,20020508,  288,    0
948657,20020509,  282,    0
948657,20020510,  290,    0
948657,20020511,  295,    0
948657,20020512,  299,    0
948657,20020513,  299,    0
948657,20020514,  289,    0
948657,20020515,  293,    0
948657,20020516,  296,    0
948657,20020517,  307,    0
948657,20020518,  298,    0
948657,20020519,  283,    0
948657,20020520,  289,    0
948657,20020521,  285,    0
948657,20020522,  286,    0
948657,20020523,  288,    0
948657,20020524,  286,    0
948657,20020525,  292,    0
948657,20020526,  281,    0
948657,20020527,  279,    0
948657,20020528,  290,    0
948657,20020529,  292,    0
948657,20020530,  291,    0
948657,20020531,  280,    0
948657,20020601,  287,    0
948657,20020602,  300,    0
948657,20020603,  284,    0
948657,20020604,  294,    0
948657,20020605,  299,    0
948657,20020606,  296,    0
948657,20020607,  296,    0
948657,20020608,  294,    0
948657,20020609,  294,    0
948657,20020610,  294,    0
948657,20020611,  278,    0
948657,20020612,  270,    0
948657,20020613,  278,    0
948657,20020614,  273,    0
948657,20020615,  284,    0
948657,20020616,  286,    0
948657,20020617,  268,    0
948657,20020618,  285,    0
948657,20020619,  293,    0
948657,20020620,  282,    0
948657,20020621,  288,    0
948657,20020622,  295,    0
948657,20020623,  303,    0
948657,20020624,  283,    0
948657,20020625,  279,    0
948657,20020626,  277,    0
948657,20020627,  287,    0
948657,20020628,  300,    0
948657,20020629,  286,    0
948657,20020630,  287,    0
948657,20020701,  271,    0
948657,20020702,  288,    0
948657,20020703,  292,    0
948657,20020704,  290,    0
948657,20020705,  283,    0
948657,20020706,  293,    0
948657,20020707,  294,    0
948657,20020708,  297,    0
948657,20020709,  294,    0
948657,20020710,  282,    0
948657,20020711,  283,    0
948657,20020712,  290,    0
948657,20020713,  286,    0
948657,20020714,  293,    0
948657,20020715,  294,    0
948657,20020716,  296,    0
948657,20020717,  283,    0
948657,20020718,  280,    0
948657,20020719,  286,    0
948657,20020720,  283,    0
948657,20020721,  290,    0
948657,20020722,  288,    0
948657,20020723,  284,    0
948657,20020724,  288,    0
948657,20020725,  283,    0
948657,20020726,  283,    0
948657,20020727,  281,    0
948657,20020728,  292,    0
948657,20020729,  289,    0
948657,20020730,  286,    0
948657,20020731,  289,    0
948657,20020801,  283,    0
948657,20020802,  281,    0
948657,20020803,  286,    0
948657,20020804,  286,    0
948657,20020805,  277,    0
948657,20020806,  278,    0
948657,20020807,  280,    0
948657,20020808,  282,    0
948657,20020809,  271,    0
948657,20020810,  279,    0
948657,20020811,  280,    0
948657,20020812,  278,    0
948657,20020813,  294,    0
948657,20020814,  303,    0
948657,20020815,  284,    0
948657,20020816,  300,    0
948657,20020817,  291,    0
948657,20020818,  276,    0
948657,20020819,  288,    0
948657,20020820,  294,    0
948657,20020821,  289,    0
948657,20020822,  273,    0
948657,20020823,  273,    0
948657,20020824,  289,    0
948657,20020825,  295,    0
948657,20020826,  273,    0
948657,20020827,  283,    0
948657,20020828,  278,    0
948657,20020829,  287,    0
948657,20020830,  272,    0
948657,20020831,  288,    0
948657,20020901,  285,    0
948657,20020902,  290,    0
948657,20020903,  285,    0
948657,20020904,  271,    0
948657,20020905,  282,    0
948657,20020906,  278,    0
948657,20020907,  281,    0
948657,20020908,  280,    0
948657,20020909,  274,    0
948657,20020910,  272,    0
948657,20020911,  263,    0
948657,20020912,  291,    0
948657,20020913,  268,    0
948657,20020914,  286,    0
948657,20020915,  292,    0
948657,20020916,  282,    0
948657,20020917,  278,    0
948657,20020918,  283,    0
948657,20020919,  287,    0
948657,20020920,  286,    0
948657,20020921,  313,    0
948657,20020922,  281,    0
948657,20020923,  269,    0
948657,20020924,  281,    0
948657,20020925,  280,    0
948657,20020926,  281,    0
948657,20020927,  286,    0
948657,20020928,  276,    0
948657,20020929,  273,    0
101812,20020930,-9999,    9
948657,20021001,  284,    0
948657,20021002,  289,    0
948657,20021003,  285,    0
948657,20021004,  281,    0
948657,20021005,  288,    0
948657,20021006,  278,    0
948657,20021007,  288,    0
948657,20021008,  281,    0
948657,20021009,  287,    0
948657,20021010,  274,    0
948657,20021011,  281,    0
948657,20021012,  281,    0
948657,20021013,  291,    0
948657,20021014,  275,    0
948657,20021015,  280,    0
948657,20021016,  282,    0
948657,20021017,  284,    0
948657,20021018,  285,    0
948657,20021019,  292,    0
948657,20021020,  293,    0
948657,20021021,  284,    0
948657,20021022,  289,    0
948657,20021023,  286,    0
948657,20021024,  283,    0
948657,20021025,  286,    0
948657,20021026,  281,    0
948657,20021027,  281,    0
948657,20021028,  279,    0
948657,20021029,  290,    0
948657,20021030,  290,    0
948657,20021031,  288,    0
948657,20021101,  286,    0
948657,20021102,  282,    0
948657,20021103,  279,    0
948657,20021104,  256,    0
948657,20021105,  269,    0
948657,20021106,  276,    0
948657,20021107,  286,    0
948657,20021108,  278,    0
948657,20021109,  281,    0
948657,20021110,  285,    0
948657,20021111,  289,    0
948657,20021112,  289,    0
948657,20021113,  286,    0
948657,20021114,  286,    0
948657,20021115,  285,    0
948657,20021116,  289,    0
948657,20021117,  285,    0
948657,20021118,  282,    0
948657,20021119,  263,    0
948657,20021120,  273,    0
948657,20021121,  278,    0
948657,20021122,  286,    0
948657,20021123,  277,    0
948657,20021124,  285,    0
948657,20021125,  261,    0
948657,20021126,  276,    0
948657,20021127,  271,    0
948657,20021128,  288,    0
948657,20021129,  285,    0
948657,20021130,  290,    0
948657,20021201,  283,    0
948657,20021202,  280,    0
948657,20021203,  271,    0
948657,20021204,  273,    0
948657,20021205,  287,    0
948657,20021206,  286,    0
948657,20021207,  275,    0
948657,20021208,  279,    0
948657,20021209,  277,    0
948657,20021210,  253,    0
101812,20021211,-9999,    9
948657,20021212,  272,    0
948657,20021213,  249,    0
948657,20021214,  248,    0
948657,20021215,  270,    0
948657,20021216,  255,    0
101812,20021217,-9999,    9
948657,20021218,  283,    0
948657,20021219,  274,    0
948657,20021220,  283,    0
948657,20021221,  279,    0
948657,20021222,  285,    0
948657,20021223,  273,    0
948657,20021224,  278,    0
948657,20021225,  271,    0
948657,20021226,  250,    0
948657,20021227,  276,    0
948657,20021228,  289,    0
948657,20021229,  288,    0
948657,20021230,  281,    0
948657,20021231,  270,    0
948657,20030101,  273,    0
948657,20030102,  253,    0
948657,20030103,  242,    0
948657,20030104,  238,    0
948657,20030105,  242,    0
948657,20030106,  273,    0
948657,20030107,  266,    0
948657,20030108,  263,    0
948657,20030109,  268,    0
948657,20030110,  271,    0
948657,20030111,  260,    0
948657,20030112,  266,    0
948657,20030113,  255,    0
948657,20030114,  263,    0
948657,20030115,  274,    0
948657,20030116,  267,    0
948657,20030117,  266,    0
948657,20030118,  260,    0
948657,20030119,  263,    0
948657,20030120,  240,    0
948657,20030121,  272,    0
948657,20030122,  275,    0
948657,20030123,  272,    0
948657,20030124,  267,    0
948657,20030125,  260,    0
948657,20030126,  267,    0
948657,20030127,  267,    0
948657,20030128,  274,    0
948657,20030129,  265,    0
948657,20030130,  265,    0
948657,20030131,  251,    0
948657,20030201,  276,    0
948657,20030202,  268,    0
948657,20030203,  265,    0
948657,20030204,  261,    0
948657,20030205,  259,    0
948657,20030206,  266,    0
948657,20030207,  263,    0
948657,20030208,  272,    0
948657,20030209,  278,    0
948657,20030210,  276,    0
948657,20030211,  278,    0
948657,20030212,  277,    0
948657,20030213,  266,    0
948657,20030214,  266,    0
948657,20030215,  248,    0
948657,20030216,  263,    0
948657,20030217,  275,    0
948657,20030218,  266,    0
948657,20030219,  269,    0
948657,20030220,  265,    0
948657,20030221,  263,    0
101812,20030222,-9999,    9
948657,20030223,  270,    0
948657,20030224,  270,    0
948657,20030225,  283,    0
948657,20030226,  276,    0
948657,20030227,  274,    0
948657,20030228,  271,    0
948657,20030301,  283,    0
948657,20030302,  280,    0
948657,20030303,  294,    0
948657,20030304,  290,    0
948657,20030305,  287,    0
948657,20030306,  295,    0
948657,20030307,  295,    0
948657,20030308,  285,    0
948657,20030309,  282,    0
948657,20030310,  277,    0
948657,20030311,  283,    0
948657,20030312,  274,    0
948657,20030313,  276,    0
948657,20030314,  268,    0
948657,20030315,  275,    0
948657,20030316,  275,    0
948657,20030317,  281,    0
101812,20030318,-9999,    9
948657,20030319,  288,    0
948657,20030320,  268,    0
948657,20030321,  280,    0
948657,20030322,  285,    0
948657,20030323,  284,    0
948657,20030324,  279,    0
948657,20030325,  276,    0
948657,20030326,  279,    0
948657,20030327,  269,    0
948657,20030328,  267,    0
948657,20030329,  273,    0
948657,20030330,  290,    0
948657,20030331,  279,    0
948657,20030401,  288,    0
948657,20030402,  289,    0
948657,20030403,  287,    0
948657,20030404,  284,    0
948657,20030405,  285,    0
948657,20030406,  292,    0
948657,20030407,  283,    0
948657,20030408,  274,    0
948657,20030409,  291,    0
948657,20030410,  275,    0
948657,20030411,  279,    0
948657,20030412,  290,    0
948657,20030413,  292,    0
948657,20030414,  286,    0
948657,20030415,  291,    0
948657,20030416,  254,    0
948657,20030417,  275,    0
948657,20030418,  284,    0
948657,20030419,  275,    0
948657,20030420,  297,    0
948657,20030421,  286,    0
948657,20030422,  285,    0
948657,20030423,  282,    0
948657,20030424,  289,    0
948657,20030425,  289,    0
948657,20030426,  282,    0
948657,20030427,  289,    0
948657,20030428,  291,    0
948657,20030429,  290,    0
948657,20030430,  288,    0
948657,20030501,  291,    0
948657,20030502,  289,    0
948657,20030503,  283,    0
948657,20030504,  292,    0
948657,20030505,  295,    0
948657,20030506,  301,    0
948657,20030507,  298,    0
948657,20030508,  302,    0
948657,20030509,  291,    0
948657,20030510,  274,    0
948657,20030511,  286,    0
948657,20030512,  271,    0
948657,20030513,  288,    0
948657,20030514,  272,    0
948657,20030515,  282,    0
948657,20030516,  290,    0
948657,20030517,  307,    0
948657,20030518,  306,    0
948657,20030519,  297,    0
948657,20030520,  299,    0
948657,20030521,  308,    0
948657,20030522,  284,    0
948657,20030523,  284,    0
948657,20030524,  299,    0
948657,20030525,  295,    0
948657,20030526,  303,    0
948657,20030527,  298,    0
948657,20030528,  296,    0
948657,20030529,  286,    0
948657,20030530,  298,    0
948657,20030531,  289,    0
948657,20030601,  285,    0
948657,20030602,  305,    0
948657,20030603,  298,    0
948657,20030604,  293,    0
948657,20030605,  302,    0
948657,20030606,  286,    0
948657,20030607,  294,    0
948657,20030608,  289,    0
948657,20030609,  304,    0
948657,20030610,  288,    0
948657,20030611,  286,    0
948657,20030612,  289,    0
948657,20030613,  293,    0
948657,20030614,  298,    0
948657,20030615,  292,    0
948657,20030616,  295,    0
948657,20030617,  281,    0
948657,20030618,  296,    0
948657,20030619,  291,    0
948657,20030620,  284,    0
948657,20030621,  281,    0
948657,20030622,  281,    0
948657,20030623,  284,    0
948657,20030624,  294,    0
948657,20030625,  283,    0
948657,20030626,  280,    0
948657,20030627,  277,    0
948657,20030628,  279,    0
948657,20030629,  279,    0
948657,20030630,  288,    0
948657,20030701,  278,    0
948657,20030702,  273,    0
948657,20030703,  276,    0
948657,20030704,  259,    0
948657,20030705,  283,    0
948657,20030706,  280,    0
948657,20030707,  286,    0
948657,20030708,  273,    0
948657,20030709,  292,    0
948657,20030710,  283,    0
948657,20030711,  290,    0
948657,20030712,  282,    0
948657,20030713,  276,    0
948657,20030714,  283,    0
948657,20030715,  280,    0
948657,20030716,  289,    0
948657,20030717,  278,    0
948657,20030718,  283,    0
948657,20030719,  278,    0
948657,20030720,  285,    0
948657,20030721,  274,    0
948657,20030722,  279,    0
948657,20030723,  282,    0
948657,20030724,  285,    0
948657,20030725,  290,    0
948657,20030726,  287,    0
948657,20030727,  283,    0
948657,20030728,  277,    0
948657,20030729,  280,    0
948657,20030730,  288,    0
948657,20030731,  288,    0
948657,20030801,  287,    0
948657,20030802,  284,    0
948657,20030803,  281,    0
948657,20030804,  290,    0
101812,20030805,-9999,    9
948657,20030806,  286,    0
948657,20030807,  293,    0
948657,20030808,  296,    0
948657,20030809,  292,    0
948657,20030810,  297,    0
948657,20030811,  292,    0
948657,20030812,  283,    0
948657,20030813,  286,    0
948657,20030814,  283,    0
948657,20030815,  285,    0
948657,20030816,  290,    0
948657,20030817,  275,    0
948657,20030818,  277,    0
948657,20030819,  290,    0
948657,20030820,  283,    0
948657,20030821,  296,    0
948657,20030822,  297,    0
948657,20030823,  283,    0
948657,20030824,  290,    0
948657,20030825,  278,    0
948657,20030826,  279,    0
948657,20030827,  289,    0
948657,20030828,  288,    0
948657,20030829,  276,    0
948657,20030830,  277,    0
948657,20030831,  281,    0
948657,20030901,  283,    0
948657,20030902,  272,    0
948657,20030903,  285,    0
948657,20030904,  293,    0
948657,20030905,  293,    0
948657,20030906,  294,    0
948657,20030907,  285,    0
948657,20030908,  285,    0
948657,20030909,  280,    0
948657,20030910,  274,    0
948657,20030911,  278,    0
948657,20030912,  287,    0
948657,20030913,  274,    0
948657,20030914,  287,    0
948657,20030915,  281,    0
948657,20030916,  283,    0
948657,20030917,  256,    0
948657,20030918,  297,    0
948657,20030919,  281,    0
948657,20030920,  278,    0
948657,20030921,  283,    0
948657,20030922,  281,    0
948657,20030923,  285,    0
948657,20030924,  286,    0
948657,20030925,  282,    0
948657,20030926,  285,    0
948657,20030927,  284,    0
948657,20030928,  291,    0
948657,20030929,  278,    0
948657,20030930,  292,    0
948657,20031001,  297,    0
948657,20031002,  283,    0
948657,20031003,  285,    0
948657,20031004,  286,    0
948657,20031005,  289,    0
948657,20031006,  265,    0
948657,20031007,  276,    0
101812,20031008,-9999,    9
948657,20031009,  276,    0
948657,20031010,  283,    0
948657,20031011,  283,    0
948657,20031012,  260,    0
948657,20031013,  272,    0
948657,20031014,  273,    0
948657,20031015,  275,    0
948657,20031016,  286,    0
948657,20031017,  260,    0
948657,20031018,  281,    0
948657,20031019,  290,    0
948657,20031020,  289,    0
948657,20031021,  274,    0
948657,20031022,  289,    0
101812,20031023,-9999,    9
948657,20031024,  275,    0
948657,20031025,  275,    0
948657,20031026,  282,    0
948657,20031027,  280,    0
948657,20031028,  278,    0
948657,20031029,  283,    0
948657,20031030,  274,    0
948657,20031031,  290,    0
948657,20031101,  258,    0
948657,20031102,  285,    0
948657,20031103,  273,    0
948657,20031104,  284,    0
948657,20031105,  263,    0
948657,20031106,  273,    0
948657,20031107,  283,    0
101812,20031108,-9999,    9
948657,20031109,  282,    0
948657,20031110,  277,    0
948657,20031111,  274,    0
948657,20031112,  278,    0
948657,20031113,  298,    0
948657,20031114,  294,    0
948657,20031115,  289,    0
948657,20031116,  280,    0
948657,20031117,  284,    0
101812,20031118,-9999,    9
948657,20031119,  282,    0
948657,20031120,  284,    0
948657,20031121,  268,    0
101812,20031122,-9999,    9
948657,20031123,  263,    0
948657,20031124,  278,    0
948657,20031125,  265,    0
948657,20031126,  269,    0
948657,20031127,  243,    0
948657,20031128,  234,    0
948657,20031129,  241,    0
948657,20031130,  262,    0
948657,20031201,  247,    0
948657,20031202,  261,    0
948657,20031203,  271,    0
948657,20031204,  261,    0
948657,20031205,  270,    0
101812,20031206,-9999,    9
948657,20031207,  253,    0
948657,20031208,  255,    0
948657,20031209,  233,    0
948657,20031210,  256,    0
948657,20031211,  259,    0
948657,20031212,  261,    0
948657,20031213,  244,    0
101812,20031214,-9999,    9
948657,20031215,  272,    0
948657,20031216,  272,    0
948657,20031217,  268,    0
948657,20031218,  271,    0
948657,20031219,  279,    0
948657,20031220,  248,    0
948657,20031221,  258,    0
948657,20031222,  266,    0
948657,20031223,  260,    0
948657,20031224,  269,    0
948657,20031225,  273,    0
948657,20031226,  266,    0
948657,20031227,  258,    0
948657,20031228,  265,    0
948657,20031229,  266,    0
948657,20031230,  256,    0
101812,20031231,-9999,    9
948657,20040101,  259,    0
948657,20040102,  272,    0
948657,20040103,  261,    0
948657,20040104,  262,    0
948657,20040105,  273,    0
948657,20040106,  269,    0
948657,20040107,  268,    0
948657,20040108,  271,    0
948657,20040109,  270,    0
948657,20040110,  272,    0
948657,20040111,  266,    0
948657,20040112,  266,    0
948657,20040113,  258,    0
948657,20040114,  267,    0
948657,20040115,  262,    0
948657,20040116,  262,    0
948657,20040117,  269,    0
948657,20040118,  272,    0
948657,20040119,  270,    0
948657,20040120,  270,    0
948657,20040121,  270,    0
948657,20040122,  265,    0
948657,20040123,  270,    0
948657,20040124,  272,    0
948657,20040125,  264,    0
948657,20040126,  256,    0
948657,20040127,  261,    0
948657,20040128,  261,    0
948657,20040129,  273,    0
948657,20040130,  276,    0
948657,20040131,  274,    0
948657,20040201,  268,    0
948657,20040202,  260,    0
948657,20040203,  284,    0
948657,20040204,  283,    0
948657,20040205,  273,    0
948657,20040206,  270,    0
948657,20040207,  263,    0
948657,20040208,  270,    0
948657,20040209,  276,    0
948657,20040210,  271,    0
948657,20040211,  266,    0
948657,20040212,  270,    0
948657,20040213,  271,    0
948657,20040214,  265,    0
948657,20040215,  261,    0
948657,20040216,  255,    0
948657,20040217,  263,    0
948657,20040218,  259,    0
948657,20040219,  265,    0
948657,20040220,  258,    0
948657,20040221,  263,    0
948657,20040222,  274,    0
948657,20040223,  275,    0
948657,20040224,  273,    0
948657,20040225,  283,    0
948657,20040226,  270,    0
948657,20040227,  280,    0
948657,20040228,  279,    0
948657,20040229,  269,    0
948657,20040301,  282,    0
948657,20040302,  286,    0
948657,20040303,  284,    0
948657,20040304,  280,    0
948657,20040305,  280,    0
948657,20040306,  277,    0
948657,20040307,  276,    0
948657,20040308,  256,    0
948657,20040309,  264,    0
948657,20040310,  276,    0
948657,20040311,  261,    0
948657,20040312,  276,    0
948657,20040313,  279,    0
948657,20040314,  279,    0
948657,20040315,  283,    0
948657,20040316,  261,    0
948657,20040317,  273,    0
948657,20040318,  286,    0
948657,20040319,  281,    0
948657,20040320,  276,    0
948657,20040321,  286,    0
948657,20040322,  285,    0
948657,20040323,  286,    0
948657,20040324,  284,    0
948657,20040325,  290,    0
948657,20040326,  288,    0
948657,20040327,  293,    0
948657,20040328,  288,    0
948657,20040329,  294,    0
948657,20040330,  287,    0
948657,20040331,  292,    0
948657,20040401,  286,    0
948657,20040402,  291,    0
948657,20040403,  289,    0
948657,20040404,  276,    0
948657,20040405,  285,    0
948657,20040406,  286,    0
948657,20040407,  290,    0
948657,20040408,  296,    0
948657,20040409,  300,    0
948657,20040410,  281,    0
948657,20040411,  289,    0
948657,20040412,  288,    0
948657,20040413,  299,    0
948657,20040414,  296,    0
948657,20040415,  296,    0
948657,20040416,  297,    0
948657,20040417,  299,    0
948657,20040418,  272,    0
948657,20040419,  293,    0
948657,20040420,  296,    0
948657,20040421,  296,    0
948657,20040422,  297,    0
948657,20040423,  290,    0
948657,20040424,  296,    0
948657,20040425,  298,    0
948657,20040426,  295,    0
948657,20040427,  298,    0
948657,20040428,  302,    0
948657,20040429,  293,    0
948657,20040430,  288,    0
948657,20040501,  295,    0
948657,20040502,  303,    0
948657,20040503,  300,    0
948657,20040504,  305,    0
948657,20040505,  282,    0
948657,20040506,  282,    0
948657,20040507,  272,    0
948657,20040508,  304,    0
948657,20040509,  312,    0
948657,20040510,  309,    0
948657,20040511,  274,    0
948657,20040512,  292,    0
948657,20040513,  300,    0
948657,20040514,  312,    0
948657,20040515,  301,    0
948657,20040516,  290,    0
948657,20040517,  286,    0
948657,20040518,  302,    0
948657,20040519,  306,    0
948657,20040520,  306,    0
948657,20040521,  283,    0
948657,20040522,  293,    0
948657,20040523,  283,    0
948657,20040524,  276,    0
948657,20040525,  273,    0
948657,20040526,  289,    0
948657,20040527,  284,    0
948657,20040528,  291,    0
948657,20040529,  280,    0
948657,20040530,  295,    0
948657,20040531,  286,    0
948657,20040601,  281,    0
948657,20040602,  282,    0
948657,20040603,  280,    0
948657,20040604,  283,    0
948657,20040605,  290,    0
948657,20040606,  274,    0
948657,20040607,  268,    0
948657,20040608,  271,    0
948657,20040609,  270,    0
948657,20040610,  285,    0
948657,20040611,  282,    0
948657,20040612,  293,    0
948657,20040613,  282,    0
948657,20040614,  260,    0
948657,20040615,  285,    0
948657,20040616,  270,    0
948657,20040617,  294,    0
948657,20040618,  264,    0
948657,20040619,  290,    0
948657,20040620,  292,    0
948657,20040621,  293,    0
948657,20040622,  260,    0
948657,20040623,  287,    0
948657,20040624,  286,    0
948657,20040625,  274,    0
948657,20040626,  277,    0
948657,20040627,  280,    0
948657,20040628,  266,    0
948657,20040629,  288,    0
948657,20040630,  275,    0
948657,20040701,  276,    0
948657,20040702,  277,    0
948657,20040703,  261,    0
948657,20040704,  272,    0
948657,20040705,  274,    0
948657,20040706,  278,    0
948657,20040707,  273,    0
948657,20040708,  259,    0
948657,20040709,  268,    0
948657,20040710,  273,    0
948657,20040711,  279,    0
948657,20040712,  269,    0
948657,20040713,  273,    0
948657,20040714,  263,    0
948657,20040715,  269,    0
948657,20040716,  277,    0
948657,20040717,  269,    0
948657,20040718,  283,    0
948657,20040719,  281,    0
948657,20040720,  280,    0
948657,20040721,  263,    0
948657,20040722,  274,    0
948657,20040723,  272,    0
948657,20040724,  279,    0
948657,20040725,  280,    0
948657,20040726,  276,    0
948657,20040727,  268,    0
948657,20040728,  270,    0
948657,20040729,  269,    0
948657,20040730,  270,    0
948657,20040731,  278,    0
948657,20040801,  265,    0
948657,20040802,  266,    0
948657,20040803,  273,    0
948657,20040804,  285,    0
101812,20040805,-9999,    9
948657,20040806,  288,    0
948657,20040807,  286,    0
948657,20040808,  290,    0
948657,20040809,  286,    0
948657,20040810,  297,    0
948657,20040811,  287,    0
948657,20040812,  288,    0
948657,20040813,  281,    0
948657,20040814,  271,    0
948657,20040815,  268,    0
948657,20040816,  278,    0
948657,20040817,  291,    0
948657,20040818,  280,    0
948657,20040819,  271,    0
948657,20040820,  271,    0
948657,20040821,  276,    0
948657,20040822,  293,    0
948657,20040823,  279,    0
948657,20040824,  287,    0
948657,20040825,  277,    0
948657,20040826,  288,    0
948657,20040827,  286,    0
948657,20040828,  276,    0
948657,20040829,  284,    0
948657,20040830,  284,    0
948657,20040831,  278,    0
948657,20040901,  270,    0
948657,20040902,  267,    0
948657,20040903,  271,    0
948657,20040904,  266,    0
948657,20040905,  273,    0
948657,20040906,  271,    0
948657,20040907,  280,    0
948657,20040908,  275,    0
948657,20040909,  281,    0
948657,20040910,  266,    0
948657,20040911,  273,    0
948657,20040912,  263,    0
948657,20040913,  269,    0
948657,20040914,  273,    0
948657,20040915,  272,    0
948657,20040916,  269,    0
948657,20040917,  275,    0
948657,20040918,  279,    0
948657,20040919,  262,    0
948657,20040920,  274,    0
948657,20040921,  268,    0
948657,20040922,  279,    0
948657,20040923,  265,    0
948657,20040924,  278,    0
948657,20040925,  288,    0
948657,20040926,  275,    0
948657,20040927,  276,    0
948657,20040928,  274,    0
948657,20040929,  267,    0
948657,20040930,  269,    0
948657,20041001,  272,    0
948657,20041002,  280,    0
948657,20041003,  265,    0
948657,20041004,  275,    0
948657,20041005,  283,    0
948657,20041006,  276,    0
948657,20041007,  273,    0
101812,20041008,-9999,    9
948657,20041009,  253,    0
101812,20041010,-9999,    9
948657,20041011,  265,    0
948657,20041012,  281,    0
948657,20041013,  260,    0
948657,20041014,  268,    0
948657,20041015,  258,    0
948657,20041016,  285,    0
948657,20041017,  273,    0
948657,20041018,  281,    0
948657,20041019,  269,    0
948657,20041020,  269,    0
948657,20041021,  264,    0
948657,20041022,  267,    0
948657,20041023,  269,    0
948657,20041024,  273,    0
948657,20041025,  253,    0
948657,20041026,  252,    0
948657,20041027,  251,    0
948657,20041028,  238,    0
948657,20041029,  256,    0
948657,20041030,  252,    0
948657,20041031,  274,    0
948657,20041101,  249,    0
948657,20041102,  274,    0
948657,20041103,  265,    0
948657,20041104,  240,    0
948657,20041105,  270,    0
948657,20041106,  260,    0
948657,20041107,  265,    0
948657,20041108,  278,    0
948657,20041109,  276,    0
948657,20041110,  272,    0
948657,20041111,  274,    0
948657,20041112,  280,    0
948657,20041113,  257,    0
948657,20041114,  251,    0
948657,20041115,  256,    0
948657,20041116,  271,    0
948657,20041117,  264,    0
948657,20041118,  271,    0
948657,20041119,  263,    0
948657,20041120,  257,    0
948657,20041121,  259,    0
948657,20041122,  266,    0
948657,20041123,  265,    0
948657,20041124,  276,    0
948657,20041125,  275,    0
948657,20041126,  266,    0
948657,20041127,  264,    0
948657,20041128,  258,    0
948657,20041129,  252,    0
948657,20041130,  261,    0
948657,20041201,  253,    0
948657,20041202,  283,    0
948657,20041203,  271,    0
948657,20041204,  265,    0
948657,20041205,  264,    0
948657,20041206,  254,    0
948657,20041207,  232,    0
948657,20041208,  227,    0
948657,20041209,  229,    0
948657,20041210,  237,    0
948657,20041211,  241,    0
948657,20041212,  252,    0
948657,20041213,  252,    0
948657,20041214,  255,    0
948657,20041215,  265,    0
948657,20041216,  269,    0
948657,20041217,  255,    0
948657,20041218,  262,    0
948657,20041219,  259,    0
948657,20041220,  257,    0
948657,20041221,  250,    0
948657,20041222,  257,    0
948657,20041223,  253,    0
948657,20041224,  250,    0
948657,20041225,  259,    0
948657,20041226,  241,    0
948657,20041227,  259,    0
948657,20041228,  247,    0
948657,20041229,  231,    0
948657,20041230,  243,    0
948657,20041231,  254,    0
948657,20050101,  249,    0
948657,20050102,  239,    0
948657,20050103,  252,    0
948657,20050104,  255,    0
948657,20050105,  251,    0
948657,20050106,  248,    0
948657,20050107,  257,    0
948657,20050108,  248,    0
948657,20050109,  255,    0
948657,20050110,  257,    0
948657,20050111,  258,    0
948657,20050112,  250,    0
948657,20050113,  245,    0
948657,20050114,  260,    0
948657,20050115,  250,    0
948657,20050116,  258,    0
948657,20050117,  245,    0
948657,20050118,  240,    0
948657,20050119,  238,    0
948657,20050120,  241,    0
948657,20050121,  259,    0
948657,20050122,  250,    0
948657,20050123,  248,    0
948657,20050124,  249,    0
948657,20050125,  257,    0
948657,20050126,  254,    0
948657,20050127,  255,    0
948657,20050128,  261,    0
948657,20050129,  265,    0
948657,20050130,  264,    0
948657,20050131,  262,    0
948657,20050201,  259,    0
948657,20050202,  274,    0
948657,20050203,  271,    0
948657,20050204,  269,    0
948657,20050205,  263,    0
948657,20050206,  255,    0
948657,20050207,  265,    0
948657,20050208,  258,    0
948657,20050209,  257,    0
948657,20050210,  272,    0
948657,20050211,  273,    0
948657,20050212,  264,    0
948657,20050213,  260,    0
948657,20050214,  268,    0
948657,20050215,  274,    0
948657,20050216,  280,    0
948657,20050217,  278,    0
948657,20050218,  281,    0
948657,20050219,  280,    0
948657,20050220,  291,    0
948657,20050221,  268,    0
948657,20050222,  271,    0
948657,20050223,  283,    0
948657,20050224,  280,    0
948657,20050225,  288,    0
948657,20050226,  283,    0
948657,20050227,  286,    0
948657,20050228,  281,    0
948657,20050301,  282,    0
948657,20050302,  276,    0
948657,20050303,  270,    0
948657,20050304,  266,    0
948657,20050305,  268,    0
948657,20050306,  254,    0
948657,20050307,  258,    0
948657,20050308,  260,    0
948657,20050309,  273,    0
948657,20050310,  273,    0
948657,20050311,  272,    0
948657,20050312,  275,    0
948657,20050313,  272,    0
948657,20050314,  273,    0
948657,20050315,  268,    0
948657,20050316,  278,    0
948657,20050317,  275,    0
948657,20050318,  271,    0
948657,20050319,  264,    0
948657,20050320,  271,    0
948657,20050321,  271,    0
948657,20050322,  285,    0
948657,20050323,  286,    0
948657,20050324,  265,    0
948657,20050325,  271,    0
948657,20050326,  260,    0
948657,20050327,  253,    0
948657,20050328,  268,    0
948657,20050329,  276,    0
948657,20050330,  286,    0
948657,20050331,  279,    0
948657,20050401,  288,    0
948657,20050402,  276,    0
948657,20050403,  278,    0
948657,20050404,  282,    0
948657,20050405,  269,    0
948657,20050406,  269,    0
948657,20050407,  291,    0
948657,20050408,  284,    0
948657,20050409,  275,    0
948657,20050410,  284,    0
948657,20050411,  291,    0
948657,20050412,  284,    0
948657,20050413,  284,    0
948657,20050414,  288,    0
948657,20050415,  288,    0
948657,20050416,  280,    0
948657,20050417,  285,    0
948657,20050418,  278,    0
948657,20050419,  289,    0
948657,20050420,  288,    0
948657,20050421,  287,    0
948657,20050422,  287,    0
948657,20050423,  288,    0
948657,20050424,  291,    0
948657,20050425,  296,    0
948657,20050426,  301,    0
948657,20050427,  302,    0
948657,20050428,  295,    0
948657,20050429,  296,    0
948657,20050430,  297,    0
948657,20050501,  303,    0
948657,20050502,  293,    0
948657,20050503,  291,    0
948657,20050504,  297,    0
948657,20050505,  300,    0
948657,20050506,  292,    0
948657,20050507,  294,    0
948657,20050508,  280,    0
948657,20050509,  294,    0
948657,20050510,  278,    0
948657,20050511,  282,    0
948657,20050512,  282,    0
948657,20050513,  282,    0
948657,20050514,  287,    0
948657,20050515,  286,    0
948657,20050516,  283,    0
948657,20050517,  290,    0
948657,20050518,  288,    0
948657,20050519,  274,    0
948657,20050520,  286,    0
948657,20050521,  276,    0
948657,20050522,  291,    0
948657,20050523,  277,    0
948657,20050524,  283,    0
948657,20050525,  288,    0
948657,20050526,  260,    0
948657,20050527,  286,    0
948657,20050528,  287,    0
948657,20050529,  276,    0
948657,20050530,  278,    0
948657,20050531,  286,    0
948657,20050601,  289,    0
948657,20050602,  295,    0
948657,20050603,  288,    0
948657,20050604,  287,    0
948657,20050605,  286,    0
948657,20050606,  288,    0
948657,20050607,  286,    0
948657,20050608,  281,    0
948657,20050609,  289,    0
948657,20050610,  288,    0
948657,20050611,  295,    0
948657,20050612,  291,    0
948657,20050613,  282,    0
948657,20050614,  283,    0
948657,20050615,  284,    0
948657,20050616,  292,    0
948657,20050617,  287,    0
948657,20050618,  295,    0
948657,20050619,  277,    0
948657,20050620,  286,    0
948657,20050621,  278,    0
948657,20050622,  274,    0
948657,20050623,  290,    0
948657,20050624,  301,    0
948657,20050625,  288,    0
948657,20050626,  282,    0
948657,20050627,  283,    0
948657,20050628,  281,    0
948657,20050629,  283,    0
948657,20050630,  271,    0
948657,20050701,  289,    0
948657,20050702,  295,    0
948657,20050703,  288,    0
948657,20050704,  285,    0
948657,20050705,  287,    0
948657,20050706,  283,    0
948657,20050707,  286,    0
948657,20050708,  286,    0
948657,20050709,  291,    0
948657,20050710,  281,    0
948657,20050711,  279,    0
948657,20050712,  280,    0
948657,20050713,  279,    0
948657,20050714,  290,    0
948657,20050715,  283,    0
948657,20050716,  253,    0
948657,20050717,  275,    0
948657,20050718,  270,    0
948657,20050719,  275,    0
948657,20050720,  281,    0
948657,20050721,  291,    0
948657,20050722,  287,    0
948657,20050723,  275,    0
948657,20050724,  283,    0
948657,20050725,  287,    0
948657,20050726,  265,    0
948657,20050727,  278,    0
948657,20050728,  290,    0
948657,20050729,  293,    0
948657,20050730,  293,    0
948657,20050731,  286,    0
948657,20050801,  289,    0
948657,20050802,  286,    0
948657,20050803,  272,    0
948657,20050804,  287,    0
948657,20050805,  290,    0
948657,20050806,  295,    0
948657,20050807,  280,    0
948657,20050808,  291,    0
948657,20050809,  290,    0
948657,20050810,  293,    0
948657,20050811,  288,    0
948657,20050812,  293,    0
948657,20050813,  295,    0
948657,20050814,  284,    0
948657,20050815,  284,    0
948657,20050816,  290,    0
948657,20050817,  290,    0
948657,20050818,  272,    0
948657,20050819,  280,    0
948657,20050820,  283,    0
948657,20050821,  286,    0
948657,20050822,  286,    0
948657,20050823,  279,    0
948657,20050824,  283,    0
948657,20050825,  283,    0
948657,20050826,  278,    0
948657,20050827,  276,    0
948657,20050828,  281,    0
948657,20050829,  290,    0
948657,20050830,  284,    0
948657,20050831,  285,    0
948657,20050901,  290,    0
948657,20050902,  296,    0
948657,20050903,  290,    0
948657,20050904,  284,    0
948657,20050905,  286,    0
948657,20050906,  287,    0
948657,20050907,  275,    0
948657,20050908,  268,    0
948657,20050909,  292,    0
948657,20050910,  286,    0
948657,20050911,  287,    0
948657,20050912,  290,    0
948657,20050913,  284,    0
948657,20050914,  294,    0
948657,20050915,  288,    0
948657,20050916,  289,    0
948657,20050917,  280,    0
948657,20050918,  285,    0
948657,20050919,  279,    0
948657,20050920,  276,    0
948657,20050921,  268,    0
948657,20050922,  284,    0
948657,20050923,  285,    0
948657,20050924,  288,    0
948657,20050925,  289,    0
948657,20050926,  282,    0
948657,20050927,  283,    0
948657,20050928,  287,    0
948657,20050929,  285,    0
948657,20050930,  290,    0
948657,20051001,  282,    0
948657,20051002,  289,    0
948657,20051003,  274,    0
948657,20051004,  275,    0
948657,20051005,  267,    0
948657,20051006,  280,    0
948657,20051007,  280,    0
948657,20051008,  281,    0
948657,20051009,  288,    0
948657,20051010,  285,    0
948657,20051011,  287,    0
948657,20051012,  285,    0
948657,20051013,  292,    0
948657,20051014,  279,    0
948657,20051015,  283,    0
948657,20051016,  260,    0
948657,20051017,  264,    0
948657,20051018,  285,    0
948657,20051019,  270,    0
948657,20051020,  253,    0
948657,20051021,  279,    0
948657,20051022,  283,    0
948657,20051023,  284,    0
948657,20051024,  263,    0
948657,20051025,  277,    0
948657,20051026,  250,    0
948657,20051027,  246,    0
948657,20051028,  276,    0
948657,20051029,  281,    0
948657,20051030,  280,    0
948657,20051031,  284,    0
948657,20051101,  288,    0
948657,20051102,  278,    0
948657,20051103,  270,    0
948657,20051104,  275,    0
948657,20051105,  280,    0
948657,20051106,  282,    0
948657,20051107,  290,    0
948657,20051108,  277,    0
948657,20051109,  280,    0
948657,20051110,  272,    0
948657,20051111,  280,    0
948657,20051112,  278,    0
948657,20051113,  288,    0
948657,20051114,  279,    0
948657,20051115,  284,    0
948657,20051116,  278,    0
948657,20051117,  280,    0
948657,20051118,  265,    0
948657,20051119,  264,    0
948657,20051120,  247,    0
948657,20051121,  236,    0
948657,20051122,  244,    0
948657,20051123,  242,    0
948657,20051124,  276,    0
948657,20051125,  274,    0
948657,20051126,  281,    0
948657,20051127,  274,    0
948657,20051128,  269,    0
948657,20051129,  279,    0
948657,20051130,  281,    0
948657,20051201,  253,    0
948657,20051202,  275,    0
948657,20051203,  277,    0
948657,20051204,  273,    0
948657,20051205,  273,    0
948657,20051206,  278,    0
948657,20051207,  273,    0
948657,20051208,  280,    0
948657,20051209,  268,    0
948657,20051210,  263,    0
948657,20051211,  281,    0
948657,20051212,  280,    0
948657,20051213,  271,    0
948657,20051214,  273,    0
948657,20051215,  283,    0
948657,20051216,  277,    0
948657,20051217,  242,    0
948657,20051218,  244,    0
948657,20051219,  265,    0
948657,20051220,  270,    0
948657,20051221,  278,    0
948657,20051222,  262,    0
948657,20051223,  252,    0
948657,20051224,  256,    0
948657,20051225,  258,    0
948657,20051226,  275,    0
948657,20051227,  270,    0
948657,20051228,  261,    0
948657,20051229,  264,    0
948657,20051230,  271,    0
948657,20051231,  264,    0
948657,20060101,  267,    0
948657,20060102,  251,    0
948657,20060103,  268,    0
948657,20060104,  265,    0
948657,20060105,  271,    0
948657,20060106,  259,    0
948657,20060107,  244,    0
948657,20060108,  251,    0
948657,20060109,  251,    0
948657,20060110,  247,    0
948657,20060111,  253,    0
948657,20060112,  259,    0
948657,20060113,  268,    0
948657,20060114,  271,    0
948657,20060115,  259,    0
948657,20060116,  264,    0
948657,20060117,  267,    0
948657,20060118,  268,    0
948657,20060119,  273,    0
948657,20060120,  270,    0
948657,20060121,  275,    0
948657,20060122,  278,    0
948657,20060123,  270,    0
948657,20060124,  258,    0
948657,20060125,  255,    0
948657,20060126,  259,    0
948657,20060127,  265,    0
948657,20060128,  275,    0
948657,20060129,  275,    0
948657,20060130,  265,    0
948657,20060131,  277,    0
948657,20060201,  262,    0
948657,20060202,  272,    0
948657,20060203,  274,    0
948657,20060204,  270,    0
948657,20060205,  272,    0
948657,20060206,  266,    0
948657,20060207,  261,    0
948657,20060208,  271,    0
948657,20060209,  270,    0
948657,20060210,  251,    0
948657,20060211,  230,    0
948657,20060212,  268,    0
948657,20060213,  260,    0
948657,20060214,  266,    0
948657,20060215,  266,    0
948657,20060216,  274,    0
948657,20060217,  276,    0
948657,20060218,  276,    0
948657,20060219,  273,    0
948657,20060220,  273,    0
948657,20060221,  270,    0
948657,20060222,  275,    0
948657,20060223,  276,    0
948657,20060224,  273,    0
948657,20060225,  270,    0
948657,20060226,  279,    0
948657,20060227,  276,    0
948657,20060228,  274,    0
948657,20060301,  273,    0
948657,20060302,  271,    0
948657,20060303,  264,    0
948657,20060304,  270,    0
948657,20060305,  272,    0
948657,20060306,  274,    0
948657,20060307,  275,    0
948657,20060308,  277,    0
948657,20060309,  270,    0
948657,20060310,  279,    0
948657,20060311,  275,    0
948657,20060312,  275,    0
948657,20060313,  290,    0
948657,20060314,  277,    0
948657,20060315,  275,    0
948657,20060316,  278,    0
948657,20060317,  286,    0
948657,20060318,  288,    0
948657,20060319,  282,    0
948657,20060320,  286,    0
948657,20060321,  275,    0
948657,20060322,  279,    0
948657,20060323,  280,    0
948657,20060324,  275,    0
948657,20060325,  280,    0
948657,20060326,  279,    0
948657,20060327,  283,    0
948657,20060328,  283,    0
948657,20060329,  284,    0
948657,20060330,  273,    0
948657,20060331,  285,    0
948657,20060401,  283,    0
948657,20060402,  283,    0
948657,20060403,  282,    0
948657,20060404,  287,    0
948657,20060405,  284,    0
948657,20060406,  280,    0
948657,20060407,  290,    0
948657,20060408,  281,    0
948657,20060409,  283,    0
948657,20060410,  291,    0
948657,20060411,  286,    0
948657,20060412,  290,    0
948657,20060413,  282,    0
948657,20060414,  278,    0
948657,20060415,  281,    0
948657,20060416,  277,    0
948657,20060417,  280,    0
948657,20060418,  284,    0
948657,20060419,  280,    0
948657,20060420,  269,    0
948657,20060421,  288,    0
948657,20060422,  286,    0
948657,20060423,  279,    0
948657,20060424,  286,    0
948657,20060425,  280,    0
948657,20060426,  281,    0
948657,20060427,  288,    0
948657,20060428,  300,    0
948657,20060429,  292,    0
948657,20060430,  293,    0
948657,20060501,  282,    0
948657,20060502,  290,    0
948657,20060503,  291,    0
948657,20060504,  283,    0
948657,20060505,  289,    0
948657,20060506,  276,    0
948657,20060507,  285,    0
948657,20060508,  293,    0
948657,20060509,  293,    0
948657,20060510,  285,    0
948657,20060511,  291,    0
948657,20060512,  286,    0
948657,20060513,  281,    0
948657,20060514,  279,    0
948657,20060515,  291,    0
948657,20060516,  289,    0
948657,20060517,  288,    0
948657,20060518,  282,    0
948657,20060519,  291,    0
948657,20060520,  286,    0
948657,20060521,  277,    0
948657,20060522,  273,    0
948657,20060523,  288,    0
948657,20060524,  263,    0
948657,20060525,  286,    0
948657,20060526,  281,    0
948657,20060527,  277,    0
948657,20060528,  279,    0
948657,20060529,  282,    0
948657,20060530,  289,    0
948657,20060531,  281,    0
948657,20060601,  285,    0
948657,20060602,  293,    0
948657,20060603,  285,    0
948657,20060604,  282,    0
948657,20060605,  283,    0
948657,20060606,  276,    0
948657,20060607,  286,    0
948657,20060608,  285,    0
948657,20060609,  282,    0
948657,20060610,  283,    0
948657,20060611,  275,    0
948657,20060612,  285,    0
948657,20060613,  280,    0
948657,20060614,  274,    0
948657,20060615,  288,    0
948657,20060616,  291,    0
948657,20060617,  296,    0
948657,20060618,  289,    0
948657,20060619,  286,    0
948657,20060620,  278,    0
948657,20060621,  278,    0
948657,20060622,  287,    0
948657,20060623,  278,    0
948657,20060624,  286,    0
948657,20060625,  278,    0
948657,20060626,  294,    0
948657,20060627,  295,    0
948657,20060628,  290,    0
948657,20060629,  297,    0
948657,20060630,  296,    0
948657,20060701,  290,    0
948657,20060702,  284,    0
948657,20060703,  289,    0
948657,20060704,  298,    0
948657,20060705,  289,    0
948657,20060706,  287,    0
948657,20060707,  292,    0
948657,20060708,  283,    0
948657,20060709,  289,    0
948657,20060710,  283,    0
948657,20060711,  287,    0
948657,20060712,  289,    0
948657,20060713,  290,    0
948657,20060714,  283,    0
948657,20060715,  289,    0
948657,20060716,  300,    0
101812,20060717,-9999,    9
948657,20060718,  291,    0
948657,20060719,  282,    0
948657,20060720,  289,    0
948657,20060721,  284,    0
948657,20060722,  281,    0
948657,20060723,  292,    0
948657,20060724,  289,    0
948657,20060725,  287,    0
948657,20060726,  285,    0
948657,20060727,  282,    0
948657,20060728,  285,    0
948657,20060729,  281,    0
948657,20060730,  286,    0
948657,20060731,  250,    0
948657,20060801,  285,    0
948657,20060802,  276,    0
948657,20060803,  274,    0
948657,20060804,  283,    0
948657,20060805,  290,    0
948657,20060806,  292,    0
948657,20060807,  286,    0
948657,20060808,  295,    0
948657,20060809,  281,    0
948657,20060810,  289,    0
948657,20060811,  266,    0
948657,20060812,  290,    0
948657,20060813,  300,    0
948657,20060814,  288,    0
948657,20060815,  291,    0
948657,20060816,  280,    0
948657,20060817,  289,    0
948657,20060818,  285,    0
948657,20060819,  286,    0
948657,20060820,  281,    0
948657,20060821,  285,    0
948657,20060822,  286,    0
948657,20060823,  283,    0
948657,20060824,  287,    0
948657,20060825,  281,    0
948657,20060826,  286,    0
948657,20060827,  271,    0
948657,20060828,  274,    0
948657,20060829,  272,    0
948657,20060830,  274,    0
948657,20060831,  260,    0
948657,20060901,  274,    0
948657,20060902,  274,    0
948657,20060903,  275,    0
948657,20060904,  274,    0
948657,20060905,  278,    0
948657,20060906,  280,    0
948657,20060907,  288,    0
948657,20060908,  292,    0
948657,20060909,  289,    0
948657,20060910,  290,    0
948657,20060911,  283,    0
948657,20060912,  287,    0
948657,20060913,  284,    0
948657,20060914,  280,    0
101812,20060915,-9999,    9
948657,20060916,  263,    0
948657,20060917,  280,    0
948657,20060918,  278,    0
948657,20060919,  279,    0
948657,20060920,  286,    0
948657,20060921,  278,    0
948657,20060922,  271,    0
948657,20060923,  283,    0
948657,20060924,  291,    0
948657,20060925,  281,    0
948657,20060926,  282,    0
948657,20060927,  283,    0
948657,20060928,  288,    0
948657,20060929,  281,    0
948657,20060930,  272,    0
948657,20061001,  278,    0
948657,20061002,  290,    0
948657,20061003,  273,    0
948657,20061004,  285,    0
948657,20061005,  284,    0
948657,20061006,  288,    0
948657,20061007,  286,    0
948657,20061008,  291,    0
948657,20061009,  290,    0
948657,20061010,  282,    0
948657,20061011,  277,    0
948657,20061012,  282,    0
948657,20061013,  273,    0
948657,20061014,  274,    0
948657,20061015,  287,    0
948657,20061016,  281,    0
948657,20061017,  281,    0
948657,20061018,  289,    0
948657,20061019,  283,    0
948657,20061020,  283,    0
948657,20061021,  276,    0
948657,20061022,  277,    0
948657,20061023,  280,    0
948657,20061024,  281,    0
948657,20061025,  270,    0
948657,20061026,  275,    0
948657,20061027,  266,    0
948657,20061028,  283,    0
948657,20061029,  289,    0
948657,20061030,  291,    0
948657,20061031,  272,    0
948657,20061101,  268,    0
948657,20061102,  277,    0
948657,20061103,  274,    0
948657,20061104,  264,    0
948657,20061105,  278,    0
948657,20061106,  280,    0
948657,20061107,  269,    0
948657,20061108,  276,    0
948657,20061109,  277,    0
948657,20061110,  283,    0
948657,20061111,  261,    0
948657,20061112,  267,    0
948657,20061113,  259,    0
948657,20061114,  279,    0
948657,20061115,  275,    0
948657,20061116,  282,    0
948657,20061117,  285,    0
948657,20061118,  277,    0
948657,20061119,  270,    0
948657,20061120,  271,    0
948657,20061121,  275,    0
948657,20061122,  278,    0
948657,20061123,  276,    0
948657,20061124,  268,    0
948657,20061125,  276,    0
948657,20061126,  258,    0
948657,20061127,  274,    0
948657,20061128,  252,    0
948657,20061129,  275,    0
948657,20061130,  269,    0
948657,20061201,  278,    0
948657,20061202,  258,    0
948657,20061203,  272,    0
948657,20061204,  273,    0
948657,20061205,  278,    0
948657,20061206,  277,    0
948657,20061207,  272,    0
948657,20061208,  270,    0
948657,20061209,  243,    0
948657,20061210,  274,    0
948657,20061211,  271,    0
948657,20061212,  268,    0
948657,20061213,  280,    0
948657,20061214,  278,    0
948657,20061215,  275,    0
948657,20061216,  276,    0
948657,20061217,  272,    0
948657,20061218,  263,    0
948657,20061219,  260,    0
948657,20061220,  258,    0
948657,20061221,  254,    0
948657,20061222,  267,    0
948657,20061223,  263,    0
948657,20061224,  268,    0
948657,20061225,  266,    0
948657,20061226,  268,    0
948657,20061227,  268,    0
948657,20061228,  259,    0
948657,20061229,  261,    0
948657,20061230,  265,    0
948657,20061231,  265,    0
948657,20070101,  268,    0
948657,20070102,  276,    0
948657,20070103,  279,    0
948657,20070104,  268,    0
948657,20070105,  266,    0
948657,20070106,  271,    0
948657,20070107,  246,    0
948657,20070108,  246,    0
948657,20070109,  261,    0
948657,20070110,  261,    0
948657,20070111,  254,    0
948657,20070112,  266,    0
948657,20070113,  249,    0
948657,20070114,  254,    0
948657,20070115,  265,    0
948657,20070116,  261,    0
948657,20070117,  272,    0
948657,20070118,  265,    0
948657,20070119,  271,    0
948657,20070120,  259,    0
948657,20070121,  268,    0
948657,20070122,  263,    0
948657,20070123,  266,    0
948657,20070124,  271,    0
948657,20070125,  252,    0
948657,20070126,  243,    0
948657,20070127,  258,    0
948657,20070128,  245,    0
948657,20070129,  246,    0
948657,20070130,  245,    0
948657,20070131,  249,    0
948657,20070201,  250,    0
948657,20070202,  260,    0
948657,20070203,  250,    0
948657,20070204,  254,    0
948657,20070205,  251,    0
948657,20070206,  257,    0
948657,20070207,  265,    0
948657,20070208,  260,    0
948657,20070209,  265,    0
948657,20070210,  268,    0
948657,20070211,  267,    0
948657,20070212,  258,    0
948657,20070213,  263,    0
948657,20070214,  267,    0
948657,20070215,  273,    0
948657,20070216,  280,    0
948657,20070217,  266,    0
948657,20070218,  275,    0
948657,20070219,  275,    0
948657,20070220,  273,    0
948657,20070221,  268,    0
948657,20070222,  275,    0
948657,20070223,  278,    0
948657,20070224,  276,    0
948657,20070225,  282,    0
948657,20070226,  278,    0
948657,20070227,  279,    0
948657,20070228,  276,    0
948657,20070301,  274,    0
948657,20070302,  270,    0
948657,20070303,  280,    0
948657,20070304,  273,    0
948657,20070305,  273,    0
948657,20070306,  273,    0
948657,20070307,  269,    0
948657,20070308,  276,    0
948657,20070309,  285,    0
948657,20070310,  280,    0
948657,20070311,  286,    0
948657,20070312,  282,    0
948657,20070313,  276,    0
948657,20070314,  275,    0
948657,20070315,  284,    0
948657,20070316,  285,    0
948657,20070317,  291,    0
948657,20070318,  281,    0
948657,20070319,  254,    0
948657,20070320,  283,    0
948657,20070321,  261,    0
948657,20070322,  280,    0
948657,20070323,  271,    0
948657,20070324,  291,    0
948657,20070325,  289,    0
948657,20070326,  291,    0
948657,20070327,  293,    0
948657,20070328,  290,    0
948657,20070329,  265,    0
948657,20070330,  283,    0
948657,20070331,  275,    0
948657,20070401,  267,    0
948657,20070402,  280,    0
948657,20070403,  278,    0
948657,20070404,  286,    0
948657,20070405,  281,    0
948657,20070406,  281,    0
948657,20070407,  277,    0
948657,20070408,  276,    0
948657,20070409,  269,    0
948657,20070410,  281,    0
948657,20070411,  283,    0
948657,20070412,  276,    0
948657,20070413,  284,    0
948657,20070414,  288,    0
948657,20070415,  295,    0
948657,20070416,  279,    0
948657,20070417,  291,    0
948657,20070418,  287,    0
948657,20070419,  293,    0
948657,20070420,  286,    0
948657,20070421,  283,    0
948657,20070422,  295,    0
948657,20070423,  291,    0
948657,20070424,  281,    0
948657,20070425,  286,    0
948657,20070426,  293,    0
948657,20070427,  283,    0
948657,20070428,  282,    0
948657,20070429,  274,    0
948657,20070430,  281,    0
948657,20070501,  286,    0
948657,20070502,  282,    0
948657,20070503,  293,    0
948657,20070504,  294,    0
948657,20070505,  296,    0
948657,20070506,  300,    0
948657,20070507,  297,    0
948657,20070508,  284,    0
948657,20070509,  266,    0
948657,20070510,  295,    0
948657,20070511,  293,    0
948657,20070512,  291,    0
948657,20070513,  279,    0
948657,20070514,  285,    0
948657,20070515,  274,    0
948657,20070516,  280,    0
948657,20070517,  281,    0
948657,20070518,  275,    0
948657,20070519,  286,    0
948657,20070520,  290,    0
948657,20070521,  285,    0
948657,20070522,  283,    0
948657,20070523,  286,    0
948657,20070524,  292,    0
948657,20070525,  296,    0
948657,20070526,  288,    0
948657,20070527,  286,    0
948657,20070528,  285,    0
948657,20070529,  288,    0
948657,20070530,  288,    0
948657,20070531,  290,    0
948657,20070601,  277,    0
948657,20070602,  287,    0
948657,20070603,  288,    0
948657,20070604,  291,    0
948657,20070605,  292,    0
948657,20070606,  284,    0
948657,20070607,  288,    0
948657,20070608,  291,    0
948657,20070609,  293,    0
948657,20070610,  286,    0
948657,20070611,  290,    0
948657,20070612,  274,    0
948657,20070613,  282,    0
948657,20070614,  291,    0
948657,20070615,  293,    0
948657,20070616,  282,    0
948657,20070617,  279,    0
948657,20070618,  292,    0
948657,20070619,  286,    0
948657,20070620,  270,    0
948657,20070621,  285,    0
948657,20070622,  271,    0
948657,20070623,  299,    0
948657,20070624,  298,    0
948657,20070625,  283,    0
948657,20070626,  291,    0
948657,20070627,  289,    0
948657,20070628,  291,    0
948657,20070629,  294,    0
948657,20070630,  296,    0
948657,20070701,  297,    0
948657,20070702,  299,    0
948657,20070703,  304,    0
948657,20070704,  294,    0
948657,20070705,  290,    0
948657,20070706,  284,    0
948657,20070707,  279,    0
948657,20070708,  282,    0
948657,20070709,  275,    0
948657,20070710,  295,    0
948657,20070711,  280,    0
948657,20070712,  290,    0
948657,20070713,  274,    0
948657,20070714,  279,    0
948657,20070715,  272,    0
948657,20070716,  283,    0
948657,20070717,  289,    0
948657,20070718,  281,    0
948657,20070719,  285,    0
948657,20070720,  289,    0
948657,20070721,  284,    0
948657,20070722,  266,    0
948657,20070723,  280,    0
948657,20070724,  274,    0
948657,20070725,  271,    0
948657,20070726,  270,    0
948657,20070727,  271,    0
948657,20070728,  279,    0
948657,20070729,  275,    0
948657,20070730,  275,    0
948657,20070731,  284,    0
948657,20070801,  271,    0
948657,20070802,  279,    0
948657,20070803,  288,    0
948657,20070804,  286,    0
948657,20070805,  288,    0
948657,20070806,  288,    0
948657,20070807,  291,    0
948657,20070808,  299,    0
948657,20070809,  291,    0
948657,20070810,  298,    0
948657,20070811,  303,    0
948657,20070812,  267,    0
948657,20070813,  284,    0
948657,20070814,  288,    0
948657,20070815,  284,    0
948657,20070816,  290,    0
948657,20070817,  285,    0
948657,20070818,  282,    0
948657,20070819,  290,    0
948657,20070820,  278,    0
948657,20070821,  273,    0
948657,20070822,  290,    0
948657,20070823,  273,    0
948657,20070824,  275,    0
948657,20070825,  282,    0
948657,20070826,  294,    0
948657,20070827,  267,    0
948657,20070828,  282,    0
948657,20070829,  281,    0
948657,20070830,  281,    0
948657,20070831,  276,    0
948657,20070901,  281,    0
948657,20070902,  283,    0
948657,20070903,  278,    0
948657,20070904,  274,    0
948657,20070905,  278,    0
948657,20070906,  280,    0
948657,20070907,  280,    0
948657,20070908,  278,    0
948657,20070909,  281,    0
948657,20070910,  284,    0
948657,20070911,  290,    0
948657,20070912,  294,    0
948657,20070913,  262,    0
948657,20070914,  284,    0
948657,20070915,  274,    0
948657,20070916,  272,    0
948657,20070917,  274,    0
948657,20070918,  289,    0
948657,20070919,  287,    0
948657,20070920,  298,    0
948657,20070921,  297,    0
948657,20070922,  284,    0
948657,20070923,  285,    0
948657,20070924,  288,    0
948657,20070925,  295,    0
948657,20070926,  280,    0
948657,20070927,  278,    0
948657,20070928,  293,    0
948657,20070929,  294,    0
948657,20070930,  298,    0
948657,20071001,  281,    0
948657,20071002,  288,    0
948657,20071003,  291,    0
948657,20071004,  304,    0
948657,20071005,  293,    0
948657,20071006,  293,    0
948657,20071007,  283,    0
948657,20071008,  282,    0
948657,20071009,  290,    0
948657,20071010,  287,    0
948657,20071011,  288,    0
948657,20071012,  282,    0
948657,20071013,  270,    0
948657,20071014,  283,    0
948657,20071015,  261,    0
948657,20071016,  284,    0
948657,20071017,  282,    0
948657,20071018,  285,    0
948657,20071019,  269,    0
948657,20071020,  256,    0
948657,20071021,  280,    0
948657,20071022,  283,    0
948657,20071023,  289,    0
948657,20071024,  276,    0
948657,20071025,  283,    0
948657,20071026,  290,    0
948657,20071027,  283,    0
948657,20071028,  281,    0
948657,20071029,  257,    0
948657,20071030,  283,    0
948657,20071031,  275,    0
948657,20071101,  277,    0
948657,20071102,  257,    0
948657,20071103,  279,    0
948657,20071104,  281,    0
948657,20071105,  278,    0
948657,20071106,  278,    0
948657,20071107,  279,    0
948657,20071108,  285,    0
948657,20071109,  269,    0
948657,20071110,  265,    0
948657,20071111,  280,    0
948657,20071112,  272,    0
948657,20071113,  284,    0
948657,20071114,  279,    0
948657,20071115,  282,    0
948657,20071116,  275,    0
948657,20071117,  279,    0
948657,20071118,  279,    0
948657,20071119,  275,    0
948657,20071120,  273,    0
948657,20071121,  256,    0
948657,20071122,  282,    0
948657,20071123,  295,    0
948657,20071124,  278,    0
948657,20071125,  286,    0
948657,20071126,  275,    0
948657,20071127,  273,    0
948657,20071128,  273,    0
948657,20071129,  266,    0
948657,20071130,  245,    0
948657,20071201,  252,    0
948657,20071202,  259,    0
948657,20071203,  270,    0
948657,20071204,  269,    0
948657,20071205,  259,    0
948657,20071206,  258,    0
948657,20071207,  243,    0
948657,20071208,  265,    0
948657,20071209,  273,    0
948657,20071210,  260,    0
948657,20071211,  254,    0
948657,20071212,  268,    0
948657,20071213,  249,    0
948657,20071214,  242,    0
948657,20071215,  261,    0
948657,20071216,  267,    0
948657,20071217,  274,    0
948657,20071218,  278,    0
948657,20071219,  273,    0
948657,20071220,  275,    0
948657,20071221,  256,    0
948657,20071222,  272,    0
948657,20071223,  274,    0
948657,20071224,  275,    0
948657,20071225,  269,    0
948657,20071226,  264,    0
948657,20071227,  274,    0
948657,20071228,  276,    0
948657,20071229,  270,    0
948657,20071230,  267,    0
948657,20071231,  261,    0
948657,20080101,  250,    0
948657,20080102,  263,    0
948657,20080103,  248,    0
948657,20080104,  254,    0
948657,20080105,  257,    0
948657,20080106,  258,    0
948657,20080107,  261,    0
948657,20080108,  261,    0
948657,20080109,  265,    0
948657,20080110,  266,    0
948657,20080111,  278,    0
948657,20080112,  275,    0
948657,20080113,  272,    0
948657,20080114,  271,    0
948657,20080115,  267,    0
948657,20080116,  275,    0
948657,20080117,  261,    0
948657,20080118,  240,    0
948657,20080119,  259,    0
948657,20080120,  271,    0
948657,20080121,  271,    0
948657,20080122,  271,    0
948657,20080123,  268,    0
948657,20080124,  271,    0
948657,20080125,  272,    0
948657,20080126,  269,    0
948657,20080127,  270,    0
948657,20080128,  261,    0
948657,20080129,  269,    0
948657,20080130,  277,    0
948657,20080131,  276,    0
948657,20080201,  275,    0
948657,20080202,  257,    0
948657,20080203,  271,    0
948657,20080204,  263,    0
948657,20080205,  256,    0
948657,20080206,  265,    0
948657,20080207,  263,    0
948657,20080208,  269,    0
948657,20080209,  261,    0
948657,20080210,  265,    0
948657,20080211,  256,    0
948657,20080212,  260,    0
948657,20080213,  265,    0
948657,20080214,  262,    0
948657,20080215,  260,    0
948657,20080216,  258,    0
948657,20080217,  264,    0
948657,20080218,  262,    0
948657,20080219,  262,    0
948657,20080220,  262,    0
948657,20080221,  266,    0
948657,20080222,  275,    0
948657,20080223,  274,    0
948657,20080224,  281,    0
948657,20080225,  271,    0
948657,20080226,  268,    0
948657,20080227,  275,    0
948657,20080228,  247,    0
948657,20080229,  239,    0
948657,20080301,  244,    0
948657,20080302,  268,    0
948657,20080303,  257,    0
948657,20080304,  270,    0
948657,20080305,  260,    0
948657,20080306,  264,    0
948657,20080307,  273,    0
948657,20080308,  271,    0
948657,20080309,  268,    0
948657,20080310,  266,    0
948657,20080311,  264,    0
948657,20080312,  272,    0
948657,20080313,  275,    0
948657,20080314,  271,    0
948657,20080315,  275,    0
948657,20080316,  275,    0
948657,20080317,  275,    0
948657,20080318,  277,    0
948657,20080319,  270,    0
948657,20080320,  279,    0
948657,20080321,  278,    0
948657,20080322,  274,    0
948657,20080323,  279,    0
948657,20080324,  283,    0
948657,20080325,  278,    0
948657,20080326,  278,    0
948657,20080327,  283,    0
948657,20080328,  289,    0
948657,20080329,  281,    0
948657,20080330,  281,    0
948657,20080331,  290,    0
948657,20080401,  279,    0
948657,20080402,  283,    0
948657,20080403,  276,    0
948657,20080404,  276,    0
948657,20080405,  283,    0
948657,20080406,  280,    0
948657,20080407,  287,    0
948657,20080408,  274,    0
948657,20080409,  290,    0
948657,20080410,  284,    0
948657,20080411,  287,    0
948657,20080412,  285,    0
948657,20080413,  286,    0
948657,20080414,  286,    0
948657,20080415,  279,    0
948657,20080416,  295,    0
948657,20080417,  298,    0
948657,20080418,  294,    0
948657,20080419,  290,    0
948657,20080420,  298,    0
948657,20080421,  296,    0
948657,20080422,  287,    0
948657,20080423,  286,    0
948657,20080424,  257,    0
948657,20080425,  276,    0
948657,20080426,  294,    0
948657,20080427,  291,    0
948657,20080428,  287,    0
948657,20080429,  287,    0
948657,20080430,  287,    0
948657,20080501,  289,    0
948657,20080502,  295,    0
948657,20080503,  275,    0
948657,20080504,  287,    0
948657,20080505,  288,    0
948657,20080506,  287,    0
948657,20080507,  280,    0
948657,20080508,  286,    0
948657,20080509,  289,    0
948657,20080510,  288,    0
948657,20080511,  273,    0
948657,20080512,  279,    0
948657,20080513,  296,    0
948657,20080514,  284,    0
948657,20080515,  292,    0
948657,20080516,  292,    0
948657,20080517,  292,    0
948657,20080518,  293,    0
948657,20080519,  295,    0
948657,20080520,  284,    0
948657,20080521,  285,    0
948657,20080522,  285,    0
948657,20080523,  289,    0
948657,20080524,  281,    0
948657,20080525,  285,    0
948657,20080526,  289,    0
948657,20080527,  286,    0
948657,20080528,  290,    0
948657,20080529,  293,    0
948657,20080530,  284,    0
948657,20080531,  278,    0
948657,20080601,  286,    0
948657,20080602,  285,    0
948657,20080603,  286,    0
948657,20080604,  290,    0
948657,20080605,  289,    0
948657,20080606,  293,    0
948657,20080607,  266,    0
948657,20080608,  269,    0
948657,20080609,  285,    0
948657,20080610,  290,    0
948657,20080611,  288,    0
948657,20080612,  285,    0
948657,20080613,  295,    0
948657,20080614,  297,    0
948657,20080615,  290,    0
948657,20080616,  286,    0
948657,20080617,  287,    0
948657,20080618,  273,    0
948657,20080619,  283,    0
948657,20080620,  290,    0
948657,20080621,  298,    0
948657,20080622,  280,    0
948657,20080623,  284,    0
948657,20080624,  285,    0
948657,20080625,  290,    0
948657,20080626,  271,    0
948657,20080627,  288,    0
948657,20080628,  292,    0
948657,20080629,  279,    0
948657,20080630,  282,    0
948657,20080701,  288,    0
948657,20080702,  285,    0
948657,20080703,  266,    0
948657,20080704,  262,    0
948657,20080705,  283,    0
948657,20080706,  288,    0
948657,20080707,  278,    0
948657,20080708,  273,    0
948657,20080709,  279,    0
948657,20080710,  281,    0
948657,20080711,  280,    0
948657,20080712,  284,    0
948657,20080713,  280,    0
948657,20080714,  291,    0
948657,20080715,  284,    0
948657,20080716,  287,    0
948657,20080717,  283,    0
948657,20080718,  261,    0
948657,20080719,  279,    0
948657,20080720,  277,    0
948657,20080721,  270,    0
948657,20080722,  284,    0
948657,20080723,  273,    0
948657,20080724,  278,    0
948657,20080725,  277,    0
948657,20080726,  262,    0
948657,20080727,  263,    0
948657,20080728,  279,    0
948657,20080729,  291,    0
948657,20080730,  297,    0
948657,20080731,  299,    0
948657,20080801,  299,    0
948657,20080802,  301,    0
948657,20080803,  289,    0
948657,20080804,  293,    0
948657,20080805,  280,    0
948657,20080806,  289,    0
948657,20080807,  275,    0
948657,20080808,  278,    0
948657,20080809,  270,    0
948657,20080810,  278,    0
948657,20080811,  278,    0
948657,20080812,  273,    0
948657,20080813,  278,    0
948657,20080814,  278,    0
948657,20080815,  279,    0
948657,20080816,  282,    0
948657,20080817,  285,    0
948657,20080818,  286,    0
948657,20080819,  280,    0
948657,20080820,  285,    0
948657,20080821,  275,    0
948657,20080822,  283,    0
948657,20080823,  282,    0
948657,20080824,  285,    0
948657,20080825,  286,    0
948657,20080826,  281,    0
948657,20080827,  281,    0
948657,20080828,  280,    0
948657,20080829,  282,    0
948657,20080830,  281,    0
948657,20080831,  288,    0
948657,20080901,  254,    0
948657,20080902,  283,    0
948657,20080903,  285,    0
948657,20080904,  282,    0
948657,20080905,  285,    0
948657,20080906,  273,    0
948657,20080907,  278,    0
948657,20080908,  275,    0
948657,20080909,  281,    0
948657,20080910,  291,    0
948657,20080911,  290,    0
948657,20080912,  295,    0
948657,20080913,  286,    0
948657,20080914,  271,    0
948657,20080915,  281,    0
948657,20080916,  290,    0
948657,20080917,  286,    0
948657,20080918,  287,    0
948657,20080919,  290,    0
948657,20080920,  289,    0
948657,20080921,  286,    0
948657,20080922,  283,    0
948657,20080923,  293,    0
948657,20080924,  288,    0
948657,20080925,  292,    0
948657,20080926,  283,    0
948657,20080927,  284,    0
948657,20080928,  289,    0
948657,20080929,  285,    0
948657,20080930,  290,    0
948657,20081001,  282,    0
948657,20081002,  284,    0
948657,20081003,  281,    0
948657,20081004,  284,    0
948657,20081005,  285,    0
948657,20081006,  289,    0
948657,20081007,  277,    0
948657,20081008,  279,    0
948657,20081009,  273,    0
948657,20081010,  288,    0
948657,20081011,  292,    0
948657,20081012,  285,    0
948657,20081013,  293,    0
948657,20081014,  300,    0
948657,20081015,  284,    0
948657,20081016,  290,    0
948657,20081017,  294,    0
948657,20081018,  288,    0
948657,20081019,  288,    0
948657,20081020,  291,    0
948657,20081021,  284,    0
948657,20081022,  290,    0
948657,20081023,  274,    0
948657,20081024,  266,    0
948657,20081025,  291,    0
948657,20081026,  282,    0
948657,20081027,  277,    0
948657,20081028,  288,    0
948657,20081029,  291,    0
948657,20081030,  281,    0
948657,20081031,  272,    0
948657,20081101,  284,    0
948657,20081102,  285,    0
948657,20081103,  286,    0
948657,20081104,  284,    0
948657,20081105,  292,    0
948657,20081106,  285,    0
948657,20081107,  289,    0
948657,20081108,  288,    0
948657,20081109,  281,    0
948657,20081110,  283,    0
948657,20081111,  269,    0
948657,20081112,  274,    0
948657,20081113,  263,    0
948657,20081114,  280,    0
948657,20081115,  275,    0
948657,20081116,  287,    0
948657,20081117,  276,    0
948657,20081118,  278,    0
948657,20081119,  266,    0
948657,20081120,  265,    0
948657,20081121,  278,    0
948657,20081122,  283,    0
948657,20081123,  287,    0
948657,20081124,  285,    0
948657,20081125,  283,    0
948657,20081126,  264,    0
948657,20081127,  249,    0
948657,20081128,  265,    0
948657,20081129,  278,    0
948657,20081130,  276,    0
948657,20081201,  269,    0
948657,20081202,  265,    0
948657,20081203,  272,    0
948657,20081204,  269,    0
948657,20081205,  278,    0
948657,20081206,  255,    0
948657,20081207,  239,    0
948657,20081208,  233,    0
948657,20081209,  265,    0
948657,20081210,  264,    0
948657,20081211,  265,    0
948657,20081212,  275,    0
948657,20081213,  276,    0
948657,20081214,  258,    0
948657,20081215,  269,    0
948657,20081216,  263,    0
948657,20081217,  256,    0
948657,20081218,  257,    0
948657,20081219,  266,    0
948657,20081220,  266,    0
948657,20081221,  264,    0
948657,20081222,  263,    0
948657,20081223,  262,    0
948657,20081224,  265,    0
948657,20081225,  244,    0
948657,20081226,  269,    0
948657,20081227,  271,    0
948657,20081228,  274,    0
948657,20081229,  264,    0
948657,20081230,  273,    0
948657,20081231,  278,    0
948657,20090101,  264,    0
948657,20090102,  242,    0
948657,20090103,  239,    0
948657,20090104,  253,    0
948657,20090105,  257,    0
948657,20090106,  268,    0
948657,20090107,  270,    0
948657,20090108,  261,    0
948657,20090109,  254,    0
948657,20090110,  250,    0
948657,20090111,  254,    0
948657,20090112,  255,    0
948657,20090113,  237,    0
948657,20090114,  239,    0
948657,20090115,  249,    0
948657,20090116,  250,    0
948657,20090117,  256,    0
948657,20090118,  256,    0
948657,20090119,  254,    0
948657,20090120,  258,    0
948657,20090121,  253,    0
948657,20090122,  262,    0
948657,20090123,  270,    0
948657,20090124,  267,    0
948657,20090125,  260,    0
948657,20090126,  270,    0
948657,20090127,  260,    0
948657,20090128,  261,    0
948657,20090129,  265,    0
948657,20090130,  271,    0
948657,20090131,  256,    0
948657,20090201,  252,    0
948657,20090202,  263,    0
948657,20090203,  261,    0
948657,20090204,  265,    0
948657,20090205,  266,    0
948657,20090206,  255,    0
948657,20090207,  260,    0
948657,20090208,  266,    0
948657,20090209,  268,    0
948657,20090210,  271,    0
948657,20090211,  270,    0
948657,20090212,  276,    0
948657,20090213,  283,    0
948657,20090214,  283,    0
948657,20090215,  283,    0
948657,20090216,  279,    0
948657,20090217,  279,    0
948657,20090218,  272,    0
948657,20090219,  271,    0
948657,20090220,  278,    0
948657,20090221,  280,    0
948657,20090222,  264,    0
948657,20090223,  263,    0
948657,20090224,  283,    0
948657,20090225,  276,    0
948657,20090226,  270,    0
948657,20090227,  283,    0
948657,20090228,  284,    0
948657,20090301,  278,    0
948657,20090302,  275,    0
948657,20090303,  251,    0
948657,20090304,  278,    0
948657,20090305,  275,    0
948657,20090306,  282,    0
948657,20090307,  281,    0
948657,20090308,  278,    0
948657,20090309,  261,    0
948657,20090310,  280,    0
948657,20090311,  283,    0
948657,20090312,  284,    0
948657,20090313,  271,    0
948657,20090314,  277,    0
948657,20090315,  252,    0
948657,20090316,  261,    0
948657,20090317,  282,    0
948657,20090318,  287,    0
948657,20090319,  274,    0
948657,20090320,  279,    0
948657,20090321,  281,    0
948657,20090322,  281,    0
948657,20090323,  284,    0
948657,20090324,  268,    0
948657,20090325,  271,    0
948657,20090326,  278,    0
948657,20090327,  279,    0
948657,20090328,  278,    0
948657,20090329,  285,    0
948657,20090330,  270,    0
948657,20090331,  281,    0
948657,20090401,  284,    0
948657,20090402,  288,    0
948657,20090403,  287,    0
948657,20090404,  288,    0
948657,20090405,  271,    0
948657,20090406,  283,    0
948657,20090407,  276,    0
948657,20090408,  281,    0
948657,20090409,  269,    0
948657,20090410,  286,    0
948657,20090411,  288,    0
948657,20090412,  268,    0
948657,20090413,  287,    0
948657,20090414,  289,    0
948657,20090415,  266,    0
948657,20090416,  283,    0
948657,20090417,  297,    0
948657,20090418,  298,    0
948657,20090419,  288,    0
948657,20090420,  290,    0
948657,20090421,  278,    0
948657,20090422,  296,    0
948657,20090423,  295,    0
948657,20090424,  285,    0
948657,20090425,  298,    0
948657,20090426,  300,    0
948657,20090427,  298,    0
948657,20090428,  282,    0
948657,20090429,  293,    0
948657,20090430,  292,    0
948657,20090501,  289,    0
948657,20090502,  282,    0
948657,20090503,  288,    0
948657,20090504,  296,    0
948657,20090505,  292,    0
101812,20090506,-9999,    9
948657,20090507,  300,    0
948657,20090508,  285,    0
948657,20090509,  283,    0
948657,20090510,  285,    0
948657,20090511,  284,    0
948657,20090512,  287,    0
948657,20090513,  284,    0
948657,20090514,  286,    0
948657,20090515,  285,    0
948657,20090516,  284,    0
948657,20090517,  277,    0
948657,20090518,  260,    0
948657,20090519,  289,    0
948657,20090520,  292,    0
948657,20090521,  284,    0
948657,20090522,  285,    0
948657,20090523,  278,    0
948657,20090524,  289,    0
948657,20090525,  284,    0
948657,20090526,  285,    0
948657,20090527,  288,    0
948657,20090528,  289,    0
948657,20090529,  283,    0
948657,20090530,  271,    0
948657,20090531,  288,    0
948657,20090601,  298,    0
948657,20090602,  291,    0
948657,20090603,  294,    0
948657,20090604,  290,    0
948657,20090605,  289,    0
948657,20090606,  293,    0
948657,20090607,  266,    0
948657,20090608,  291,    0
948657,20090609,  293,    0
948657,20090610,  302,    0
948657,20090611,  296,    0
948657,20090612,  288,    0
948657,20090613,  286,    0
948657,20090614,  283,    0
948657,20090615,  284,    0
948657,20090616,  283,    0
948657,20090617,  290,    0
948657,20090618,  283,    0
948657,20090619,  295,    0
948657,20090620,  280,    0
948657,20090621,  290,    0
948657,20090622,  288,    0
948657,20090623,  287,    0
948657,20090624,  268,    0
948657,20090625,  283,    0
948657,20090626,  286,    0
948657,20090627,  286,    0
948657,20090628,  290,    0
948657,20090629,  278,    0
948657,20090630,  282,    0
948657,20090701,  291,    0
948657,20090702,  281,    0
948657,20090703,  285,    0
948657,20090704,  285,    0
948657,20090705,  269,    0
948657,20090706,  283,    0
948657,20090707,  269,    0
948657,20090708,  280,    0
948657,20090709,  282,    0
948657,20090710,  282,    0
948657,20090711,  287,    0
948657,20090712,  286,    0
948657,20090713,  288,    0
948657,20090714,  279,    0
948657,20090715,  269,    0
948657,20090716,  276,    0
948657,20090717,  285,    0
948657,20090718,  291,    0
948657,20090719,  291,    0
948657,20090720,  298,    0
948657,20090721,  292,    0
948657,20090722,  277,    0
948657,20090723,  286,    0
948657,20090724,  289,    0
948657,20090725,  274,    0
948657,20090726,  277,    0
948657,20090727,  279,    0
948657,20090728,  284,    0
948657,20090729,  280,    0
948657,20090730,  282,    0
948657,20090731,  291,    0
948657,20090801,  286,    0
948657,20090802,  286,    0
948657,20090803,  290,    0
948657,20090804,  293,    0
948657,20090805,  289,    0
948657,20090806,  294,    0
948657,20090807,  288,    0
948657,20090808,  294,    0
948657,20090809,  279,    0
948657,20090810,  283,    0
948657,20090811,  285,    0
948657,20090812,  285,    0
948657,20090813,  278,    0
948657,20090814,  290,    0
948657,20090815,  272,    0
948657,20090816,  284,    0
948657,20090817,  288,    0
948657,20090818,  285,    0
948657,20090819,  289,    0
948657,20090820,  291,    0
948657,20090821,  278,    0
948657,20090822,  284,    0
948657,20090823,  290,    0
948657,20090824,  292,    0
948657,20090825,  285,    0
948657,20090826,  273,    0
948657,20090827,  278,    0
948657,20090828,  283,    0
948657,20090829,  291,    0
948657,20090830,  284,    0
948657,20090831,  286,    0
948657,20090901,  265,    0
948657,20090902,  273,    0
948657,20090903,  288,    0
948657,20090904,  286,    0
948657,20090905,  284,    0
948657,20090906,  278,    0
948657,20090907,  286,    0
948657,20090908,  293,    0
948657,20090909,  278,    0
948657,20090910,  287,    0
948657,20090911,  294,    0
948657,20090912,  297,    0
948657,20090913,  283,    0
948657,20090914,  287,    0
948657,20090915,  296,    0
948657,20090916,  293,    0
948657,20090917,  276,    0
948657,20090918,  273,    0
948657,20090919,  269,    0
948657,20090920,  263,    0
948657,20090921,  285,    0
948657,20090922,  286,    0
948657,20090923,  277,    0
948657,20090924,  285,    0
948657,20090925,  297,    0
948657,20090926,  296,    0
948657,20090927,  280,    0
948657,20090928,  287,    0
948657,20090929,  289,    0
948657,20090930,  293,    0
948657,20091001,  290,    0
948657,20091002,  283,    0
948657,20091003,  285,    0
948657,20091004,  279,    0
948657,20091005,  281,    0
948657,20091006,  285,    0
948657,20091007,  288,    0
948657,20091008,  294,    0
948657,20091009,  290,    0
948657,20091010,  284,    0
948657,20091011,  288,    0
948657,20091012,  286,    0
948657,20091013,  281,    0
948657,20091014,  287,    0
948657,20091015,  286,    0
948657,20091016,  281,    0
948657,20091017,  285,    0
948657,20091018,  288,    0
948657,20091019,  291,    0
948657,20091020,  282,    0
948657,20091021,  294,    0
948657,20091022,  286,    0
948657,20091023,  285,    0
948657,20091024,  288,    0
948657,20091025,  284,    0
948657,20091026,  290,    0
948657,20091027,  282,    0
948657,20091028,  279,    0
948657,20091029,  271,    0
948657,20091030,  276,    0
948657,20091031,  269,    0
948657,20091101,  286,    0
948657,20091102,  274,    0
948657,20091103,  286,    0
948657,20091104,  264,    0
948657,20091105,  267,    0
948657,20091106,  252,    0
948657,20091107,  280,    0
948657,20091108,  289,    0
948657,20091109,  256,    0
948657,20091110,  277,    0
948657,20091111,  292,    0
948657,20091112,  290,    0
948657,20091113,  268,    0
948657,20091114,  271,    0
948657,20091115,  272,    0
948657,20091116,  274,    0
948657,20091117,  271,    0
948657,20091118,  258,    0
948657,20091119,  240,    0
948657,20091120,  266,    0
948657,20091121,  243,    0
948657,20091122,  241,    0
948657,20091123,  253,    0
948657,20091124,  268,    0
948657,20091125,  279,    0
948657,20091126,  278,    0
948657,20091127,  276,    0
948657,20091128,  273,    0
948657,20091129,  261,    0
948657,20091130,  250,    0
948657,20091201,  258,    0
948657,20091202,  251,    0
948657,20091203,  247,    0
948657,20091204,  259,    0
948657,20091205,  249,    0
948657,20091206,  267,    0
948657,20091207,  269,    0
948657,20091208,  271,    0
948657,20091209,  268,    0
948657,20091210,  272,    0
948657,20091211,  266,    0
948657,20091212,  270,    0
948657,20091213,  278,    0
948657,20091214,  269,    0
948657,20091215,  278,    0
948657,20091216,  278,    0
948657,20091217,  274,    0
948657,20091218,  260,    0
948657,20091219,  251,    0
948657,20091220,  257,    0
948657,20091221,  266,    0
948657,20091222,  270,    0
948657,20091223,  271,    0
948657,20091224,  267,    0
948657,20091225,  276,    0
948657,20091226,  261,    0
948657,20091227,  250,    0
948657,20091228,  268,    0
948657,20091229,  269,    0
948657,20091230,  264,    0
948657,20091231,  274,    0
948657,20100101,  268,    0
948657,20100102,  270,    0
948657,20100103,  259,    0
948657,20100104,  250,    0
948657,20100105,  271,    0
948657,20100106,  276,    0
948657,20100107,  260,    0
948657,20100108,  258,    0
948657,20100109,  263,    0
948657,20100110,  268,    0
948657,20100111,  270,    0
948657,20100112,  271,    0
948657,20100113,  263,    0
948657,20100114,  257,    0
948657,20100115,  262,    0
948657,20100116,  265,    0
948657,20100117,  273,    0
948657,20100118,  274,    0
948657,20100119,  284,    0
948657,20100120,  278,    0
948657,20100121,  267,    0
948657,20100122,  280,    0
948657,20100123,  272,    0
948657,20100124,  272,    0
948657,20100125,  271,    0
948657,20100126,  271,    0
948657,20100127,  271,    0
948657,20100128,  269,    0
948657,20100129,  272,    0
948657,20100130,  266,    0
948657,20100131,  268,    0
948657,20100201,  265,    0
948657,20100202,  271,    0
948657,20100203,  278,    0
948657,20100204,  281,    0
948657,20100205,  280,    0
948657,20100206,  282,    0
948657,20100207,  275,    0
948657,20100208,  279,    0
948657,20100209,  284,    0
948657,20100210,  281,    0
948657,20100211,  278,    0
948657,20100212,  281,    0
948657,20100213,  281,    0
948657,20100214,  277,    0
948657,20100215,  280,    0
948657,20100216,  291,    0
948657,20100217,  285,    0
948657,20100218,  275,    0
948657,20100219,  280,    0
948657,20100220,  276,    0
948657,20100221,  281,    0
948657,20100222,  273,    0
948657,20100223,  283,    0
948657,20100224,  285,    0
948657,20100225,  286,    0
948657,20100226,  298,    0
948657,20100227,  296,    0
948657,20100228,  297,    0
948657,20100301,  289,    0
948657,20100302,  295,    0
948657,20100303,  291,    0
948657,20100304,  296,    0
948657,20100305,  287,    0
948657,20100306,  295,    0
948657,20100307,  288,    0
948657,20100308,  290,    0
948657,20100309,  295,    0
948657,20100310,  290,    0
948657,20100311,  280,    0
948657,20100312,  286,    0
948657,20100313,  284,    0
948657,20100314,  289,    0
948657,20100315,  297,    0
948657,20100316,  285,    0
948657,20100317,  284,    0
948657,20100318,  282,    0
948657,20100319,  274,    0
948657,20100320,  248,    0
948657,20100321,  276,    0
948657,20100322,  285,    0
948657,20100323,  278,    0
948657,20100324,  287,    0
948657,20100325,  297,    0
948657,20100326,  291,    0
948657,20100327,  289,    0
948657,20100328,  286,    0
948657,20100329,  288,    0
948657,20100330,  283,    0
948657,20100331,  289,    0
948657,20100401,  282,    0
948657,20100402,  292,    0
948657,20100403,  293,    0
948657,20100404,  276,    0
948657,20100405,  286,    0
948657,20100406,  295,    0
948657,20100407,  297,    0
948657,20100408,  293,    0
948657,20100409,  295,    0
948657,20100410,  297,    0
948657,20100411,  298,    0
948657,20100412,  296,    0
948657,20100413,  293,    0
948657,20100414,  299,    0
948657,20100415,  303,    0
948657,20100416,  299,    0
948657,20100417,  301,    0
948657,20100418,  290,    0
948657,20100419,  296,    0
948657,20100420,  288,    0
948657,20100421,  283,    0
948657,20100422,  295,    0
948657,20100423,  303,    0
948657,20100424,  305,    0
948657,20100425,  294,    0
948657,20100426,  270,    0
948657,20100427,  293,    0
948657,20100428,  291,    0
948657,20100429,  288,    0
948657,20100430,  293,    0
948657,20100501,  288,    0
948657,20100502,  283,    0
948657,20100503,  293,    0
948657,20100504,  300,    0
948657,20100505,  292,    0
948657,20100506,  299,    0
948657,20100507,  306,    0
948657,20100508,  304,    0
948657,20100509,  292,    0
948657,20100510,  295,    0
948657,20100511,  300,    0
948657,20100512,  294,    0
948657,20100513,  290,    0
948657,20100514,  296,    0
948657,20100515,  301,    0
948657,20100516,  286,    0
948657,20100517,  280,    0
948657,20100518,  294,    0
948657,20100519,  288,    0
948657,20100520,  296,    0
948657,20100521,  292,    0
948657,20100522,  287,    0
948657,20100523,  296,    0
948657,20100524,  306,    0
948657,20100525,  302,    0
948657,20100526,  294,    0
948657,20100527,  284,    0
948657,20100528,  298,    0
948657,20100529,  298,    0
948657,20100530,  298,    0
948657,20100531,  291,    0
948657,20100601,  302,    0
948657,20100602,  302,    0
948657,20100603,  303,    0
948657,20100604,  291,    0
948657,20100605,  293,    0
948657,20100606,  290,    0
948657,20100607,  275,    0
948657,20100608,  283,    0
948657,20100609,  282,    0
948657,20100610,  281,    0
948657,20100611,  295,    0
948657,20100612,  291,    0
948657,20100613,  297,    0
948657,20100614,  286,    0
948657,20100615,  288,    0
948657,20100616,  271,    0
948657,20100617,  294,    0
948657,20100618,  288,    0
948657,20100619,  302,    0
948657,20100620,  281,    0
948657,20100621,  277,    0
948657,20100622,  287,    0
948657,20100623,  282,    0
948657,20100624,  285,    0
948657,20100625,  275,    0
948657,20100626,  289,    0
948657,20100627,  288,    0
948657,20100628,  289,    0
948657,20100629,  286,    0
948657,20100630,  285,    0
948657,20100701,  284,    0
948657,20100702,  284,    0
948657,20100703,  278,    0
948657,20100704,  269,    0
948657,20100705,  283,    0
948657,20100706,  290,    0
948657,20100707,  288,    0
948657,20100708,  274,    0
948657,20100709,  282,    0
948657,20100710,  283,    0
948657,20100711,  292,    0
948657,20100712,  280,    0
948657,20100713,  291,    0
948657,20100714,  296,    0
948657,20100715,  291,    0
948657,20100716,  281,    0
948657,20100717,  282,    0
948657,20100718,  276,    0
948657,20100719,  273,    0
948657,20100720,  286,    0
948657,20100721,  288,    0
948657,20100722,  280,    0
948657,20100723,  283,    0
948657,20100724,  268,    0
948657,20100725,  278,    0
948657,20100726,  268,    0
948657,20100727,  290,    0
948657,20100728,  288,    0
948657,20100729,  281,    0
948657,20100730,  275,    0
948657,20100731,  282,    0
948657,20100801,  269,    0
948657,20100802,  281,    0
948657,20100803,  288,    0
948657,20100804,  282,    0
948657,20100805,  271,    0
948657,20100806,  290,    0
948657,20100807,  278,    0
948657,20100808,  291,    0
948657,20100809,  292,    0
948657,20100810,  300,    0
948657,20100811,  280,    0
948657,20100812,  288,    0
948657,20100813,  281,    0
948657,20100814,  283,    0
948657,20100815,  287,    0
948657,20100816,  281,    0
948657,20100817,  281,    0
948657,20100818,  284,    0
948657,20100819,  284,    0
948657,20100820,  270,    0
948657,20100821,  268,    0
948657,20100822,  284,    0
948657,20100823,  283,    0
948657,20100824,  286,    0
948657,20100825,  291,    0
948657,20100826,  296,    0
948657,20100827,  281,    0
948657,20100828,  281,    0
948657,20100829,  281,    0
948657,20100830,  282,    0
948657,20100831,  286,    0
948657,20100901,  288,    0
948657,20100902,  296,    0
948657,20100903,  298,    0
948657,20100904,  270,    0
948657,20100905,  268,    0
948657,20100906,  265,    0
948657,20100907,  277,    0
948657,20100908,  278,    0
948657,20100909,  276,    0
948657,20100910,  253,    0
948657,20100911,  285,    0
948657,20100912,  281,    0
948657,20100913,  285,    0
948657,20100914,  282,    0
948657,20100915,  278,    0
948657,20100916,  286,    0
948657,20100917,  268,    0
948657,20100918,  280,    0
948657,20100919,  285,    0
948657,20100920,  287,    0
948657,20100921,  284,    0
948657,20100922,  286,    0
948657,20100923,  286,    0
948657,20100924,  286,    0
948657,20100925,  286,    0
948657,20100926,  288,    0
948657,20100927,  286,    0
948657,20100928,  276,    0
948657,20100929,  285,    0
948657,20100930,  282,    0
948657,20101001,  293,    0
948657,20101002,  284,    0
948657,20101003,  291,    0
948657,20101004,  294,    0
948657,20101005,  286,    0
948657,20101006,  293,    0
948657,20101007,  273,    0
948657,20101008,  289,    0
948657,20101009,  286,    0
948657,20101010,  267,    0
948657,20101011,  289,    0
948657,20101012,  291,    0
948657,20101013,  286,    0
948657,20101014,  280,    0
948657,20101015,  296,    0
948657,20101016,  296,    0
948657,20101017,  290,    0
948657,20101018,  287,    0
948657,20101019,  290,    0
948657,20101020,  285,    0
948657,20101021,  280,    0
948657,20101022,  282,    0
948657,20101023,  277,    0
948657,20101024,  283,    0
948657,20101025,  277,    0
948657,20101026,  284,    0
948657,20101027,  256,    0
948657,20101028,  276,    0
948657,20101029,  273,    0
948657,20101030,  274,    0
948657,20101031,  277,    0
948657,20101101,  283,    0
948657,20101102,  291,    0
948657,20101103,  277,    0
948657,20101104,  276,    0
948657,20101105,  281,    0
948657,20101106,  270,    0
948657,20101107,  250,    0
948657,20101108,  268,    0
948657,20101109,  285,    0
948657,20101110,  277,    0
948657,20101111,  273,    0
948657,20101112,  339,    1
948657,20101113,  276,    0
948657,20101114,  268,    0
948657,20101115,  255,    0
948657,20101116,  284,    0
948657,20101117,  270,    0
948657,20101118,  279,    0
948657,20101119,  283,    0
948657,20101120,  278,    0
948657,20101121,  279,    0
948657,20101122,  284,    0
948657,20101123,  280,    0
948657,20101124,  278,    0
948657,20101125,  278,    0
948657,20101126,  250,    0
948657,20101127,  282,    0
948657,20101128,  281,    0
948657,20101129,  280,    0
948657,20101130,  266,    0
948657,20101201,  277,    0
948657,20101202,  271,    0
948657,20101203,  268,    0
948657,20101204,  245,    0
948657,20101205,  277,    0
948657,20101206,  281,    0
948657,20101207,  266,    0
948657,20101208,  274,    0
948657,20101209,  254,    0
948657,20101210,  271,    0
948657,20101211,  271,    0
948657,20101212,  274,    0
948657,20101213,  275,    0
948657,20101214,  268,    0
948657,20101215,  280,    0
948657,20101216,  276,    0
948657,20101217,  254,    0
948657,20101218,  256,    0
948657,20101219,  253,    0
948657,20101220,  264,    0
948657,20101221,  268,    0
948657,20101222,  275,    0
948657,20101223,  240,    0
948657,20101224,  260,    0
948657,20101225,  271,    0
948657,20101226,  269,    0
948657,20101227,  264,    0
948657,20101228,  247,    0
948657,20101229,  244,    0
948657,20101230,  231,    0
948657,20101231,  230,    0
948657,20110101,  263,    0
948657,20110102,  258,    0
948657,20110103,  270,    0
948657,20110104,  274,    0
948657,20110105,  257,    0
948657,20110106,  235,    0
948657,20110107,  237,    0
948657,20110108,  258,    0
948657,20110109,  249,    0
948657,20110110,  250,    0
948657,20110111,  259,    0
948657,20110112,  266,    0
948657,20110113,  268,    0
948657,20110114,  266,    0
948657,20110115,  270,    0
948657,20110116,  259,    0
948657,20110117,  253,    0
948657,20110118,  252,    0
948657,20110119,  261,    0
948657,20110120,  259,    0
948657,20110121,  270,    0
948657,20110122,  266,    0
948657,20110123,  263,    0
948657,20110124,  256,    0
948657,20110125,  268,    0
948657,20110126,  265,    0
948657,20110127,  263,    0
948657,20110128,  270,    0
948657,20110129,  261,    0
948657,20110130,  243,    0
948657,20110131,  248,    0
948657,20110201,  253,    0
948657,20110202,  263,    0
948657,20110203,  256,    0
948657,20110204,  261,    0
948657,20110205,  263,    0
948657,20110206,  258,    0
948657,20110207,  261,    0
948657,20110208,  267,    0
948657,20110209,  271,    0
948657,20110210,  276,    0
948657,20110211,  279,    0
948657,20110212,  265,    0
948657,20110213,  271,    0
948657,20110214,  275,    0
948657,20110215,  277,    0
948657,20110216,  272,    0
948657,20110217,  276,    0
948657,20110218,  266,    0
948657,20110219,  277,    0
948657,20110220,  272,    0
948657,20110221,  278,    0
948657,20110222,  275,    0
948657,20110223,  274,    0
948657,20110224,  270,    0
948657,20110225,  260,    0
948657,20110226,  276,    0
948657,20110227,  259,    0
948657,20110228,  271,    0
948657,20110301,  276,    0
948657,20110302,  278,    0
948657,20110303,  276,    0
948657,20110304,  284,    0
948657,20110305,  280,    0
948657,20110306,  281,    0
948657,20110307,  284,    0
948657,20110308,  272,    0
948657,20110309,  251,    0
948657,20110310,  278,    0
948657,20110311,  249,    0
948657,20110312,  259,    0
948657,20110313,  280,    0
948657,20110314,  271,    0
948657,20110315,  266,    0
948657,20110316,  271,    0
948657,20110317,  273,    0
948657,20110318,  262,    0
948657,20110319,  273,    0
948657,20110320,  269,    0
948657,20110321,  270,    0
948657,20110322,  255,    0
948657,20110323,  271,    0
948657,20110324,  273,    0
948657,20110325,  276,    0
948657,20110326,  281,    0
948657,20110327,  283,    0
948657,20110328,  276,    0
948657,20110329,  265,    0
948657,20110330,  266,    0
948657,20110331,  276,    0
948657,20110401,  273,    0
948657,20110402,  275,    0
948657,20110403,  273,    0
948657,20110404,  280,    0
948657,20110405,  282,    0
948657,20110406,  277,    0
948657,20110407,  274,    0
948657,20110408,  280,    0
948657,20110409,  279,    0
948657,20110410,  256,    0
948657,20110411,  270,    0
948657,20110412,  278,    0
948657,20110413,  276,    0
948657,20110414,  278,    0
948657,20110415,  281,    0
948657,20110416,  279,    0
948657,20110417,  284,    0
948657,20110418,  277,    0
948657,20110419,  290,    0
948657,20110420,  281,    0
948657,20110421,  287,    0
948657,20110422,  290,    0
948657,20110423,  288,    0
948657,20110424,  276,    0
948657,20110425,  288,    0
948657,20110426,  288,    0
948657,20110427,  288,    0
948657,20110428,  283,    0
948657,20110429,  294,    0
948657,20110430,  285,    0
948657,20110501,  285,    0
948657,20110502,  283,    0
948657,20110503,  292,    0
948657,20110504,  292,    0
948657,20110505,  284,    0
948657,20110506,  287,    0
948657,20110507,  294,    0
948657,20110508,  298,    0
948657,20110509,  305,    0
948657,20110510,  285,    0
948657,20110511,  288,    0
948657,20110512,  269,    0
948657,20110513,  294,    0
948657,20110514,  282,    0
948657,20110515,  286,    0
948657,20110516,  276,    0
948657,20110517,  286,    0
948657,20110518,  290,    0
948657,20110519,  288,    0
948657,20110520,  290,    0
948657,20110521,  288,    0
948657,20110522,  290,    0
948657,20110523,  296,    0
948657,20110524,  290,    0
948657,20110525,  290,    0
948657,20110526,  295,    0
948657,20110527,  287,    0
948657,20110528,  298,    0
948657,20110529,  294,    0
948657,20110530,  292,    0
948657,20110531,  273,    0
948657,20110601,  291,    0
948657,20110602,  291,    0
948657,20110603,  288,    0
948657,20110604,  283,    0
948657,20110605,  281,    0
948657,20110606,  284,    0
948657,20110607,  292,    0
948657,20110608,  287,    0
948657,20110609,  283,    0
948657,20110610,  287,    0
948657,20110611,  271,    0
948657,20110612,  283,    0
948657,20110613,  289,    0
948657,20110614,  279,    0
948657,20110615,  277,    0
948657,20110616,  274,    0
948657,20110617,  291,    0
948657,20110618,  288,    0
948657,20110619,  289,    0
948657,20110620,  293,    0
948657,20110621,  295,    0
948657,20110622,  278,    0
948657,20110623,  286,    0
948657,20110624,  295,    0
948657,20110625,  296,    0
948657,20110626,  290,    0
948657,20110627,  288,    0
948657,20110628,  282,    0
948657,20110629,  292,    0
948657,20110630,  286,    0
948657,20110701,  281,    0
948657,20110702,  287,    0
948657,20110703,  289,    0
948657,20110704,  281,    0
948657,20110705,  278,    0
948657,20110706,  293,    0
948657,20110707,  266,    0
948657,20110708,  288,    0
948657,20110709,  293,    0
948657,20110710,  281,    0
948657,20110711,  287,    0
948657,20110712,  291,    0
948657,20110713,  281,    0
948657,20110714,  279,    0
948657,20110715,  276,    0
948657,20110716,  273,    0
948657,20110717,  284,    0
948657,20110718,  289,    0
948657,20110719,  298,    0
948657,20110720,  293,    0
948657,20110721,  293,    0
948657,20110722,  280,    0
948657,20110723,  276,    0
948657,20110724,  278,    0
948657,20110725,  279,    0
948657,20110726,  280,    0
948657,20110727,  279,    0
948657,20110728,  283,    0
948657,20110729,  283,    0
948657,20110730,  283,    0
948657,20110731,  287,    0
948657,20110801,  294,    0
948657,20110802,  297,    0
948657,20110803,  292,    0
948657,20110804,  281,    0
948657,20110805,  291,    0
948657,20110806,  298,    0
948657,20110807,  285,    0
948657,20110808,  286,    0
948657,20110809,  279,    0
948657,20110810,  282,    0
948657,20110811,  282,    0
948657,20110812,  278,    0
948657,20110813,  278,    0
948657,20110814,  288,    0
948657,20110815,  283,    0
948657,20110816,  285,    0
948657,20110817,  286,    0
948657,20110818,  281,    0
948657,20110819,  288,    0
948657,20110820,  273,    0
948657,20110821,  286,    0
948657,20110822,  283,    0
948657,20110823,  283,    0
948657,20110824,  283,    0
948657,20110825,  283,    0
948657,20110826,  271,    0
948657,20110827,  294,    0
948657,20110828,  279,    0
948657,20110829,  262,    0
948657,20110830,  282,    0
948657,20110831,  280,    0
948657,20110901,  288,    0
948657,20110902,  285,    0
948657,20110903,  285,    0
948657,20110904,  285,    0
948657,20110905,  286,    0
948657,20110906,  285,    0
948657,20110907,  286,    0
948657,20110908,  288,    0
948657,20110909,  279,    0
948657,20110910,  276,    0
948657,20110911,  279,    0
948657,20110912,  279,    0
948657,20110913,  285,    0
948657,20110914,  278,    0
948657,20110915,  285,    0
948657,20110916,  281,    0
948657,20110917,  287,    0
948657,20110918,  285,    0
948657,20110919,  282,    0
948657,20110920,  278,    0
948657,20110921,  275,    0
948657,20110922,  268,    0
948657,20110923,  285,    0
948657,20110924,  291,    0
948657,20110925,  285,    0
948657,20110926,  287,    0
948657,20110927,  283,    0
948657,20110928,  294,    0
948657,20110929,  293,    0
948657,20110930,  290,    0
948657,20111001,  287,    0
948657,20111002,  269,    0
948657,20111003,  281,    0
948657,20111004,  276,    0
948657,20111005,  281,    0
948657,20111006,  269,    0
948657,20111007,  276,    0
948657,20111008,  276,    0
948657,20111009,  283,    0
948657,20111010,  276,    0
948657,20111011,  267,    0
948657,20111012,  276,    0
948657,20111013,  278,    0
948657,20111014,  283,    0
948657,20111015,  286,    0
948657,20111016,  270,    0
948657,20111017,  285,    0
948657,20111018,  266,    0
948657,20111019,  273,    0
948657,20111020,  273,    0
948657,20111021,  272,    0
948657,20111022,  250,    0
948657,20111023,  274,    0
948657,20111024,  269,    0
948657,20111025,  272,    0
948657,20111026,  257,    0
948657,20111027,  259,    0
948657,20111028,  281,    0
948657,20111029,  267,    0
948657,20111030,  283,    0
948657,20111031,  268,    0
948657,20111101,  280,    0
948657,20111102,  255,    0
948657,20111103,  262,    0
948657,20111104,  266,    0
948657,20111105,  278,    0
948657,20111106,  275,    0
948657,20111107,  281,    0
948657,20111108,  281,    0
948657,20111109,  282,    0
948657,20111110,  283,    0
948657,20111111,  280,    0
948657,20111112,  269,    0
948657,20111113,  268,    0
948657,20111114,  268,    0
948657,20111115,  245,    0
948657,20111116,  254,    0
948657,20111117,  275,    0
948657,20111118,  268,    0
948657,20111119,  286,    0
948657,20111120,  267,    0
948657,20111121,  272,    0
948657,20111122,  253,    0
948657,20111123,  243,    0
948657,20111124,  256,    0
948657,20111125,  280,    0
948657,20111126,  282,    0
948657,20111127,  272,    0
948657,20111128,  272,    0
948657,20111129,  263,    0
948657,20111130,  270,    0
948657,20111201,  275,    0
948657,20111202,  268,    0
948657,20111203,  268,    0
948657,20111204,  263,    0
948657,20111205,  243,    0
948657,20111206,  268,    0
948657,20111207,  271,    0
948657,20111208,  274,    0
948657,20111209,  278,    0
948657,20111210,  262,    0
948657,20111211,  240,    0
948657,20111212,  249,    0
948657,20111213,  266,    0
948657,20111214,  269,    0
948657,20111215,  274,    0
948657,20111216,  251,    0
948657,20111217,  262,    0
948657,20111218,  253,    0
948657,20111219,  254,    0
948657,20111220,  257,    0
948657,20111221,  249,    0
948657,20111222,  245,    0
948657,20111223,  268,    0
948657,20111224,  250,    0
948657,20111225,  255,    0
948657,20111226,  253,    0
948657,20111227,  258,    0
948657,20111228,  256,    0
948657,20111229,  251,    0
948657,20111230,  239,    0
948657,20111231,  276,    0
948657,20120101,  273,    0
948657,20120102,  255,    0
948657,20120103,  259,    0
948657,20120104,  268,    0
948657,20120105,  258,    0
948657,20120106,  264,    0
948657,20120107,  263,    0
948657,20120108,  255,    0
948657,20120109,  252,    0
948657,20120110,  251,    0
948657,20120111,  248,    0
948657,20120112,  233,    0
948657,20120113,  233,    0
948657,20120114,  260,    0
948657,20120115,  276,    0
948657,20120116,  281,    0
948657,20120117,  281,    0
948657,20120118,  263,    0
948657,20120119,  271,    0
948657,20120120,  266,    0
948657,20120121,  267,    0
948657,20120122,  276,    0
948657,20120123,  276,    0
948657,20120124,  266,    0
948657,20120125,  276,    0
948657,20120126,  261,    0
948657,20120127,  254,    0
948657,20120128,  240,    0
948657,20120129,  249,    0
948657,20120130,  266,    0
948657,20120131,  266,    0
948657,20120201,  271,    0
948657,20120202,  275,    0
948657,20120203,  265,    0
948657,20120204,  261,    0
948657,20120205,  272,    0
948657,20120206,  266,    0
948657,20120207,  270,    0
948657,20120208,  273,    0
948657,20120209,  267,    0
948657,20120210,  271,    0
948657,20120211,  270,    0
948657,20120212,  275,    0
948657,20120213,  270,    0
948657,20120214,  272,    0
948657,20120215,  272,    0
948657,20120216,  276,    0
948657,20120217,  279,    0
948657,20120218,  270,    0
948657,20120219,  268,    0
948657,20120220,  275,    0
948657,20120221,  269,    0
948657,20120222,  271,    0
948657,20120223,  277,    0
948657,20120224,  277,    0
948657,20120225,  280,    0
948657,20120226,  281,    0
948657,20120227,  281,    0
948657,20120228,  275,    0
948657,20120229,  266,    0
948657,20120301,  265,    0
948657,20120302,  254,    0
948657,20120303,  272,    0
948657,20120304,  279,    0
948657,20120305,  278,    0
948657,20120306,  275,    0
948657,20120307,  276,    0
948657,20120308,  281,    0
948657,20120309,  278,    0
948657,20120310,  277,    0
948657,20120311,  268,    0
948657,20120312,  245,    0
948657,20120313,  258,    0
948657,20120314,  256,    0
948657,20120315,  255,    0
948657,20120316,  273,    0
948657,20120317,  280,    0
948657,20120318,  280,    0
948657,20120319,  284,    0
948657,20120320,  279,    0
948657,20120321,  281,    0
948657,20120322,  280,    0
948657,20120323,  276,    0
948657,20120324,  287,    0
948657,20120325,  285,    0
948657,20120326,  276,    0
948657,20120327,  279,    0
948657,20120328,  284,    0
948657,20120329,  279,    0
948657,20120330,  277,    0
948657,20120331,  273,    0
948657,20120401,  283,    0
948657,20120402,  273,    0
948657,20120403,  281,    0
948657,20120404,  273,    0
948657,20120405,  282,    0
948657,20120406,  277,    0
948657,20120407,  281,    0
948657,20120408,  270,    0
948657,20120409,  259,    0
948657,20120410,  274,    0
948657,20120411,  276,    0
948657,20120412,  254,    0
948657,20120413,  280,    0
948657,20120414,  277,    0
948657,20120415,  275,    0
948657,20120416,  279,    0
948657,20120417,  280,    0
948657,20120418,  283,    0
948657,20120419,  280,    0
948657,20120420,  284,    0
948657,20120421,  287,    0
948657,20120422,  287,    0
948657,20120423,  288,    0
948657,20120424,  285,    0
948657,20120425,  286,    0
948657,20120426,  288,    0
948657,20120427,  290,    0
948657,20120428,  297,    0
948657,20120429,  287,    0
948657,20120430,  280,    0
948657,20120501,  290,    0
948657,20120502,  278,    0
948657,20120503,  291,    0
948657,20120504,  283,    0
948657,20120505,  282,    0
948657,20120506,  259,    0
948657,20120507,  268,    0
948657,20120508,  286,    0
948657,20120509,  279,    0
948657,20120510,  281,    0
948657,20120511,  279,    0
948657,20120512,  285,    0
948657,20120513,  285,    0
948657,20120514,  288,    0
948657,20120515,  278,    0
948657,20120516,  288,    0
948657,20120517,  280,    0
948657,20120518,  295,    0
948657,20120519,  291,    0
948657,20120520,  272,    0
948657,20120521,  287,    0
948657,20120522,  289,    0
948657,20120523,  283,    0
948657,20120524,  280,    0
948657,20120525,  275,    0
948657,20120526,  283,    0
948657,20120527,  282,    0
948657,20120528,  271,    0
948657,20120529,  268,    0
948657,20120530,  287,    0
948657,20120531,  281,    0
948657,20120601,  283,    0
948657,20120602,  281,    0
948657,20120603,  271,    0
948657,20120604,  288,    0
948657,20120605,  273,    0
948657,20120606,  280,    0
948657,20120607,  276,    0
948657,20120608,  283,    0
948657,20120609,  265,    0
948657,20120610,  288,    0
948657,20120611,  291,    0
948657,20120612,  292,    0
948657,20120613,  298,    0
948657,20120614,  290,    0
948657,20120615,  293,    0
948657,20120616,  292,    0
948657,20120617,  284,    0
948657,20120618,  286,    0
948657,20120619,  287,    0
948657,20120620,  290,    0
948657,20120621,  271,    0
948657,20120622,  283,    0
948657,20120623,  291,    0
948657,20120624,  280,    0
948657,20120625,  281,    0
948657,20120626,  280,    0
948657,20120627,  272,    0
948657,20120628,  282,    0
948657,20120629,  287,    0
948657,20120630,  273,    0
948657,20120701,  279,    0
948657,20120702,  278,    0
948657,20120703,  283,    0
948657,20120704,  283,    0
948657,20120705,  291,    0
948657,20120706,  288,    0
948657,20120707,  281,    0
948657,20120708,  278,    0
948657,20120709,  275,    0
948657,20120710,  278,    0
948657,20120711,  276,    0
948657,20120712,  287,    0
948657,20120713,  275,    0
948657,20120714,  280,    0
948657,20120715,  276,    0
948657,20120716,  273,    0
948657,20120717,  278,    0
948657,20120718,  262,    0
948657,20120719,  269,    0
948657,20120720,  273,    0
948657,20120721,  283,    0
948657,20120722,  285,    0
948657,20120723,  283,    0
948657,20120724,  272,    0
948657,20120725,  280,    0
948657,20120726,  291,    0
948657,20120727,  291,    0
948657,20120728,  287,    0
948657,20120729,  287,    0
948657,20120730,  288,    0
948657,20120731,  277,    0
948657,20120801,  281,    0
948657,20120802,  285,    0
948657,20120803,  275,    0
948657,20120804,  276,    0
948657,20120805,  277,    0
948657,20120806,  278,    0
948657,20120807,  286,    0
948657,20120808,  289,    0
948657,20120809,  287,    0
948657,20120810,  289,    0
948657,20120811,  294,    0
948657,20120812,  270,    0
948657,20120813,  283,    0
948657,20120814,  285,    0
948657,20120815,  274,    0
948657,20120816,  277,    0
948657,20120817,  279,    0
948657,20120818,  268,    0
948657,20120819,  271,    0
948657,20120820,  281,    0
948657,20120821,  279,    0
948657,20120822,  280,    0
948657,20120823,  285,    0
948657,20120824,  287,    0
948657,20120825,  286,    0
948657,20120826,  277,    0
948657,20120827,  281,    0
948657,20120828,  278,    0
948657,20120829,  279,    0
948657,20120830,  268,    0
948657,20120831,  274,    0
948657,20120901,  285,    0
948657,20120902,  289,    0
948657,20120903,  291,    0
948657,20120904,  278,    0
948657,20120905,  281,    0
948657,20120906,  281,    0
948657,20120907,  286,    0
948657,20120908,  269,    0
948657,20120909,  279,    0
948657,20120910,  277,    0
948657,20120911,  281,    0
948657,20120912,  279,    0
948657,20120913,  286,    0
948657,20120914,  279,    0
948657,20120915,  285,    0
948657,20120916,  280,    0
948657,20120917,  271,    0
948657,20120918,  281,    0
948657,20120919,  288,    0
948657,20120920,  275,    0
948657,20120921,  275,    0
948657,20120922,  280,    0
948657,20120923,  282,    0
948657,20120924,  283,    0
948657,20120925,  293,    0
948657,20120926,  282,    0
948657,20120927,  291,    0
948657,20120928,  281,    0
948657,20120929,  272,    0
948657,20120930,  281,    0
948657,20121001,  281,    0
948657,20121002,  268,    0
948657,20121003,  293,    0
948657,20121004,  279,    0
948657,20121005,  288,    0
948657,20121006,  276,    0
948657,20121007,  283,    0
948657,20121008,  286,    0
948657,20121009,  274,    0
948657,20121010,  274,    0
948657,20121011,  285,    0
948657,20121012,  280,    0
948657,20121013,  268,    0
948657,20121014,  276,    0
948657,20121015,  281,    0
948657,20121016,  271,    0
948657,20121017,  278,    0
948657,20121018,  271,    0
948657,20121019,  245,    0
948657,20121020,  276,    0
948657,20121021,  268,    0
948657,20121022,  244,    0
948657,20121023,  281,    0
948657,20121024,  285,    0
948657,20121025,  270,    0
948657,20121026,  268,    0
948657,20121027,  278,    0
948657,20121028,  276,    0
948657,20121029,  282,    0
948657,20121030,  263,    0
948657,20121031,  277,    0
948657,20121101,  266,    0
948657,20121102,  273,    0
948657,20121103,  255,    0
948657,20121104,  263,    0
948657,20121105,  274,    0
948657,20121106,  270,    0
948657,20121107,  275,    0
948657,20121108,  273,    0
948657,20121109,  268,    0
948657,20121110,  273,    0
948657,20121111,  280,    0
948657,20121112,  276,    0
948657,20121113,  280,    0
948657,20121114,  287,    0
948657,20121115,  288,    0
948657,20121116,  288,    0
948657,20121117,  279,    0
948657,20121118,  278,    0
948657,20121119,  271,    0
948657,20121120,  281,    0
948657,20121121,  276,    0
948657,20121122,  282,    0
948657,20121123,  278,    0
948657,20121124,  275,    0
948657,20121125,  280,    0
948657,20121126,  276,    0
948657,20121127,  272,    0
948657,20121128,  281,    0
948657,20121129,  273,    0
948657,20121130,  280,    0
948657,20121201,  271,    0
948657,20121202,  270,    0
948657,20121203,  263,    0
948657,20121204,  262,    0
948657,20121205,  247,    0
948657,20121206,  265,    0
948657,20121207,  278,    0
948657,20121208,  277,    0
948657,20121209,  265,    0
948657,20121210,  268,    0
948657,20121211,  272,    0
948657,20121212,  273,    0
948657,20121213,  265,    0
948657,20121214,  274,    0
948657,20121215,  271,    0
948657,20121216,  266,    0
948657,20121217,  270,    0
948657,20121218,  260,    0
948657,20121219,  259,    0
948657,20121220,  273,    0
948657,20121221,  267,    0
948657,20121222,  268,    0
948657,20121223,  253,    0
948657,20121224,  235,    0
948657,20121225,  235,    0
948657,20121226,  268,    0
948657,20121227,  257,    0
948657,20121228,  263,    0
948657,20121229,  279,    0
948657,20121230,  274,    0
948657,20121231,  251,    0
948657,20130101,  263,    0
948657,20130102,  265,    0
948657,20130103,  255,    0
948657,20130104,  274,    0
948657,20130105,  281,    0
948657,20130106,  284,    0
948657,20130107,  278,    0
948657,20130108,  286,    0
948657,20130109,  277,    0
948657,20130110,  265,    0
948657,20130111,  266,    0
948657,20130112,  276,    0
948657,20130113,  273,    0
948657,20130114,  271,    0
948657,20130115,  262,    0
948657,20130116,  264,    0
948657,20130117,  267,    0
948657,20130118,  252,    0
948657,20130119,  253,    0
948657,20130120,  250,    0
948657,20130121,  265,    0
948657,20130122,  261,    0
948657,20130123,  265,    0
948657,20130124,  256,    0
948657,20130125,  270,    0
948657,20130126,  263,    0
948657,20130127,  269,    0
948657,20130128,  269,    0
948657,20130129,  270,    0
948657,20130130,  273,    0
948657,20130131,  275,    0
948657,20130201,  270,    0
948657,20130202,  275,    0
948657,20130203,  270,    0
948657,20130204,  256,    0
948657,20130205,  263,    0
948657,20130206,  266,    0
948657,20130207,  268,    0
948657,20130208,  271,    0
948657,20130209,  280,    0
948657,20130210,  253,    0
948657,20130211,  255,    0
948657,20130212,  275,    0
948657,20130213,  275,    0
948657,20130214,  270,    0
948657,20130215,  254,    0
948657,20130216,  253,    0
948657,20130217,  271,    0
948657,20130218,  264,    0
948657,20130219,  273,    0
948657,20130220,  280,    0
948657,20130221,  273,    0
948657,20130222,  265,    0
948657,20130223,  277,    0
948657,20130224,  259,    0
948657,20130225,  266,    0
948657,20130226,  268,    0
948657,20130227,  258,    0
948657,20130228,  268,    0
948657,20130301,  279,    0
948657,20130302,  289,    0
948657,20130303,  275,    0
948657,20130304,  278,    0
948657,20130305,  276,    0
948657,20130306,  279,    0
948657,20130307,  280,    0
948657,20130308,  268,    0
948657,20130309,  280,    0
948657,20130310,  280,    0
948657,20130311,  275,    0
948657,20130312,  280,    0
948657,20130313,  273,    0
948657,20130314,  279,    0
948657,20130315,  289,    0
948657,20130316,  285,    0
948657,20130317,  286,    0
948657,20130318,  281,    0
948657,20130319,  281,    0
948657,20130320,  289,    0
948657,20130321,  286,    0
948657,20130322,  291,    0
948657,20130323,  285,    0
948657,20130324,  292,    0
948657,20130325,  293,    0
948657,20130326,  292,    0
948657,20130327,  298,    0
948657,20130328,  300,    0
948657,20130329,  294,    0
948657,20130330,  297,    0
948657,20130331,  295,    0
948657,20130401,  301,    0
948657,20130402,  298,    0
948657,20130403,  298,    0
948657,20130404,  298,    0
948657,20130405,  297,    0
948657,20130406,  295,    0
948657,20130407,  289,    0
948657,20130408,  300,    0
948657,20130409,  280,    0
948657,20130410,  285,    0
948657,20130411,  272,    0
948657,20130412,  288,    0
948657,20130413,  297,    0
948657,20130414,  265,    0
948657,20130415,  300,    0
948657,20130416,  305,    0
948657,20130417,  301,    0
948657,20130418,  290,    0
948657,20130419,  281,    0
948657,20130420,  288,    0
948657,20130421,  273,    0
948657,20130422,  291,    0
948657,20130423,  286,    0
948657,20130424,  287,    0
948657,20130425,  291,    0
948657,20130426,  286,    0
948657,20130427,  286,    0
948657,20130428,  274,    0
948657,20130429,  291,    0
948657,20130430,  292,    0
948657,20130501,  295,    0
948657,20130502,  291,    0
948657,20130503,  292,    0
948657,20130504,  291,    0
948657,20130505,  287,    0
948657,20130506,  295,    0
948657,20130507,  296,    0
948657,20130508,  296,    0
948657,20130509,  296,    0
948657,20130510,  287,    0
948657,20130511,  293,    0
948657,20130512,  305,    0
948657,20130513,  308,    0
948657,20130514,  298,    0
948657,20130515,  290,    0
948657,20130516,  288,    0
948657,20130517,  285,    0
948657,20130518,  293,    0
948657,20130519,  286,    0
948657,20130520,  289,    0
948657,20130521,  281,    0
948657,20130522,  292,    0
948657,20130523,  291,    0
948657,20130524,  271,    0
948657,20130525,  293,    0
948657,20130526,  285,    0
948657,20130527,  285,    0
948657,20130528,  288,    0
948657,20130529,  279,    0
948657,20130530,  283,    0
948657,20130531,  283,    0
948657,20130601,  291,    0
948657,20130602,  285,    0
948657,20130603,  290,    0
948657,20130604,  283,    0
948657,20130605,  280,    0
948657,20130606,  278,    0
948657,20130607,  293,    0
948657,20130608,  294,    0
948657,20130609,  288,    0
948657,20130610,  291,    0
948657,20130611,  291,    0
948657,20130612,  288,    0
948657,20130613,  297,    0
948657,20130614,  300,    0
948657,20130615,  292,    0
948657,20130616,  291,    0
948657,20130617,  291,    0
948657,20130618,  297,    0
948657,20130619,  304,    0
948657,20130620,  297,    0
948657,20130621,  290,    0
948657,20130622,  299,    0
948657,20130623,  296,    0
948657,20130624,  303,    0
948657,20130625,  293,    0
948657,20130626,  275,    0
948657,20130627,  288,    0
948657,20130628,  276,    0
948657,20130629,  285,    0
948657,20130630,  284,    0
948657,20130701,  293,    0
948657,20130702,  279,    0
948657,20130703,  280,    0
948657,20130704,  279,    0
948657,20130705,  260,    0
948657,20130706,  279,    0
948657,20130707,  286,    0
948657,20130708,  285,    0
948657,20130709,  276,    0
948657,20130710,  278,    0
948657,20130711,  259,    0
948657,20130712,  285,    0
948657,20130713,  282,    0
948657,20130714,  263,    0
948657,20130715,  268,    0
948657,20130716,  288,    0
948657,20130717,  271,    0
948657,20130718,  265,    0
948657,20130719,  283,    0
948657,20130720,  288,    0
948657,20130721,  296,    0
948657,20130722,  286,    0
948657,20130723,  292,    0
948657,20130724,  287,    0
948657,20130725,  281,    0
948657,20130726,  279,    0
948657,20130727,  275,    0
948657,20130728,  293,    0
948657,20130729,  279,    0
948657,20130730,  280,    0
948657,20130731,  287,    0
948657,20130801,  281,    0
948657,20130802,  271,    0
948657,20130803,  272,    0
948657,20130804,  279,    0
948657,20130805,  265,    0
948657,20130806,  278,    0
948657,20130807,  279,    0
948657,20130808,  283,    0
948657,20130809,  278,    0
948657,20130810,  278,    0
948657,20130811,  269,    0
948657,20130812,  282,    0
948657,20130813,  272,    0
948657,20130814,  292,    0
948657,20130815,  285,    0
948657,20130816,  279,    0
948657,20130817,  282,    0
948657,20130818,  278,    0
948657,20130819,  283,    0
948657,20130820,  281,    0
948657,20130821,  287,    0
948657,20130822,  283,    0
948657,20130823,  275,    0
948657,20130824,  289,    0
948657,20130825,  293,    0
948657,20130826,  293,    0
948657,20130827,  280,    0
948657,20130828,  275,    0
948657,20130829,  276,    0
948657,20130830,  282,    0
948657,20130831,  283,    0
948657,20130901,  281,    0
948657,20130902,  287,    0
948657,20130903,  274,    0
948657,20130904,  284,    0
948657,20130905,  281,    0
948657,20130906,  283,    0
948657,20130907,  274,    0
948657,20130908,  270,    0
948657,20130909,  271,    0
948657,20130910,  262,    0
948657,20130911,  285,    0
948657,20130912,  274,    0
948657,20130913,  281,    0
948657,20130914,  281,    0
948657,20130915,  269,    0
948657,20130916,  280,    0
948657,20130917,  280,    0
948657,20130918,  283,    0
948657,20130919,  292,    0
948657,20130920,  274,    0
948657,20130921,  287,    0
948657,20130922,  296,    0
948657,20130923,  297,    0
948657,20130924,  301,    0
948657,20130925,  296,    0
948657,20130926,  293,    0
948657,20130927,  278,    0
948657,20130928,  281,    0
948657,20130929,  278,    0
948657,20130930,  282,    0
948657,20131001,  288,    0
948657,20131002,  274,    0
948657,20131003,  288,    0
948657,20131004,  282,    0
948657,20131005,  290,    0
948657,20131006,  300,    0
948657,20131007,  295,    0
948657,20131008,  291,    0
948657,20131009,  274,    0
948657,20131010,  278,    0
948657,20131011,  284,    0
948657,20131012,  263,    0
948657,20131013,  283,    0
948657,20131014,  278,    0
948657,20131015,  291,    0
948657,20131016,  287,    0
948657,20131017,  288,    0
948657,20131018,  291,    0
948657,20131019,  276,    0
948657,20131020,  275,    0
948657,20131021,  279,    0
948657,20131022,  274,    0
948657,20131023,  274,    0
948657,20131024,  271,    0
948657,20131025,  270,    0
948657,20131026,  278,    0
948657,20131027,  261,    0
948657,20131028,  282,    0
948657,20131029,  273,    0
948657,20131030,  280,    0
948657,20131031,  283,    0
948657,20131101,  280,    0
948657,20131102,  286,    0
948657,20131103,  275,    0
948657,20131104,  278,    0
948657,20131105,  260,    0
948657,20131106,  255,    0
948657,20131107,  287,    0
948657,20131108,  283,    0
948657,20131109,  282,    0
948657,20131110,  254,    0
948657,20131111,  272,    0
948657,20131112,  281,    0
948657,20131113,  283,    0
948657,20131114,  286,    0
948657,20131115,  268,    0
948657,20131116,  275,    0
948657,20131117,  267,    0
948657,20131118,  275,    0
948657,20131119,  270,    0
948657,20131120,  266,    0
948657,20131121,  276,    0
948657,20131122,  275,    0
948657,20131123,  283,    0
948657,20131124,  273,    0
948657,20131125,  281,    0
948657,20131126,  274,    0
948657,20131127,  285,    0
948657,20131128,  271,    0
948657,20131129,  277,    0
948657,20131130,  271,    0
948657,20131201,  265,    0
948657,20131202,  243,    0
948657,20131203,  237,    0
948657,20131204,  242,    0
948657,20131205,  273,    0
948657,20131206,  263,    0
948657,20131207,  239,    0
948657,20131208,  251,    0
948657,20131209,  275,    0
948657,20131210,  264,    0
948657,20131211,  269,    0
948657,20131212,  270,    0
948657,20131213,  276,    0
948657,20131214,  276,    0
948657,20131215,  268,    0
948657,20131216,  273,    0
948657,20131217,  276,    0
948657,20131218,  278,    0
948657,20131219,  250,    0
948657,20131220,  270,    0
948657,20131221,  244,    0
948657,20131222,  266,    0
948657,20131223,  276,    0
948657,20131224,  263,    0
948657,20131225,  268,    0
948657,20131226,  264,    0
948657,20131227,  261,    0
948657,20131228,  266,    0
948657,20131229,  263,    0
948657,20131230,  253,    0
948657,20131231,  249,    0
948657,20140101,  264,    0
948657,20140102,  267,    0
948657,20140103,  256,    0
948657,20140104,  271,    0
948657,20140105,  254,    0
948657,20140106,  275,    0
948657,20140107,  282,    0
948657,20140108,  266,    0
948657,20140109,  268,    0
948657,20140110,  237,    0
948657,20140111,  246,    0
948657,20140112,  256,    0
948657,20140113,  263,    0
948657,20140114,  253,    0
948657,20140115,  258,    0
948657,20140116,  248,    0
948657,20140117,  254,    0
948657,20140118,  253,    0
948657,20140119,  250,    0
948657,20140120,  248,    0
948657,20140121,  250,    0
948657,20140122,  251,    0
948657,20140123,  245,    0
948657,20140124,  251,    0
948657,20140125,  252,    0
948657,20140126,  250,    0
948657,20140127,  257,    0
948657,20140128,  253,    0
948657,20140129,  255,    0
948657,20140130,  251,    0
948657,20140131,  256,    0
948657,20140201,  253,    0
948657,20140202,  250,    0
948657,20140203,  259,    0
948657,20140204,  261,    0
948657,20140205,  255,    0
948657,20140206,  257,    0
948657,20140207,  261,    0
948657,20140208,  273,    0
948657,20140209,  275,    0
948657,20140210,  277,    0
948657,20140211,  276,    0
948657,20140212,  277,    0
948657,20140213,  277,    0
948657,20140214,  274,    0
948657,20140215,  260,    0
948657,20140216,  271,    0
948657,20140217,  271,    0
948657,20140218,  276,    0
948657,20140219,  278,    0
948657,20140220,  271,    0
948657,20140221,  267,    0
948657,20140222,  271,    0
948657,20140223,  269,    0
948657,20140224,  265,    0
948657,20140225,  265,    0
948657,20140226,  266,    0
948657,20140227,  258,    0
948657,20140228,  270,    0
948657,20140301,  266,    0
948657,20140302,  268,    0
948657,20140303,  271,    0
948657,20140304,  270,    0
948657,20140305,  272,    0
948657,20140306,  265,    0
948657,20140307,  272,    0
948657,20140308,  264,    0
948657,20140309,  266,    0
948657,20140310,  267,    0
948657,20140311,  275,    0
948657,20140312,  275,    0
948657,20140313,  282,    0
948657,20140314,  290,    0
948657,20140315,  283,    0
948657,20140316,  283,    0
948657,20140317,  285,    0
948657,20140318,  278,    0
948657,20140319,  283,    0
948657,20140320,  280,    0
948657,20140321,  279,    0
948657,20140322,  270,    0
948657,20140323,  279,    0
948657,20140324,  280,    0
948657,20140325,  282,    0
948657,20140326,  285,    0
948657,20140327,  291,    0
948657,20140328,  290,    0
948657,20140329,  290,    0
948657,20140330,  289,    0
948657,20140331,  292,    0
948657,20140401,  293,    0
948657,20140402,  291,    0
948657,20140403,  291,    0
948657,20140404,  289,    0
948657,20140405,  291,    0
948657,20140406,  281,    0
948657,20140407,  295,    0
948657,20140408,  294,    0
948657,20140409,  291,    0
948657,20140410,  291,    0
948657,20140411,  291,    0
948657,20140412,  290,    0
948657,20140413,  295,    0
948657,20140414,  290,    0
948657,20140415,  297,    0
948657,20140416,  297,    0
948657,20140417,  298,    0
948657,20140418,  281,    0
948657,20140419,  295,    0
948657,20140420,  290,    0
948657,20140421,  297,    0
948657,20140422,  302,    0
948657,20140423,  301,    0
948657,20140424,  296,    0
948657,20140425,  300,    0
948657,20140426,  294,    0
948657,20140427,  294,    0
948657,20140428,  301,    0
948657,20140429,  293,    0
948657,20140430,  290,    0
948657,20140501,  297,    0
948657,20140502,  297,    0
948657,20140503,  299,    0
948657,20140504,  300,    0
948657,20140505,  295,    0
948657,20140506,  296,    0
948657,20140507,  289,    0
948657,20140508,  299,    0
948657,20140509,  303,    0
948657,20140510,  283,    0
948657,20140511,  301,    0
948657,20140512,  292,    0
948657,20140513,  296,    0
948657,20140514,  288,    0
948657,20140515,  295,    0
948657,20140516,  293,    0
948657,20140517,  285,    0
948657,20140518,  283,    0
948657,20140519,  293,    0
948657,20140520,  283,    0
948657,20140521,  291,    0
948657,20140522,  288,    0
948657,20140523,  284,    0
948657,20140524,  291,    0
948657,20140525,  295,    0
948657,20140526,  298,    0
948657,20140527,  291,    0
948657,20140528,  296,    0
948657,20140529,  296,    0
948657,20140530,  285,    0
948657,20140531,  289,    0
948657,20140601,  295,    0
948657,20140602,  289,    0
948657,20140603,  263,    0
948657,20140604,  289,    0
948657,20140605,  296,    0
948657,20140606,  290,    0
948657,20140607,  290,    0
948657,20140608,  299,    0
948657,20140609,  301,    0
948657,20140610,  298,    0
948657,20140611,  295,    0
948657,20140612,  296,    0
948657,20140613,  287,    0
948657,20140614,  288,    0
948657,20140615,  301,    0
948657,20140616,  301,    0
948657,20140617,  292,    0
948657,20140618,  300,    0
948657,20140619,  303,    0
948657,20140620,  304,    0
948657,20140621,  313,    0
948657,20140622,  296,    0
948657,20140623,  301,    0
948657,20140624,  301,    0
948657,20140625,  302,    0
948657,20140626,  298,    0
948657,20140627,  287,    0
948657,20140628,  288,    0
948657,20140629,  286,    0
948657,20140630,  283,    0
948657,20140701,  285,    0
948657,20140702,  290,    0
948657,20140703,  285,    0
948657,20140704,  295,    0
948657,20140705,  295,    0
948657,20140706,  282,    0
948657,20140707,  289,    0
948657,20140708,  292,    0
948657,20140709,  293,    0
948657,20140710,  287,    0
948657,20140711,  284,    0
948657,20140712,  281,    0
948657,20140713,  291,    0
948657,20140714,  298,    0
948657,20140715,  298,    0
948657,20140716,  285,    0
948657,20140717,  279,    0
948657,20140718,  292,    0
948657,20140719,  294,    0
948657,20140720,  301,    0
948657,20140721,  298,    0
948657,20140722,  288,    0
948657,20140723,  287,    0
948657,20140724,  284,    0
948657,20140725,  288,    0
948657,20140726,  284,    0
948657,20140727,  270,    0
948657,20140728,  287,    0
948657,20140729,  275,    0
948657,20140730,  290,    0
948657,20140731,  285,    0
948657,20140801,  294,    0
948657,20140802,  291,    0
948657,20140803,  283,    0
948657,20140804,  298,    0
948657,20140805,  292,    0
948657,20140806,  280,    0
948657,20140807,  286,    0
948657,20140808,  289,    0
948657,20140809,  286,    0
948657,20140810,  287,    0
948657,20140811,  291,    0
948657,20140812,  277,    0
948657,20140813,  282,    0
948657,20140814,  281,    0
948657,20140815,  277,    0
948657,20140816,  284,    0
948657,20140817,  293,    0
948657,20140818,  283,    0
948657,20140819,  279,    0
948657,20140820,  275,    0
948657,20140821,  284,    0
948657,20140822,  283,    0
948657,20140823,  283,    0
948657,20140824,  283,    0
948657,20140825,  286,    0
948657,20140826,  287,    0
948657,20140827,  281,    0
948657,20140828,  279,    0
948657,20140829,  276,    0
948657,20140830,  281,    0
948657,20140831,  276,    0
948657,20140901,  288,    0
948657,20140902,  294,    0
948657,20140903,  281,    0
948657,20140904,  283,    0
948657,20140905,  287,    0
948657,20140906,  272,    0
948657,20140907,  274,    0
948657,20140908,  284,    0
948657,20140909,  280,    0
948657,20140910,  284,    0
948657,20140911,  276,    0
948657,20140912,  281,    0
948657,20140913,  281,    0
948657,20140914,  282,    0
948657,20140915,  291,    0
948657,20140916,  290,    0
948657,20140917,  281,    0
948657,20140918,  288,    0
948657,20140919,  279,    0
948657,20140920,  289,    0
948657,20140921,  276,    0
948657,20140922,  282,    0
948657,20140923,  282,    0
101812,20140924,-9999,    9
948657,20140925,  279,    0
948657,20140926,  285,    0
948657,20140927,  286,    0
948657,20140928,  289,    0
948657,20140929,  284,    0
948657,20140930,  288,    0
101812,20141001,-9999,    9
948657,20141002,  287,    0
948657,20141003,  292,    0
948657,20141004,  266,    0
948657,20141005,  277,    0
948657,20141006,  285,    0
948657,20141007,  281,    0
948657,20141008,  277,    0
948657,20141009,  295,    0
948657,20141010,  276,    0
948657,20141011,  279,    0
948657,20141012,  279,    0
948657,20141013,  284,    0
948657,20141014,  288,    0
948657,20141015,  289,    0
948657,20141016,  291,    0
948657,20141017,  281,    0
948657,20141018,  288,    0
948657,20141019,  285,    0
948657,20141020,  287,    0
948657,20141021,  263,    0
948657,20141022,  279,    0
948657,20141023,  288,    0
948657,20141024,  284,    0
948657,20141025,  282,    0
948657,20141026,  287,    0
948657,20141027,  279,    0
948657,20141028,  287,    0
948657,20141029,  286,    0
948657,20141030,  289,    0
948657,20141031,  293,    0
948657,20141101,  288,    0
948657,20141102,  296,    0
948657,20141103,  292,    0
948657,20141104,  283,    0
948657,20141105,  288,    0
948657,20141106,  277,    0
948657,20141107,  274,    0
948657,20141108,  278,    0
948657,20141109,  281,    0
948657,20141110,  285,    0
948657,20141111,  283,    0
948657,20141112,  273,    0
948657,20141113,  271,    0
948657,20141114,  250,    0
948657,20141115,  261,    0
948657,20141116,  260,    0
948657,20141117,  244,    0
948657,20141118,  238,    0
948657,20141119,  261,    0
948657,20141120,  260,    0
948657,20141121,  284,    0
948657,20141122,  288,    0
948657,20141123,  285,    0
948657,20141124,  265,    0
948657,20141125,  279,    0
948657,20141126,  279,    0
948657,20141127,  281,    0
948657,20141128,  286,    0
948657,20141129,  277,    0
948657,20141130,  278,    0
948657,20141201,  264,    0
948657,20141202,  283,    0
948657,20141203,  286,    0
948657,20141204,  275,    0
948657,20141205,  276,    0
948657,20141206,  270,    0
948657,20141207,  281,    0
948657,20141208,  274,    0
948657,20141209,  279,    0
948657,20141210,  276,    0
948657,20141211,  272,    0
948657,20141212,  277,    0
948657,20141213,  284,    0
948657,20141214,  284,    0
948657,20141215,  252,    0
948657,20141216,  243,    0
948657,20141217,  240,    0
948657,20141218,  243,    0
948657,20141219,  265,    0
948657,20141220,  272,    0
948657,20141221,  250,    0
948657,20141222,  243,    0
948657,20141223,  250,    0
948657,20141224,  249,    0
948657,20141225,  262,    0
948657,20141226,  254,    0
948657,20141227,  271,    0
948657,20141228,  253,    0
948657,20141229,  231,    0
948657,20141230,  254,    0
948657,20141231,  266,    0
948657,20150101,  266,    0
948657,20150102,  265,    0
948657,20150103,  271,    0
948657,20150104,  263,    0
948657,20150105,  277,    0
948657,20150106,  276,    0
948657,20150107,  278,    0
948657,20150108,  241,    0
948657,20150109,  234,    0
948657,20150110,  264,    0
948657,20150111,  263,    0
948657,20150112,  268,    0
948657,20150113,  270,    0
948657,20150114,  261,    0
948657,20150115,  259,    0
948657,20150116,  260,    0
948657,20150117,  257,    0
948657,20150118,  263,    0
948657,20150119,  257,    0
948657,20150120,  258,    0
948657,20150121,  267,    0
948657,20150122,  253,    0
948657,20150123,  257,    0
948657,20150124,  258,    0
948657,20150125,  264,    0
948657,20150126,  255,    0
948657,20150127,  263,    0
948657,20150128,  273,    0
948657,20150129,  247,    0
948657,20150130,  265,    0
948657,20150131,  259,    0
948657,20150201,  261,    0
948657,20150202,  252,    0
948657,20150203,  256,    0
948657,20150204,  248,    0
948657,20150205,  257,    0
948657,20150206,  263,    0
948657,20150207,  253,    0
948657,20150208,  251,    0
948657,20150209,  249,    0
948657,20150210,  257,    0
948657,20150211,  261,    0
948657,20150212,  257,    0
948657,20150213,  256,    0
948657,20150214,  258,    0
948657,20150215,  272,    0
948657,20150216,  271,    0
948657,20150217,  271,    0
948657,20150218,  277,    0
948657,20150219,  262,    0
948657,20150220,  263,    0
948657,20150221,  268,    0
948657,20150222,  270,    0
948657,20150223,  275,    0
948657,20150224,  270,    0
948657,20150225,  265,    0
948657,20150226,  269,    0
948657,20150227,  269,    0
948657,20150228,  280,    0
948657,20150301,  280,    0
948657,20150302,  284,    0
948657,20150303,  280,    0
948657,20150304,  274,    0
948657,20150305,  268,    0
948657,20150306,  275,    0
948657,20150307,  278,    0
948657,20150308,  288,    0
948657,20150309,  279,    0
948657,20150310,  284,    0
948657,20150311,  280,    0
948657,20150312,  271,    0
948657,20150313,  266,    0
948657,20150314,  275,    0
948657,20150315,  280,    0
948657,20150316,  281,    0
101812,20150317,-9999,    9
101812,20150318,-9999,    9
101812,20150319,-9999,    9
101812,20150320,-9999,    9
101812,20150321,-9999,    9
101812,20150322,-9999,    9
101812,20150323,-9999,    9
101812,20150324,-9999,    9
101812,20150325,-9999,    9
101812,20150326,-9999,    9
101812,20150327,-9999,    9
101812,20150328,-9999,    9
101812,20150329,-9999,    9
101812,20150330,-9999,    9
101812,20150331,-9999,    9
101812,20150401,-9999,    9
101812,20150402,-9999,    9
101812,20150403,-9999,    9
101812,20150404,-9999,    9
101812,20150405,-9999,    9
101812,20150406,-9999,    9
101812,20150407,-9999,    9
101812,20150408,-9999,    9
101812,20150409,-9999,    9
101812,20150410,-9999,    9
101812,20150411,-9999,    9
101812,20150412,-9999,    9
101812,20150413,-9999,    9
101812,20150414,-9999,    9
101812,20150415,-9999,    9
948657,20150416,  286,    0
948657,20150417,  292,    0
948657,20150418,  298,    0
948657,20150419,  293,    0
948657,20150420,  298,    0
948657,20150421,  292,    0
948657,20150422,  295,    0
948657,20150423,  293,    0
948657,20150424,  295,    0
948657,20150425,  282,    0
948657,20150426,  293,    0
948657,20150427,  277,    0
948657,20150428,  288,    0
948657,20150429,  283,    0
948657,20150430,  290,    0
948657,20150501,  292,    0
948657,20150502,  283,    0
948657,20150503,  275,    0
948657,20150504,  294,    0
948657,20150505,  290,    0
948657,20150506,  290,    0
948657,20150507,  301,    0
948657,20150508,  300,    0
948657,20150509,  292,    0
948657,20150510,  296,    0
948657,20150511,  288,    0
948657,20150512,  297,    0
948657,20150513,  298,    0
948657,20150514,  290,    0
948657,20150515,  296,    0
948657,20150516,  292,    0
948657,20150517,  291,    0
948657,20150518,  292,    0
948657,20150519,  293,    0
948657,20150520,  291,    0
948657,20150521,  298,    0
948657,20150522,  293,    0
948657,20150523,  284,    0
948657,20150524,  291,    0
948657,20150525,  293,    0
948657,20150526,  281,    0
948657,20150527,  285,    0
948657,20150528,  287,    0
948657,20150529,  289,    0
948657,20150530,  294,    0
948657,20150531,  292,    0
948657,20150601,  290,    0
948657,20150602,  286,    0
948657,20150603,  286,    0
948657,20150604,  293,    0
948657,20150605,  294,    0
948657,20150606,  297,    0
948657,20150607,  300,    0
948657,20150608,  292,    0
948657,20150609,  293,    0
948657,20150610,  291,    0
948657,20150611,  290,    0
948657,20150612,  285,    0
948657,20150613,  287,    0
948657,20150614,  275,    0
948657,20150615,  278,    0
948657,20150616,  280,    0
948657,20150617,  278,    0
948657,20150618,  291,    0
948657,20150619,  292,    0
948657,20150620,  297,    0
948657,20150621,  303,    0
948657,20150622,  302,    0
948657,20150623,  303,    0
948657,20150624,  302,    0
948657,20150625,  291,    0
948657,20150626,  302,    0
948657,20150627,  306,    0
948657,20150628,  298,    0
948657,20150629,  298,    0
948657,20150630,  305,    0
948657,20150701,  285,    0
948657,20150702,  301,    0
948657,20150703,  290,    0
948657,20150704,  294,    0
948657,20150705,  297,    0
948657,20150706,  299,    0
948657,20150707,  295,    0
948657,20150708,  285,    0
948657,20150709,  305,    0
948657,20150710,  295,    0
948657,20150711,  290,    0
948657,20150712,  305,    0
948657,20150713,  303,    0
948657,20150714,  288,    0
948657,20150715,  300,    0
948657,20150716,  293,    0
948657,20150717,  296,    0
948657,20150718,  298,    0
948657,20150719,  285,    0
948657,20150720,  288,    0
948657,20150721,  283,    0
948657,20150722,  286,    0
948657,20150723,  288,    0
948657,20150724,  283,    0
948657,20150725,  291,    0
948657,20150726,  279,    0
948657,20150727,  285,    0
948657,20150728,  290,    0
948657,20150729,  275,    0
948657,20150730,  293,    0
948657,20150731,  290,    0
948657,20150801,  274,    0
948657,20150802,  287,    0
948657,20150803,  273,    0
948657,20150804,  278,    0
948657,20150805,  287,    0
948657,20150806,  283,    0
948657,20150807,  284,    0
948657,20150808,  278,    0
948657,20150809,  282,    0
948657,20150810,  285,    0
948657,20150811,  287,    0
948657,20150812,  285,    0
948657,20150813,  291,    0
948657,20150814,  291,    0
948657,20150815,  288,    0
948657,20150816,  278,    0
948657,20150817,  294,    0
948657,20150818,  293,    0
948657,20150819,  290,    0
948657,20150820,  290,    0
948657,20150821,  294,    0
948657,20150822,  294,    0
948657,20150823,  280,    0
948657,20150824,  270,    0
948657,20150825,  284,    0
948657,20150826,  268,    0
948657,20150827,  275,    0
948657,20150828,  287,    0
948657,20150829,  286,    0
948657,20150830,  283,    0
948657,20150831,  280,    0
948657,20150901,  290,    0
948657,20150902,  290,    0
948657,20150903,  288,    0
948657,20150904,  291,    0
948657,20150905,  292,    0
948657,20150906,  288,    0
948657,20150907,  281,    0
948657,20150908,  276,    0
948657,20150909,  277,    0
948657,20150910,  281,    0
948657,20150911,  276,    0
948657,20150912,  280,    0
948657,20150913,  281,    0
948657,20150914,  288,    0
948657,20150915,  282,    0
948657,20150916,  282,    0
948657,20150917,  276,    0
948657,20150918,  278,    0
948657,20150919,  293,    0
948657,20150920,  286,    0
948657,20150921,  289,    0
948657,20150922,  288,    0
948657,20150923,  286,    0
948657,20150924,  281,    0
948657,20150925,  285,    0
948657,20150926,  289,    0
948657,20150927,  290,    0
948657,20150928,  273,    0
948657,20150929,  281,    0
948657,20150930,  285,    0
948657,20151001,  288,    0
948657,20151002,  259,    0
948657,20151003,  278,    0
948657,20151004,  288,    0
948657,20151005,  281,    0
948657,20151006,  287,    0
948657,20151007,  285,    0
948657,20151008,  285,    0
948657,20151009,  290,    0
948657,20151010,  291,    0
948657,20151011,  289,    0
948657,20151012,  283,    0
948657,20151013,  284,    0
948657,20151014,  284,    0
948657,20151015,  294,    0
948657,20151016,  290,    0
948657,20151017,  292,    0
948657,20151018,  290,    0
948657,20151019,  290,    0
948657,20151020,  283,    0
948657,20151021,  279,    0
948657,20151022,  280,    0
948657,20151023,  288,    0
948657,20151024,  277,    0
948657,20151025,  287,    0
948657,20151026,  279,    0
948657,20151027,  284,    0
948657,20151028,  273,    0
948657,20151029,  287,    0
948657,20151030,  252,    0
948657,20151031,  274,    0
948657,20151101,  283,    0
948657,20151102,  280,    0
948657,20151103,  284,    0
948657,20151104,  279,    0
948657,20151105,  288,    0
948657,20151106,  283,    0
948657,20151107,  281,    0
948657,20151108,  281,    0
948657,20151109,  283,    0
948657,20151110,  286,    0
948657,20151111,  278,    0
948657,20151112,  287,    0
948657,20151113,  281,    0
948657,20151114,  286,    0
948657,20151115,  280,    0
948657,20151116,  268,    0
948657,20151117,  274,    0
948657,20151118,  280,    0
948657,20151119,  292,    0
948657,20151120,  269,    0
948657,20151121,  271,    0
948657,20151122,  278,    0
948657,20151123,  282,    0
948657,20151124,  287,    0
948657,20151125,  288,    0
948657,20151126,  272,    0
948657,20151127,  253,    0
948657,20151128,  270,    0
948657,20151129,  279,    0
948657,20151130,  272,    0
948657,20151201,  279,    0
948657,20151202,  270,    0
948657,20151203,  285,    0
948657,20151204,  283,    0
948657,20151205,  278,    0
948657,20151206,  276,    0
948657,20151207,  275,    0
948657,20151208,  271,    0
948657,20151209,  271,    0
948657,20151210,  283,    0
948657,20151211,  282,    0
948657,20151212,  280,    0
948657,20151213,  278,    0
948657,20151214,  282,    0
948657,20151215,  282,    0
948657,20151216,  283,    0
948657,20151217,  274,    0
948657,20151218,  276,    0
948657,20151219,  270,    0
948657,20151220,  271,    0
948657,20151221,  278,    0
948657,20151222,  291,    0
948657,20151223,  290,    0
948657,20151224,  284,    0
948657,20151225,  276,    0
948657,20151226,  281,    0
948657,20151227,  270,    0
948657,20151228,  243,    0
948657,20151229,  272,    0
948657,20151230,  276,    0
948657,20151231,  271,    0
101812,20160101,-9999,    9
101812,20160102,-9999,    9
101812,20160103,-9999,    9
101812,20160104,-9999,    9
101812,20160105,-9999,    9
101812,20160106,-9999,    9
101812,20160107,-9999,    9
101812,20160108,-9999,    9
101812,20160109,-9999,    9
101812,20160110,-9999,    9
101812,20160111,-9999,    9
101812,20160112,-9999,    9
101812,20160113,-9999,    9
101812,20160114,-9999,    9
101812,20160115,-9999,    9
101812,20160116,-9999,    9
101812,20160117,-9999,    9
101812,20160118,-9999,    9
101812,20160119,-9999,    9
101812,20160120,-9999,    9
101812,20160121,-9999,    9
101812,20160122,-9999,    9
101812,20160123,-9999,    9
101812,20160124,-9999,    9
101812,20160125,-9999,    9
101812,20160126,-9999,    9
101812,20160127,-9999,    9
101812,20160128,-9999,    9
101812,20160129,-9999,    9
101812,20160130,-9999,    9
101812,20160131,-9999,    9
101812,20160201,-9999,    9
101812,20160202,-9999,    9
101812,20160203,-9999,    9
101812,20160204,-9999,    9
101812,20160205,-9999,    9
101812,20160206,-9999,    9
101812,20160207,-9999,    9
101812,20160208,-9999,    9
101812,20160209,-9999,    9
101812,20160210,-9999,    9
101812,20160211,-9999,    9
101812,20160212,-9999,    9
101812,20160213,-9999,    9
101812,20160214,-9999,    9
101812,20160215,-9999,    9
101812,20160216,-9999,    9
101812,20160217,-9999,    9
101812,20160218,-9999,    9
101812,20160219,-9999,    9
101812,20160220,-9999,    9
101812,20160221,-9999,    9
101812,20160222,-9999,    9
101812,20160223,-9999,    9
101812,20160224,-9999,    9
101812,20160225,-9999,    9
101812,20160226,-9999,    9
101812,20160227,-9999,    9
101812,20160228,-9999,    9
101812,20160229,-9999,    9
101812,20160301,-9999,    9
101812,20160302,-9999,    9
101812,20160303,-9999,    9
101812,20160304,-9999,    9
101812,20160305,-9999,    9
101812,20160306,-9999,    9
101812,20160307,-9999,    9
101812,20160308,-9999,    9
101812,20160309,-9999,    9
101812,20160310,-9999,    9
101812,20160311,-9999,    9
101812,20160312,-9999,    9
101812,20160313,-9999,    9
101812,20160314,-9999,    9
101812,20160315,-9999,    9
101812,20160316,-9999,    9
101812,20160317,-9999,    9
101812,20160318,-9999,    9
101812,20160319,-9999,    9
101812,20160320,-9999,    9
101812,20160321,-9999,    9
101812,20160322,-9999,    9
101812,20160323,-9999,    9
101812,20160324,-9999,    9
101812,20160325,-9999,    9
101812,20160326,-9999,    9
101812,20160327,-9999,    9
101812,20160328,-9999,    9
101812,20160329,-9999,    9
101812,20160330,-9999,    9
101812,20160331,-9999,    9
101812,20160401,-9999,    9
101812,20160402,-9999,    9
101812,20160403,-9999,    9
101812,20160404,-9999,    9
101812,20160405,-9999,    9
101812,20160406,-9999,    9
101812,20160407,-9999,    9
101812,20160408,-9999,    9
101812,20160409,-9999,    9
101812,20160410,-9999,    9
101812,20160411,-9999,    9
101812,20160412,-9999,    9
101812,20160413,-9999,    9
101812,20160414,-9999,    9
101812,20160415,-9999,    9
101812,20160416,-9999,    9
101812,20160417,-9999,    9
101812,20160418,-9999,    9
101812,20160419,-9999,    9
101812,20160420,-9999,    9
101812,20160421,-9999,    9
101812,20160422,-9999,    9
101812,20160423,-9999,    9
101812,20160424,-9999,    9
101812,20160425,-9999,    9
101812,20160426,-9999,    9
101812,20160427,-9999,    9
101812,20160428,-9999,    9
101812,20160429,-9999,    9
101812,20160430,-9999,    9
101812,20160501,-9999,    9
101812,20160502,-9999,    9
101812,20160503,-9999,    9
101812,20160504,-9999,    9
101812,20160505,-9999,    9
101812,20160506,-9999,    9
101812,20160507,-9999,    9
101812,20160508,-9999,    9
101812,20160509,-9999,    9
101812,20160510,-9999,    9
101812,20160511,-9999,    9
101812,20160512,-9999,    9
101812,20160513,-9999,    9
101812,20160514,-9999,    9
101812,20160515,-9999,    9
101812,20160516,-9999,    9
101812,20160517,-9999,    9
101812,20160518,-9999,    9
101812,20160519,-9999,    9
101812,20160520,-9999,    9
101812,20160521,-9999,    9
101812,20160522,-9999,    9
101812,20160523,-9999,    9
101812,20160524,-9999,    9
101812,20160525,-9999,    9
101812,20160526,-9999,    9
101812,20160527,-9999,    9
101812,20160528,-9999,    9
101812,20160529,-9999,    9
101812,20160530,-9999,    9
101812,20160531,-9999,    9
101812,20160601,-9999,    9
101812,20160602,-9999,    9
101812,20160603,-9999,    9
101812,20160604,-9999,    9
101812,20160605,-9999,    9
101812,20160606,-9999,    9
101812,20160607,-9999,    9
101812,20160608,-9999,    9
101812,20160609,-9999,    9
101812,20160610,-9999,    9
101812,20160611,-9999,    9
101812,20160612,-9999,    9
101812,20160613,-9999,    9
101812,20160614,-9999,    9
101812,20160615,-9999,    9
101812,20160616,-9999,    9
101812,20160617,-9999,    9
101812,20160618,-9999,    9
101812,20160619,-9999,    9
101812,20160620,-9999,    9
101812,20160621,-9999,    9
101812,20160622,-9999,    9
101812,20160623,-9999,    9
101812,20160624,-9999,    9
101812,20160625,-9999,    9
101812,20160626,-9999,    9
101812,20160627,-9999,    9
101812,20160628,-9999,    9
101812,20160629,-9999,    9
101812,20160630,-9999,    9
101812,20160701,-9999,    9
101812,20160702,-9999,    9
101812,20160703,-9999,    9
101812,20160704,-9999,    9
101812,20160705,-9999,    9
101812,20160706,-9999,    9
101812,20160707,-9999,    9
101812,20160708,-9999,    9
101812,20160709,-9999,    9
101812,20160710,-9999,    9
101812,20160711,-9999,    9
101812,20160712,-9999,    9
101812,20160713,-9999,    9
101812,20160714,-9999,    9
101812,20160715,-9999,    9
101812,20160716,-9999,    9
101812,20160717,-9999,    9
101812,20160718,-9999,    9
101812,20160719,-9999,    9
101812,20160720,-9999,    9
101812,20160721,-9999,    9
101812,20160722,-9999,    9
101812,20160723,-9999,    9
101812,20160724,-9999,    9
101812,20160725,-9999,    9
101812,20160726,-9999,    9
101812,20160727,-9999,    9
101812,20160728,-9999,    9
101812,20160729,-9999,    9
101812,20160730,-9999,    9
101812,20160731,-9999,    9
101812,20160801,-9999,    9
101812,20160802,-9999,    9
101812,20160803,-9999,    9
101812,20160804,-9999,    9
101812,20160805,-9999,    9
101812,20160806,-9999,    9
101812,20160807,-9999,    9
101812,20160808,-9999,    9
101812,20160809,-9999,    9
101812,20160810,-9999,    9
101812,20160811,-9999,    9
101812,20160812,-9999,    9
101812,20160813,-9999,    9
101812,20160814,-9999,    9
101812,20160815,-9999,    9
101812,20160816,-9999,    9
101812,20160817,-9999,    9
101812,20160818,-9999,    9
101812,20160819,-9999,    9
101812,20160820,-9999,    9
101812,20160821,-9999,    9
101812,20160822,-9999,    9
101812,20160823,-9999,    9
101812,20160824,-9999,    9
101812,20160825,-9999,    9
101812,20160826,-9999,    9
101812,20160827,-9999,    9
101812,20160828,-9999,    9
101812,20160829,-9999,    9
101812,20160830,-9999,    9
101812,20160831,-9999,    9
101812,20160901,-9999,    9
101812,20160902,-9999,    9
101812,20160903,-9999,    9
101812,20160904,-9999,    9
101812,20160905,-9999,    9
101812,20160906,-9999,    9
101812,20160907,-9999,    9
101812,20160908,-9999,    9
101812,20160909,-9999,    9
101812,20160910,-9999,    9
101812,20160911,-9999,    9
101812,20160912,-9999,    9
101812,20160913,-9999,    9
101812,20160914,-9999,    9
101812,20160915,-9999,    9
101812,20160916,-9999,    9
101812,20160917,-9999,    9
101812,20160918,-9999,    9
101812,20160919,-9999,    9
101812,20160920,-9999,    9
101812,20160921,-9999,    9
101812,20160922,-9999,    9
101812,20160923,-9999,    9
101812,20160924,-9999,    9
101812,20160925,-9999,    9
101812,20160926,-9999,    9
101812,20160927,-9999,    9
101812,20160928,-9999,    9
101812,20160929,-9999,    9
101812,20160930,-9999,    9
101812,20161001,-9999,    9
101812,20161002,-9999,    9
101812,20161003,-9999,    9
101812,20161004,-9999,    9
101812,20161005,-9999,    9
101812,20161006,-9999,    9
101812,20161007,-9999,    9
101812,20161008,-9999,    9
101812,20161009,-9999,    9
101812,20161010,-9999,    9
101812,20161011,-9999,    9
101812,20161012,-9999,    9
101812,20161013,-9999,    9
101812,20161014,-9999,    9
101812,20161015,-9999,    9
101812,20161016,-9999,    9
101812,20161017,-9999,    9
101812,20161018,-9999,    9
101812,20161019,-9999,    9
101812,20161020,-9999,    9
101812,20161021,-9999,    9
101812,20161022,-9999,    9
101812,20161023,-9999,    9
101812,20161024,-9999,    9
101812,20161025,-9999,    9
101812,20161026,-9999,    9
101812,20161027,-9999,    9
101812,20161028,-9999,    9
101812,20161029,-9999,    9
101812,20161030,-9999,    9
101812,20161031,-9999,    9
101812,20161101,-9999,    9
101812,20161102,-9999,    9
101812,20161103,-9999,    9
101812,20161104,-9999,    9
101812,20161105,-9999,    9
101812,20161106,-9999,    9
101812,20161107,-9999,    9
101812,20161108,-9999,    9
101812,20161109,-9999,    9
101812,20161110,-9999,    9
101812,20161111,-9999,    9
101812,20161112,-9999,    9
101812,20161113,-9999,    9
101812,20161114,-9999,    9
101812,20161115,-9999,    9
101812,20161116,-9999,    9
101812,20161117,-9999,    9
101812,20161118,-9999,    9
101812,20161119,-9999,    9
101812,20161120,-9999,    9
101812,20161121,-9999,    9
101812,20161122,-9999,    9
101812,20161123,-9999,    9
101812,20161124,-9999,    9
101812,20161125,-9999,    9
101812,20161126,-9999,    9
101812,20161127,-9999,    9
101812,20161128,-9999,    9
101812,20161129,-9999,    9
101812,20161130,-9999,    9
101812,20161201,-9999,    9
101812,20161202,-9999,    9
101812,20161203,-9999,    9
101812,20161204,-9999,    9
101812,20161205,-9999,    9
101812,20161206,-9999,    9
101812,20161207,-9999,    9
101812,20161208,-9999,    9
101812,20161209,-9999,    9
101812,20161210,-9999,    9
101812,20161211,-9999,    9
101812,20161212,-9999,    9
101812,20161213,-9999,    9
101812,20161214,-9999,    9
101812,20161215,-9999,    9
101812,20161216,-9999,    9
101812,20161217,-9999,    9
101812,20161218,-9999,    9
101812,20161219,-9999,    9
101812,20161220,-9999,    9
101812,20161221,-9999,    9
101812,20161222,-9999,    9
101812,20161223,-9999,    9
101812,20161224,-9999,    9
101812,20161225,-9999,    9
101812,20161226,-9999,    9
101812,20161227,-9999,    9
101812,20161228,-9999,    9
101812,20161229,-9999,    9
101812,20161230,-9999,    9
101812,20161231,-9999,    9
101812,20170101,-9999,    9
101812,20170102,-9999,    9
101812,20170103,-9999,    9
101812,20170104,-9999,    9
101812,20170105,-9999,    9
101812,20170106,-9999,    9
101812,20170107,-9999,    9
101812,20170108,-9999,    9
101812,20170109,-9999,    9
101812,20170110,-9999,    9
101812,20170111,-9999,    9
101812,20170112,-9999,    9
101812,20170113,-9999,    9
101812,20170114,-9999,    9
101812,20170115,-9999,    9
101812,20170116,-9999,    9
101812,20170117,-9999,    9
101812,20170118,-9999,    9
101812,20170119,-9999,    9
101812,20170120,-9999,    9
101812,20170121,-9999,    9
101812,20170122,-9999,    9
101812,20170123,-9999,    9
101812,20170124,-9999,    9
101812,20170125,-9999,    9
101812,20170126,-9999,    9
101812,20170127,-9999,    9
101812,20170128,-9999,    9
101812,20170129,-9999,    9
101812,20170130,-9999,    9
101812,20170131,-9999,    9
101812,20170201,-9999,    9
101812,20170202,-9999,    9
101812,20170203,-9999,    9
101812,20170204,-9999,    9
101812,20170205,-9999,    9
101812,20170206,-9999,    9
101812,20170207,-9999,    9
101812,20170208,-9999,    9
101812,20170209,-9999,    9
101812,20170210,-9999,    9
101812,20170211,-9999,    9
101812,20170212,-9999,    9
101812,20170213,-9999,    9
101812,20170214,-9999,    9
101812,20170215,-9999,    9
101812,20170216,-9999,    9
101812,20170217,-9999,    9
101812,20170218,-9999,    9
101812,20170219,-9999,    9
101812,20170220,-9999,    9
101812,20170221,-9999,    9
101812,20170222,-9999,    9
101812,20170223,-9999,    9
101812,20170224,-9999,    9
101812,20170225,-9999,    9
101812,20170226,-9999,    9
101812,20170227,-9999,    9
101812,20170228,-9999,    9
101812,20170301,-9999,    9
101812,20170302,-9999,    9
101812,20170303,-9999,    9
101812,20170304,-9999,    9
101812,20170305,-9999,    9
101812,20170306,-9999,    9
101812,20170307,-9999,    9
101812,20170308,-9999,    9
101812,20170309,-9999,    9
101812,20170310,-9999,    9
101812,20170311,-9999,    9
101812,20170312,-9999,    9
101812,20170313,-9999,    9
101812,20170314,-9999,    9
101812,20170315,-9999,    9
101812,20170316,-9999,    9
101812,20170317,-9999,    9
101812,20170318,-9999,    9
101812,20170319,-9999,    9
101812,20170320,-9999,    9
101812,20170321,-9999,    9
101812,20170322,-9999,    9
101812,20170323,-9999,    9
101812,20170324,-9999,    9
101812,20170325,-9999,    9
101812,20170326,-9999,    9
101812,20170327,-9999,    9
101812,20170328,-9999,    9
101812,20170329,-9999,    9
101812,20170330,-9999,    9
101812,20170331,-9999,    9
101812,20170401,-9999,    9
101812,20170402,-9999,    9
101812,20170403,-9999,    9
101812,20170404,-9999,    9
101812,20170405,-9999,    9
101812,20170406,-9999,    9
101812,20170407,-9999,    9
101812,20170408,-9999,    9
101812,20170409,-9999,    9
101812,20170410,-9999,    9
101812,20170411,-9999,    9
101812,20170412,-9999,    9
101812,20170413,-9999,    9
101812,20170414,-9999,    9
101812,20170415,-9999,    9
101812,20170416,-9999,    9
101812,20170417,-9999,    9
101812,20170418,-9999,    9
101812,20170419,-9999,    9
101812,20170420,-9999,    9
101812,20170421,-9999,    9
101812,20170422,-9999,    9
101812,20170423,-9999,    9
101812,20170424,-9999,    9
101812,20170425,-9999,    9
101812,20170426,-9999,    9
101812,20170427,-9999,    9
101812,20170428,-9999,    9
101812,20170429,-9999,    9
101812,20170430,-9999,    9
101812,20170501,-9999,    9
101812,20170502,-9999,    9
101812,20170503,-9999,    9
101812,20170504,-9999,    9
101812,20170505,-9999,    9
101812,20170506,-9999,    9
101812,20170507,-9999,    9
101812,20170508,-9999,    9
101812,20170509,-9999,    9
101812,20170510,-9999,    9
101812,20170511,-9999,    9
101812,20170512,-9999,    9
101812,20170513,-9999,    9
101812,20170514,-9999,    9
101812,20170515,-9999,    9
101812,20170516,-9999,    9
101812,20170517,-9999,    9
101812,20170518,-9999,    9
101812,20170519,-9999,    9
101812,20170520,-9999,    9
101812,20170521,-9999,    9
101812,20170522,-9999,    9
101812,20170523,-9999,    9
101812,20170524,-9999,    9
101812,20170525,-9999,    9
101812,20170526,-9999,    9
101812,20170527,-9999,    9
101812,20170528,-9999,    9
101812,20170529,-9999,    9
101812,20170530,-9999,    9
101812,20170531,-9999,    9
101812,20170601,-9999,    9
101812,20170602,-9999,    9
101812,20170603,-9999,    9
101812,20170604,-9999,    9
101812,20170605,-9999,    9
101812,20170606,-9999,    9
101812,20170607,-9999,    9
101812,20170608,-9999,    9
101812,20170609,-9999,    9
101812,20170610,-9999,    9
101812,20170611,-9999,    9
101812,20170612,-9999,    9
101812,20170613,-9999,    9
101812,20170614,-9999,    9
101812,20170615,-9999,    9
101812,20170616,-9999,    9
101812,20170617,-9999,    9
101812,20170618,-9999,    9
101812,20170619,-9999,    9
101812,20170620,-9999,    9
101812,20170621,-9999,    9
101812,20170622,-9999,    9
101812,20170623,-9999,    9
101812,20170624,-9999,    9
101812,20170625,-9999,    9
101812,20170626,-9999,    9
101812,20170627,-9999,    9
101812,20170628,-9999,    9
101812,20170629,-9999,    9
101812,20170630,-9999,    9
101812,20170701,-9999,    9
101812,20170702,-9999,    9
101812,20170703,-9999,    9
101812,20170704,-9999,    9
101812,20170705,-9999,    9
101812,20170706,-9999,    9
101812,20170707,-9999,    9
101812,20170708,-9999,    9
101812,20170709,-9999,    9
101812,20170710,-9999,    9
101812,20170711,-9999,    9
101812,20170712,-9999,    9
101812,20170713,-9999,    9
101812,20170714,-9999,    9
101812,20170715,-9999,    9
101812,20170716,-9999,    9
101812,20170717,-9999,    9
101812,20170718,-9999,    9
101812,20170719,-9999,    9
101812,20170720,-9999,    9
101812,20170721,-9999,    9
101812,20170722,-9999,    9
101812,20170723,-9999,    9
101812,20170724,-9999,    9
101812,20170725,-9999,    9
101812,20170726,-9999,    9
101812,20170727,-9999,    9
101812,20170728,-9999,    9
101812,20170729,-9999,    9
101812,20170730,-9999,    9
101812,20170731,-9999,    9
101812,20170801,-9999,    9
101812,20170802,-9999,    9
101812,20170803,-9999,    9
101812,20170804,-9999,    9
101812,20170805,-9999,    9
101812,20170806,-9999,    9
101812,20170807,-9999,    9
101812,20170808,-9999,    9
101812,20170809,-9999,    9
101812,20170810,-9999,    9
101812,20170811,-9999,    9
101812,20170812,-9999,    9
101812,20170813,-9999,    9
101812,20170814,-9999,    9
101812,20170815,-9999,    9
101812,20170816,-9999,    9
101812,20170817,-9999,    9
101812,20170818,-9999,    9
101812,20170819,-9999,    9
101812,20170820,-9999,    9
101812,20170821,-9999,    9
101812,20170822,-9999,    9
101812,20170823,-9999,    9
101812,20170824,-9999,    9
101812,20170825,-9999,    9
101812,20170826,-9999,    9
101812,20170827,-9999,    9
101812,20170828,-9999,    9
101812,20170829,-9999,    9
101812,20170830,-9999,    9
101812,20170831,-9999,    9
101812,20170901,-9999,    9
101812,20170902,-9999,    9
101812,20170903,-9999,    9
101812,20170904,-9999,    9
101812,20170905,-9999,    9
101812,20170906,-9999,    9
101812,20170907,-9999,    9
101812,20170908,-9999,    9
101812,20170909,-9999,    9
101812,20170910,-9999,    9
101812,20170911,-9999,    9
101812,20170912,-9999,    9
101812,20170913,-9999,    9
101812,20170914,-9999,    9
101812,20170915,-9999,    9
101812,20170916,-9999,    9
101812,20170917,-9999,    9
101812,20170918,-9999,    9
101812,20170919,-9999,    9
101812,20170920,-9999,    9
101812,20170921,-9999,    9
101812,20170922,-9999,    9
101812,20170923,-9999,    9
101812,20170924,-9999,    9
101812,20170925,-9999,    9
101812,20170926,-9999,    9
101812,20170927,-9999,    9
101812,20170928,-9999,    9
101812,20170929,-9999,    9
101812,20170930,-9999,    9
101812,20171001,-9999,    9
101812,20171002,-9999,    9
101812,20171003,-9999,    9
101812,20171004,-9999,    9
101812,20171005,-9999,    9
101812,20171006,-9999,    9
101812,20171007,-9999,    9
101812,20171008,-9999,    9
101812,20171009,-9999,    9
101812,20171010,-9999,    9
101812,20171011,-9999,    9
101812,20171012,-9999,    9
101812,20171013,-9999,    9
101812,20171014,-9999,    9
101812,20171015,-9999,    9
101812,20171016,-9999,    9
101812,20171017,-9999,    9
101812,20171018,-9999,    9
101812,20171019,-9999,    9
101812,20171020,-9999,    9
101812,20171021,-9999,    9
101812,20171022,-9999,    9
101812,20171023,-9999,    9
101812,20171024,-9999,    9
101812,20171025,-9999,    9
101812,20171026,-9999,    9
101812,20171027,-9999,    9
101812,20171028,-9999,    9
101812,20171029,-9999,    9
101812,20171030,-9999,    9
101812,20171031,-9999,    9
101812,20171101,-9999,    9
101812,20171102,-9999,    9
101812,20171103,-9999,    9
101812,20171104,-9999,    9
101812,20171105,-9999,    9
101812,20171106,-9999,    9
101812,20171107,-9999,    9
101812,20171108,-9999,    9
101812,20171109,-9999,    9
101812,20171110,-9999,    9
101812,20171111,-9999,    9
101812,20171112,-9999,    9
101812,20171113,-9999,    9
101812,20171114,-9999,    9
101812,20171115,-9999,    9
101812,20171116,-9999,    9
101812,20171117,-9999,    9
101812,20171118,-9999,    9
101812,20171119,-9999,    9
101812,20171120,-9999,    9
101812,20171121,-9999,    9
101812,20171122,-9999,    9
101812,20171123,-9999,    9
101812,20171124,-9999,    9
101812,20171125,-9999,    9
101812,20171126,-9999,    9
101812,20171127,-9999,    9
101812,20171128,-9999,    9
101812,20171129,-9999,    9
101812,20171130,-9999,    9
101812,20171201,-9999,    9
101812,20171202,-9999,    9
101812,20171203,-9999,    9
101812,20171204,-9999,    9
101812,20171205,-9999,    9
101812,20171206,-9999,    9
101812,20171207,-9999,    9
101812,20171208,-9999,    9
101812,20171209,-9999,    9
101812,20171210,-9999,    9
101812,20171211,-9999,    9
101812,20171212,-9999,    9
101812,20171213,-9999,    9
101812,20171214,-9999,    9
101812,20171215,-9999,    9
101812,20171216,-9999,    9
101812,20171217,-9999,    9
101812,20171218,-9999,    9
101812,20171219,-9999,    9
101812,20171220,-9999,    9
101812,20171221,-9999,    9
101812,20171222,-9999,    9
101812,20171223,-9999,    9
101812,20171224,-9999,    9
101812,20171225,-9999,    9
101812,20171226,-9999,    9
101812,20171227,-9999,    9
101812,20171228,-9999,    9
101812,20171229,-9999,    9
101812,20171230,-9999,    9
101812,20171231,-9999,    9
101812,20180101,-9999,    9
101812,20180102,-9999,    9
101812,20180103,-9999,    9
101812,20180104,-9999,    9
101812,20180105,-9999,    9
101812,20180106,-9999,    9
101812,20180107,-9999,    9
101812,20180108,-9999,    9
101812,20180109,-9999,    9
101812,20180110,-9999,    9
101812,20180111,-9999,    9
101812,20180112,-9999,    9
101812,20180113,-9999,    9
101812,20180114,-9999,    9
101812,20180115,-9999,    9
101812,20180116,-9999,    9
101812,20180117,-9999,    9
101812,20180118,-9999,    9
101812,20180119,-9999,    9
101812,20180120,-9999,    9
101812,20180121,-9999,    9
101812,20180122,-9999,    9
101812,20180123,-9999,    9
101812,20180124,-9999,    9
101812,20180125,-9999,    9
101812,20180126,-9999,    9
101812,20180127,-9999,    9
101812,20180128,-9999,    9
101812,20180129,-9999,    9
101812,20180130,-9999,    9
101812,20180131,-9999,    9
101812,20180201,-9999,    9
101812,20180202,-9999,    9
101812,20180203,-9999,    9
101812,20180204,-9999,    9
101812,20180205,-9999,    9
101812,20180206,-9999,    9
101812,20180207,-9999,    9
101812,20180208,-9999,    9
101812,20180209,-9999,    9
101812,20180210,-9999,    9
101812,20180211,-9999,    9
101812,20180212,-9999,    9
101812,20180213,-9999,    9
101812,20180214,-9999,    9
101812,20180215,-9999,    9
101812,20180216,-9999,    9
101812,20180217,-9999,    9
101812,20180218,-9999,    9
101812,20180219,-9999,    9
101812,20180220,-9999,    9
101812,20180221,-9999,    9
101812,20180222,-9999,    9
101812,20180223,-9999,    9
101812,20180224,-9999,    9
101812,20180225,-9999,    9
101812,20180226,-9999,    9
101812,20180227,-9999,    9
101812,20180228,-9999,    9
101812,20180301,-9999,    9
101812,20180302,-9999,    9
101812,20180303,-9999,    9
101812,20180304,-9999,    9
101812,20180305,-9999,    9
101812,20180306,-9999,    9
101812,20180307,-9999,    9
101812,20180308,-9999,    9
101812,20180309,-9999,    9
101812,20180310,-9999,    9
101812,20180311,-9999,    9
101812,20180312,-9999,    9
101812,20180313,-9999,    9
101812,20180314,-9999,    9
101812,20180315,-9999,    9
101812,20180316,-9999,    9
101812,20180317,-9999,    9
101812,20180318,-9999,    9
101812,20180319,-9999,    9
101812,20180320,-9999,    9
101812,20180321,-9999,    9
101812,20180322,-9999,    9
101812,20180323,-9999,    9
101812,20180324,-9999,    9
101812,20180325,-9999,    9
101812,20180326,-9999,    9
101812,20180327,-9999,    9
101812,20180328,-9999,    9
101812,20180329,-9999,    9
101812,20180330,-9999,    9
101812,20180331,-9999,    9
101812,20180401,-9999,    9
101812,20180402,-9999,    9
101812,20180403,-9999,    9
101812,20180404,-9999,    9
101812,20180405,-9999,    9
101812,20180406,-9999,    9
101812,20180407,-9999,    9
101812,20180408,-9999,    9
101812,20180409,-9999,    9
101812,20180410,-9999,    9
101812,20180411,-9999,    9
101812,20180412,-9999,    9
101812,20180413,-9999,    9
101812,20180414,-9999,    9
101812,20180415,-9999,    9
101812,20180416,-9999,    9
101812,20180417,-9999,    9
101812,20180418,-9999,    9
101812,20180419,-9999,    9
101812,20180420,-9999,    9
101812,20180421,-9999,    9
101812,20180422,-9999,    9
101812,20180423,-9999,    9
101812,20180424,-9999,    9
101812,20180425,-9999,    9
101812,20180426,-9999,    9
101812,20180427,-9999,    9
101812,20180428,-9999,    9
101812,20180429,-9999,    9
101812,20180430,-9999,    9
101812,20180501,-9999,    9
101812,20180502,-9999,    9
101812,20180503,-9999,    9
101812,20180504,-9999,    9
101812,20180505,-9999,    9
101812,20180506,-9999,    9
101812,20180507,-9999,    9
101812,20180508,-9999,    9
101812,20180509,-9999,    9
101812,20180510,-9999,    9
101812,20180511,-9999,    9
101812,20180512,-9999,    9
101812,20180513,-9999,    9
101812,20180514,-9999,    9
101812,20180515,-9999,    9
101812,20180516,-9999,    9
101812,20180517,-9999,    9
101812,20180518,-9999,    9
101812,20180519,-9999,    9
101812,20180520,-9999,    9
101812,20180521,-9999,    9
101812,20180522,-9999,    9
101812,20180523,-9999,    9
101812,20180524,-9999,    9
101812,20180525,-9999,    9
101812,20180526,-9999,    9
101812,20180527,-9999,    9
101812,20180528,-9999,    9
101812,20180529,-9999,    9
101812,20180530,-9999,    9
101812,20180531,-9999,    9
101812,20180601,-9999,    9
101812,20180602,-9999,    9
101812,20180603,-9999,    9
101812,20180604,-9999,    9
101812,20180605,-9999,    9
101812,20180606,-9999,    9
101812,20180607,-9999,    9
101812,20180608,-9999,    9
101812,20180609,-9999,    9
101812,20180610,-9999,    9
101812,20180611,-9999,    9
101812,20180612,-9999,    9
101812,20180613,-9999,    9
101812,20180614,-9999,    9
101812,20180615,-9999,    9
101812,20180616,-9999,    9
101812,20180617,-9999,    9
101812,20180618,-9999,    9
101812,20180619,-9999,    9
101812,20180620,-9999,    9
101812,20180621,-9999,    9
101812,20180622,-9999,    9
101812,20180623,-9999,    9
101812,20180624,-9999,    9
101812,20180625,-9999,    9
101812,20180626,-9999,    9
101812,20180627,-9999,    9
101812,20180628,-9999,    9
101812,20180629,-9999,    9
101812,20180630,-9999,    9
101812,20180701,-9999,    9
101812,20180702,-9999,    9
101812,20180703,-9999,    9
101812,20180704,-9999,    9
101812,20180705,-9999,    9
101812,20180706,-9999,    9
101812,20180707,-9999,    9
101812,20180708,-9999,    9
101812,20180709,-9999,    9
101812,20180710,-9999,    9
101812,20180711,-9999,    9
101812,20180712,-9999,    9
101812,20180713,-9999,    9
101812,20180714,-9999,    9
101812,20180715,-9999,    9
101812,20180716,-9999,    9
101812,20180717,-9999,    9
101812,20180718,-9999,    9
101812,20180719,-9999,    9
101812,20180720,-9999,    9
101812,20180721,-9999,    9
101812,20180722,-9999,    9
101812,20180723,-9999,    9
101812,20180724,-9999,    9
101812,20180725,-9999,    9
101812,20180726,-9999,    9
101812,20180727,-9999,    9
101812,20180728,-9999,    9
101812,20180729,-9999,    9
101812,20180730,-9999,    9
101812,20180731,-9999,    9
101812,20180801,-9999,    9
101812,20180802,-9999,    9
101812,20180803,-9999,    9
101812,20180804,-9999,    9
101812,20180805,-9999,    9
101812,20180806,-9999,    9
101812,20180807,-9999,    9
101812,20180808,-9999,    9
101812,20180809,-9999,    9
101812,20180810,-9999,    9
101812,20180811,-9999,    9
101812,20180812,-9999,    9
101812,20180813,-9999,    9
101812,20180814,-9999,    9
101812,20180815,-9999,    9
101812,20180816,-9999,    9
101812,20180817,-9999,    9
101812,20180818,-9999,    9
101812,20180819,-9999,    9
101812,20180820,-9999,    9
101812,20180821,-9999,    9
101812,20180822,-9999,    9
101812,20180823,-9999,    9
101812,20180824,-9999,    9
101812,20180825,-9999,    9
101812,20180826,-9999,    9
101812,20180827,-9999,    9
101812,20180828,-9999,    9
101812,20180829,-9999,    9
101812,20180830,-9999,    9
101812,20180831,-9999,    9
101812,20180901,-9999,    9
101812,20180902,-9999,    9
101812,20180903,-9999,    9
101812,20180904,-9999,    9
101812,20180905,-9999,    9
101812,20180906,-9999,    9
101812,20180907,-9999,    9
101812,20180908,-9999,    9
101812,20180909,-9999,    9
101812,20180910,-9999,    9
101812,20180911,-9999,    9
101812,20180912,-9999,    9
101812,20180913,-9999,    9
101812,20180914,-9999,    9
101812,20180915,-9999,    9
101812,20180916,-9999,    9
101812,20180917,-9999,    9
101812,20180918,-9999,    9
101812,20180919,-9999,    9
101812,20180920,-9999,    9
101812,20180921,-9999,    9
101812,20180922,-9999,    9
101812,20180923,-9999,    9
101812,20180924,-9999,    9
101812,20180925,-9999,    9
101812,20180926,-9999,    9
101812,20180927,-9999,    9
101812,20180928,-9999,    9
101812,20180929,-9999,    9
101812,20180930,-9999,    9
101812,20181001,-9999,    9
101812,20181002,-9999,    9
101812,20181003,-9999,    9
101812,20181004,-9999,    9
101812,20181005,-9999,    9
101812,20181006,-9999,    9
101812,20181007,-9999,    9
101812,20181008,-9999,    9
101812,20181009,-9999,    9
101812,20181010,-9999,    9
101812,20181011,-9999,    9
101812,20181012,-9999,    9
101812,20181013,-9999,    9
101812,20181014,-9999,    9
101812,20181015,-9999,    9
101812,20181016,-9999,    9
101812,20181017,-9999,    9
101812,20181018,-9999,    9
101812,20181019,-9999,    9
101812,20181020,-9999,    9
101812,20181021,-9999,    9
101812,20181022,-9999,    9
101812,20181023,-9999,    9
101812,20181024,-9999,    9
101812,20181025,-9999,    9
101812,20181026,-9999,    9
101812,20181027,-9999,    9
101812,20181028,-9999,    9
101812,20181029,-9999,    9
101812,20181030,-9999,    9
101812,20181031,-9999,    9
101812,20181101,-9999,    9
101812,20181102,-9999,    9
101812,20181103,-9999,    9
101812,20181104,-9999,    9
101812,20181105,-9999,    9
101812,20181106,-9999,    9
101812,20181107,-9999,    9
101812,20181108,-9999,    9
101812,20181109,-9999,    9
101812,20181110,-9999,    9
101812,20181111,-9999,    9
101812,20181112,-9999,    9
101812,20181113,-9999,    9
101812,20181114,-9999,    9
101812,20181115,-9999,    9
101812,20181116,-9999,    9
101812,20181117,-9999,    9
101812,20181118,-9999,    9
101812,20181119,-9999,    9
101812,20181120,-9999,    9
101812,20181121,-9999,    9
101812,20181122,-9999,    9
101812,20181123,-9999,    9
101812,20181124,-9999,    9
101812,20181125,-9999,    9
101812,20181126,-9999,    9
101812,20181127,-9999,    9
101812,20181128,-9999,    9
101812,20181129,-9999,    9
101812,20181130,-9999,    9
101812,20181201,-9999,    9
101812,20181202,-9999,    9
101812,20181203,-9999,    9
101812,20181204,-9999,    9
101812,20181205,-9999,    9
101812,20181206,-9999,    9
101812,20181207,-9999,    9
101812,20181208,-9999,    9
101812,20181209,-9999,    9
101812,20181210,-9999,    9
101812,20181211,-9999,    9
101812,20181212,-9999,    9
101812,20181213,-9999,    9
101812,20181214,-9999,    9
101812,20181215,-9999,    9
101812,20181216,-9999,    9
101812,20181217,-9999,    9
101812,20181218,-9999,    9
101812,20181219,-9999,    9
101812,20181220,-9999,    9
101812,20181221,-9999,    9
101812,20181222,-9999,    9
101812,20181223,-9999,    9
101812,20181224,-9999,    9
101812,20181225,-9999,    9
101812,20181226,-9999,    9
101812,20181227,-9999,    9
101812,20181228,-9999,    9
101812,20181229,-9999,    9
101812,20181230,-9999,    9
101812,20181231,-9999,    9
101812,20190101,-9999,    9
101812,20190102,-9999,    9
101812,20190103,-9999,    9
101812,20190104,-9999,    9
101812,20190105,-9999,    9
101812,20190106,-9999,    9
101812,20190107,-9999,    9
101812,20190108,-9999,    9
101812,20190109,-9999,    9
101812,20190110,-9999,    9
101812,20190111,-9999,    9
101812,20190112,-9999,    9
101812,20190113,-9999,    9
101812,20190114,-9999,    9
101812,20190115,-9999,    9
101812,20190116,-9999,    9
101812,20190117,-9999,    9
101812,20190118,-9999,    9
101812,20190119,-9999,    9
101812,20190120,-9999,    9
101812,20190121,-9999,    9
101812,20190122,-9999,    9
101812,20190123,-9999,    9
101812,20190124,-9999,    9
101812,20190125,-9999,    9
101812,20190126,-9999,    9
101812,20190127,-9999,    9
101812,20190128,-9999,    9
101812,20190129,-9999,    9
101812,20190130,-9999,    9
101812,20190131,-9999,    9
101812,20190201,-9999,    9
101812,20190202,-9999,    9
101812,20190203,-9999,    9
101812,20190204,-9999,    9
101812,20190205,-9999,    9
101812,20190206,-9999,    9
101812,20190207,-9999,    9
101812,20190208,-9999,    9
101812,20190209,-9999,    9
101812,20190210,-9999,    9
101812,20190211,-9999,    9
101812,20190212,-9999,    9
101812,20190213,-9999,    9
101812,20190214,-9999,    9
101812,20190215,-9999,    9
101812,20190216,-9999,    9
101812,20190217,-9999,    9
101812,20190218,-9999,    9
101812,20190219,-9999,    9
101812,20190220,-9999,    9
101812,20190221,-9999,    9
101812,20190222,-9999,    9
101812,20190223,-9999,    9
101812,20190224,-9999,    9
101812,20190225,-9999,    9
101812,20190226,-9999,    9
101812,20190227,-9999,    9
101812,20190228,-9999,    9
101812,20190301,-9999,    9
101812,20190302,-9999,    9
101812,20190303,-9999,    9
101812,20190304,-9999,    9
101812,20190305,-9999,    9
101812,20190306,-9999,    9
101812,20190307,-9999,    9
101812,20190308,-9999,    9
101812,20190309,-9999,    9
101812,20190310,-9999,    9
101812,20190311,-9999,    9
101812,20190312,-9999,    9
101812,20190313,-9999,    9
101812,20190314,-9999,    9
101812,20190315,-9999,    9
101812,20190316,-9999,    9
101812,20190317,-9999,    9
101812,20190318,-9999,    9
101812,20190319,-9999,    9
101812,20190320,-9999,    9
101812,20190321,-9999,    9
101812,20190322,-9999,    9
101812,20190323,-9999,    9
101812,20190324,-9999,    9
101812,20190325,-9999,    9
101812,20190326,-9999,    9
101812,20190327,-9999,    9
101812,20190328,-9999,    9
101812,20190329,-9999,    9
101812,20190330,-9999,    9
101812,20190331,-9999,    9
101812,20190401,-9999,    9
101812,20190402,-9999,    9
101812,20190403,-9999,    9
101812,20190404,-9999,    9
101812,20190405,-9999,    9
101812,20190406,-9999,    9
101812,20190407,-9999,    9
101812,20190408,-9999,    9
101812,20190409,-9999,    9
101812,20190410,-9999,    9
101812,20190411,-9999,    9
101812,20190412,-9999,    9
101812,20190413,-9999,    9
101812,20190414,-9999,    9
101812,20190415,-9999,    9
101812,20190416,-9999,    9
101812,20190417,-9999,    9
101812,20190418,-9999,    9
101812,20190419,-9999,    9
101812,20190420,-9999,    9
101812,20190421,-9999,    9
101812,20190422,-9999,    9
101812,20190423,-9999,    9
101812,20190424,-9999,    9
101812,20190425,-9999,    9
101812,20190426,-9999,    9
101812,20190427,-9999,    9
101812,20190428,-9999,    9
101812,20190429,-9999,    9
101812,20190430,-9999,    9
101812,20190501,-9999,    9
101812,20190502,-9999,    9
101812,20190503,-9999,    9
101812,20190504,-9999,    9
101812,20190505,-9999,    9
101812,20190506,-9999,    9
101812,20190507,-9999,    9
101812,20190508,-9999,    9
101812,20190509,-9999,    9
101812,20190510,-9999,    9
101812,20190511,-9999,    9
101812,20190512,-9999,    9
101812,20190513,-9999,    9
101812,20190514,-9999,    9
101812,20190515,-9999,    9
101812,20190516,-9999,    9
101812,20190517,-9999,    9
101812,20190518,-9999,    9
101812,20190519,-9999,    9
101812,20190520,-9999,    9
101812,20190521,-9999,    9
101812,20190522,-9999,    9
101812,20190523,-9999,    9
101812,20190524,-9999,    9
101812,20190525,-9999,    9
101812,20190526,-9999,    9
101812,20190527,-9999,    9
101812,20190528,-9999,    9
101812,20190529,-9999,    9
101812,20190530,-9999,    9
101812,20190531,-9999,    9
101812,20190601,-9999,    9
101812,20190602,-9999,    9
101812,20190603,-9999,    9
101812,20190604,-9999,    9
101812,20190605,-9999,    9
101812,20190606,-9999,    9
101812,20190607,-9999,    9
101812,20190608,-9999,    9
101812,20190609,-9999,    9
101812,20190610,-9999,    9
101812,20190611,-9999,    9
101812,20190612,-9999,    9
101812,20190613,-9999,    9
101812,20190614,-9999,    9
101812,20190615,-9999,    9
101812,20190616,-9999,    9
101812,20190617,-9999,    9
101812,20190618,-9999,    9
101812,20190619,-9999,    9
101812,20190620,-9999,    9
101812,20190621,-9999,    9
101812,20190622,-9999,    9
101812,20190623,-9999,    9
101812,20190624,-9999,    9
101812,20190625,-9999,    9
101812,20190626,-9999,    9
101812,20190627,-9999,    9
101812,20190628,-9999,    9
101812,20190629,-9999,    9
101812,20190630,-9999,    9
101812,20190701,-9999,    9
101812,20190702,-9999,    9
101812,20190703,-9999,    9
101812,20190704,-9999,    9
101812,20190705,-9999,    9
101812,20190706,-9999,    9
101812,20190707,-9999,    9
101812,20190708,-9999,    9
101812,20190709,-9999,    9
101812,20190710,-9999,    9
101812,20190711,-9999,    9
101812,20190712,-9999,    9
101812,20190713,-9999,    9
101812,20190714,-9999,    9
101812,20190715,-9999,    9
101812,20190716,-9999,    9
101812,20190717,-9999,    9
101812,20190718,-9999,    9
101812,20190719,-9999,    9
101812,20190720,-9999,    9
101812,20190721,-9999,    9
101812,20190722,-9999,    9
101812,20190723,-9999,    9
101812,20190724,-9999,    9
101812,20190725,-9999,    9
101812,20190726,-9999,    9
101812,20190727,-9999,    9
101812,20190728,-9999,    9
101812,20190729,-9999,    9
101812,20190730,-9999,    9
101812,20190731,-9999,    9
101812,20190801,-9999,    9
101812,20190802,-9999,    9
101812,20190803,-9999,    9
101812,20190804,-9999,    9
101812,20190805,-9999,    9
101812,20190806,-9999,    9
101812,20190807,-9999,    9
101812,20190808,-9999,    9
101812,20190809,-9999,    9
101812,20190810,-9999,    9
101812,20190811,-9999,    9
101812,20190812,-9999,    9
101812,20190813,-9999,    9
101812,20190814,-9999,    9
101812,20190815,-9999,    9
101812,20190816,-9999,    9
101812,20190817,-9999,    9
101812,20190818,-9999,    9
101812,20190819,-9999,    9
101812,20190820,-9999,    9
101812,20190821,-9999,    9
101812,20190822,-9999,    9
101812,20190823,-9999,    9
101812,20190824,-9999,    9
101812,20190825,-9999,    9
101812,20190826,-9999,    9
101812,20190827,-9999,    9
101812,20190828,-9999,    9
101812,20190829,-9999,    9
101812,20190830,-9999,    9
101812,20190831,-9999,    9
101812,20190901,-9999,    9
101812,20190902,-9999,    9
101812,20190903,-9999,    9
101812,20190904,-9999,    9
101812,20190905,-9999,    9
101812,20190906,-9999,    9
101812,20190907,-9999,    9
101812,20190908,-9999,    9
101812,20190909,-9999,    9
101812,20190910,-9999,    9
101812,20190911,-9999,    9
101812,20190912,-9999,    9
101812,20190913,-9999,    9
101812,20190914,-9999,    9
101812,20190915,-9999,    9
101812,20190916,-9999,    9
101812,20190917,-9999,    9
101812,20190918,-9999,    9
101812,20190919,-9999,    9
101812,20190920,-9999,    9
101812,20190921,-9999,    9
101812,20190922,-9999,    9
101812,20190923,-9999,    9
101812,20190924,-9999,    9
101812,20190925,-9999,    9
101812,20190926,-9999,    9
101812,20190927,-9999,    9
101812,20190928,-9999,    9
101812,20190929,-9999,    9
101812,20190930,-9999,    9
101812,20191001,-9999,    9
101812,20191002,-9999,    9
101812,20191003,-9999,    9
101812,20191004,-9999,    9
101812,20191005,-9999,    9
101812,20191006,-9999,    9
101812,20191007,-9999,    9
101812,20191008,-9999,    9
101812,20191009,-9999,    9
101812,20191010,-9999,    9
101812,20191011,-9999,    9
101812,20191012,-9999,    9
101812,20191013,-9999,    9
101812,20191014,-9999,    9
101812,20191015,-9999,    9
101812,20191016,-9999,    9
101812,20191017,-9999,    9
101812,20191018,-9999,    9
101812,20191019,-9999,    9
101812,20191020,-9999,    9
101812,20191021,-9999,    9
101812,20191022,-9999,    9
101812,20191023,-9999,    9
101812,20191024,-9999,    9
101812,20191025,-9999,    9
101812,20191026,-9999,    9
101812,20191027,-9999,    9
101812,20191028,-9999,    9
101812,20191029,-9999,    9
101812,20191030,-9999,    9
101812,20191031,-9999,    9
101812,20191101,-9999,    9
101812,20191102,-9999,    9
101812,20191103,-9999,    9
101812,20191104,-9999,    9
101812,20191105,-9999,    9
101812,20191106,-9999,    9
101812,20191107,-9999,    9
101812,20191108,-9999,    9
101812,20191109,-9999,    9
101812,20191110,-9999,    9
101812,20191111,-9999,    9
101812,20191112,-9999,    9
101812,20191113,-9999,    9
101812,20191114,-9999,    9
101812,20191115,-9999,    9
101812,20191116,-9999,    9
101812,20191117,-9999,    9
101812,20191118,-9999,    9
101812,20191119,-9999,    9
101812,20191120,-9999,    9
101812,20191121,-9999,    9
101812,20191122,-9999,    9
101812,20191123,-9999,    9
101812,20191124,-9999,    9
101812,20191125,-9999,    9
101812,20191126,-9999,    9
101812,20191127,-9999,    9
101812,20191128,-9999,    9
101812,20191129,-9999,    9
101812,20191130,-9999,    9
101812,20191201,-9999,    9
101812,20191202,-9999,    9
101812,20191203,-9999,    9
101812,20191204,-9999,    9
101812,20191205,-9999,    9
101812,20191206,-9999,    9
101812,20191207,-9999,    9
101812,20191208,-9999,    9
101812,20191209,-9999,    9
101812,20191210,-9999,    9
101812,20191211,-9999,    9
101812,20191212,-9999,    9
101812,20191213,-9999,    9
101812,20191214,-9999,    9
101812,20191215,-9999,    9
101812,20191216,-9999,    9
101812,20191217,-9999,    9
101812,20191218,-9999,    9
101812,20191219,-9999,    9
101812,20191220,-9999,    9
101812,20191221,-9999,    9
101812,20191222,-9999,    9
101812,20191223,-9999,    9
101812,20191224,-9999,    9
101812,20191225,-9999,    9
101812,20191226,-9999,    9
101812,20191227,-9999,    9
101812,20191228,-9999,    9
101812,20191229,-9999,    9
101812,20191230,-9999,    9
101812,20191231,-9999,    9
101812,20200101,-9999,    9
101812,20200102,-9999,    9
101812,20200103,-9999,    9
101812,20200104,-9999,    9
101812,20200105,-9999,    9
101812,20200106,-9999,    9
101812,20200107,-9999,    9
101812,20200108,-9999,    9
101812,20200109,-9999,    9
101812,20200110,-9999,    9
101812,20200111,-9999,    9
101812,20200112,-9999,    9
101812,20200113,-9999,    9
101812,20200114,-9999,    9
101812,20200115,-9999,    9
101812,20200116,-9999,    9
101812,20200117,-9999,    9
101812,20200118,-9999,    9
101812,20200119,-9999,    9
101812,20200120,-9999,    9
101812,20200121,-9999,    9
101812,20200122,-9999,    9
101812,20200123,-9999,    9
101812,20200124,-9999,    9
101812,20200125,-9999,    9
101812,20200126,-9999,    9
101812,20200127,-9999,    9
101812,20200128,-9999,    9
101812,20200129,-9999,    9
101812,20200130,-9999,    9
101812,20200131,-9999,    9
101812,20200201,-9999,    9
101812,20200202,-9999,    9
101812,20200203,-9999,    9
101812,20200204,-9999,    9
101812,20200205,-9999,    9
101812,20200206,-9999,    9
101812,20200207,-9999,    9
101812,20200208,-9999,    9
101812,20200209,-9999,    9
101812,20200210,-9999,    9
101812,20200211,-9999,    9
101812,20200212,-9999,    9
101812,20200213,-9999,    9
101812,20200214,-9999,    9
101812,20200215,-9999,    9
101812,20200216,-9999,    9
101812,20200217,-9999,    9
101812,20200218,-9999,    9
101812,20200219,-9999,    9
101812,20200220,-9999,    9
101812,20200221,-9999,    9
101812,20200222,-9999,    9
101812,20200223,-9999,    9
101812,20200224,-9999,    9
101812,20200225,-9999,    9
101812,20200226,-9999,    9
101812,20200227,-9999,    9
101812,20200228,-9999,    9
101812,20200229,-9999,    9
101812,20200301,-9999,    9
101812,20200302,-9999,    9
101812,20200303,-9999,    9
101812,20200304,-9999,    9
101812,20200305,-9999,    9
101812,20200306,-9999,    9
101812,20200307,-9999,    9
101812,20200308,-9999,    9
101812,20200309,-9999,    9
101812,20200310,-9999,    9
101812,20200311,-9999,    9
101812,20200312,-9999,    9
101812,20200313,-9999,    9
101812,20200314,-9999,    9
101812,20200315,-9999,    9
101812,20200316,-9999,    9
101812,20200317,-9999,    9
101812,20200318,-9999,    9
101812,20200319,-9999,    9
101812,20200320,-9999,    9
101812,20200321,-9999,    9
101812,20200322,-9999,    9
101812,20200323,-9999,    9
101812,20200324,-9999,    9
101812,20200325,-9999,    9
101812,20200326,-9999,    9
101812,20200327,-9999,    9
101812,20200328,-9999,    9
101812,20200329,-9999,    9
101812,20200330,-9999,    9
101812,20200331,-9999,    9
101812,20200401,-9999,    9
101812,20200402,-9999,    9
101812,20200403,-9999,    9
101812,20200404,-9999,    9
101812,20200405,-9999,    9
101812,20200406,-9999,    9
101812,20200407,-9999,    9
101812,20200408,-9999,    9
101812,20200409,-9999,    9
101812,20200410,-9999,    9
101812,20200411,-9999,    9
101812,20200412,-9999,    9
101812,20200413,-9999,    9
101812,20200414,-9999,    9
101812,20200415,-9999,    9
101812,20200416,-9999,    9
101812,20200417,-9999,    9
101812,20200418,-9999,    9
101812,20200419,-9999,    9
101812,20200420,-9999,    9
101812,20200421,-9999,    9
101812,20200422,-9999,    9
101812,20200423,-9999,    9
101812,20200424,-9999,    9
101812,20200425,-9999,    9
101812,20200426,-9999,    9
101812,20200427,-9999,    9
101812,20200428,-9999,    9
101812,20200429,-9999,    9
101812,20200430,-9999,    9
101812,20200501,-9999,    9
101812,20200502,-9999,    9
101812,20200503,-9999,    9
101812,20200504,-9999,    9
101812,20200505,-9999,    9
101812,20200506,-9999,    9
101812,20200507,-9999,    9
101812,20200508,-9999,    9
101812,20200509,-9999,    9
101812,20200510,-9999,    9
101812,20200511,-9999,    9
101812,20200512,-9999,    9
101812,20200513,-9999,    9
101812,20200514,-9999,    9
101812,20200515,-9999,    9
101812,20200516,-9999,    9
101812,20200517,-9999,    9
101812,20200518,-9999,    9
101812,20200519,-9999,    9
101812,20200520,-9999,    9
101812,20200521,-9999,    9
101812,20200522,-9999,    9
101812,20200523,-9999,    9
101812,20200524,-9999,    9
101812,20200525,-9999,    9
101812,20200526,-9999,    9
101812,20200527,-9999,    9
101812,20200528,-9999,    9
101812,20200529,-9999,    9
101812,20200530,-9999,    9
101812,20200531,-9999,    9
101812,20200601,-9999,    9
101812,20200602,-9999,    9
101812,20200603,-9999,    9
101812,20200604,-9999,    9
101812,20200605,-9999,    9
101812,20200606,-9999,    9
101812,20200607,-9999,    9
101812,20200608,-9999,    9
101812,20200609,-9999,    9
101812,20200610,-9999,    9
101812,20200611,-9999,    9
101812,20200612,-9999,    9
101812,20200613,-9999,    9
101812,20200614,-9999,    9
101812,20200615,-9999,    9
101812,20200616,-9999,    9
101812,20200617,-9999,    9
101812,20200618,-9999,    9
101812,20200619,-9999,    9
101812,20200620,-9999,    9
101812,20200621,-9999,    9
101812,20200622,-9999,    9
101812,20200623,-9999,    9
101812,20200624,-9999,    9
101812,20200625,-9999,    9
101812,20200626,-9999,    9
101812,20200627,-9999,    9
101812,20200628,-9999,    9
101812,20200629,-9999,    9
101812,20200630,-9999,    9
101812,20200701,-9999,    9
101812,20200702,-9999,    9
101812,20200703,-9999,    9
101812,20200704,-9999,    9
101812,20200705,-9999,    9
101812,20200706,-9999,    9
101812,20200707,-9999,    9
101812,20200708,-9999,    9
101812,20200709,-9999,    9
101812,20200710,-9999,    9
101812,20200711,-9999,    9
101812,20200712,-9999,    9
101812,20200713,-9999,    9
101812,20200714,-9999,    9
101812,20200715,-9999,    9
101812,20200716,-9999,    9
101812,20200717,-9999,    9
101812,20200718,-9999,    9
101812,20200719,-9999,    9
101812,20200720,-9999,    9
101812,20200721,-9999,    9
101812,20200722,-9999,    9
101812,20200723,-9999,    9
101812,20200724,-9999,    9
101812,20200725,-9999,    9
101812,20200726,-9999,    9
101812,20200727,-9999,    9
101812,20200728,-9999,    9
101812,20200729,-9999,    9
101812,20200730,-9999,    9
101812,20200731,-9999,    9
101812,20200801,-9999,    9
101812,20200802,-9999,    9
101812,20200803,-9999,    9
101812,20200804,-9999,    9
101812,20200805,-9999,    9
101812,20200806,-9999,    9
101812,20200807,-9999,    9
101812,20200808,-9999,    9
101812,20200809,-9999,    9
101812,20200810,-9999,    9
101812,20200811,-9999,    9
101812,20200812,-9999,    9
101812,20200813,-9999,    9
101812,20200814,-9999,    9
101812,20200815,-9999,    9
101812,20200816,-9999,    9
101812,20200817,-9999,    9
101812,20200818,-9999,    9
101812,20200819,-9999,    9
101812,20200820,-9999,    9
101812,20200821,-9999,    9
101812,20200822,-9999,    9
101812,20200823,-9999,    9
101812,20200824,-9999,    9
101812,20200825,-9999,    9
101812,20200826,-9999,    9
101812,20200827,-9999,    9
101812,20200828,-9999,    9
101812,20200829,-9999,    9
101812,20200830,-9999,    9
101812,20200831,-9999,    9
101812,20200901,-9999,    9
101812,20200902,-9999,    9
101812,20200903,-9999,    9
101812,20200904,-9999,    9
101812,20200905,-9999,    9
101812,20200906,-9999,    9
101812,20200907,-9999,    9
101812,20200908,-9999,    9
101812,20200909,-9999,    9
101812,20200910,-9999,    9
101812,20200911,-9999,    9
101812,20200912,-9999,    9
101812,20200913,-9999,    9
101812,20200914,-9999,    9
101812,20200915,-9999,    9
101812,20200916,-9999,    9
101812,20200917,-9999,    9
101812,20200918,-9999,    9
101812,20200919,-9999,    9
101812,20200920,-9999,    9
101812,20200921,-9999,    9
101812,20200922,-9999,    9
101812,20200923,-9999,    9
101812,20200924,-9999,    9
101812,20200925,-9999,    9
101812,20200926,-9999,    9
101812,20200927,-9999,    9
101812,20200928,-9999,    9
101812,20200929,-9999,    9
101812,20200930,-9999,    9
101812,20201001,-9999,    9
101812,20201002,-9999,    9
101812,20201003,-9999,    9
101812,20201004,-9999,    9
101812,20201005,-9999,    9
101812,20201006,-9999,    9
101812,20201007,-9999,    9
101812,20201008,-9999,    9
101812,20201009,-9999,    9
101812,20201010,-9999,    9
101812,20201011,-9999,    9
101812,20201012,-9999,    9
101812,20201013,-9999,    9
101812,20201014,-9999,    9
101812,20201015,-9999,    9
101812,20201016,-9999,    9
101812,20201017,-9999,    9
101812,20201018,-9999,    9
101812,20201019,-9999,    9
101812,20201020,-9999,    9
101812,20201021,-9999,    9
101812,20201022,-9999,    9
101812,20201023,-9999,    9
101812,20201024,-9999,    9
101812,20201025,-9999,    9
101812,20201026,-9999,    9
101812,20201027,-9999,    9
101812,20201028,-9999,    9
101812,20201029,-9999,    9
101812,20201030,-9999,    9
101812,20201031,-9999,    9
101812,20201101,-9999,    9
101812,20201102,-9999,    9
101812,20201103,-9999,    9
101812,20201104,-9999,    9
101812,20201105,-9999,    9
101812,20201106,-9999,    9
101812,20201107,-9999,    9
101812,20201108,-9999,    9
101812,20201109,-9999,    9
101812,20201110,-9999,    9
101812,20201111,-9999,    9
101812,20201112,-9999,    9
101812,20201113,-9999,    9
101812,20201114,-9999,    9
101812,20201115,-9999,    9
101812,20201116,-9999,    9
101812,20201117,-9999,    9
101812,20201118,-9999,    9
101812,20201119,-9999,    9
101812,20201120,-9999,    9
101812,20201121,-9999,    9
101812,20201122,-9999,    9
101812,20201123,-9999,    9
101812,20201124,-9999,    9
101812,20201125,-9999,    9
101812,20201126,-9999,    9
101812,20201127,-9999,    9
101812,20201128,-9999,    9
101812,20201129,-9999,    9
101812,20201130,-9999,    9
101812,20201201,-9999,    9
101812,20201202,-9999,    9
101812,20201203,-9999,    9
101812,20201204,-9999,    9
101812,20201205,-9999,    9
101812,20201206,-9999,    9
101812,20201207,-9999,    9
101812,20201208,-9999,    9
101812,20201209,-9999,    9
101812,20201210,-9999,    9
101812,20201211,-9999,    9
101812,20201212,-9999,    9
101812,20201213,-9999,    9
101812,20201214,-9999,    9
101812,20201215,-9999,    9
101812,20201216,-9999,    9
101812,20201217,-9999,    9
101812,20201218,-9999,    9
101812,20201219,-9999,    9
101812,20201220,-9999,    9
101812,20201221,-9999,    9
101812,20201222,-9999,    9
101812,20201223,-9999,    9
101812,20201224,-9999,    9
101812,20201225,-9999,    9
101812,20201226,-9999,    9
101812,20201227,-9999,    9
101812,20201228,-9999,    9
101812,20201229,-9999,    9
101812,20201230,-9999,    9
101812,20201231,-9999,    9
101812,20210101,-9999,    9
101812,20210102,-9999,    9
101812,20210103,-9999,    9
101812,20210104,-9999,    9
101812,20210105,-9999,    9
101812,20210106,-9999,    9
101812,20210107,-9999,    9
101812,20210108,-9999,    9
101812,20210109,-9999,    9
101812,20210110,-9999,    9
101812,20210111,-9999,    9
101812,20210112,-9999,    9
101812,20210113,-9999,    9
101812,20210114,-9999,    9
101812,20210115,-9999,    9
101812,20210116,-9999,    9
101812,20210117,-9999,    9
101812,20210118,-9999,    9
101812,20210119,-9999,    9
101812,20210120,-9999,    9
101812,20210121,-9999,    9
101812,20210122,-9999,    9
101812,20210123,-9999,    9
101812,20210124,-9999,    9
101812,20210125,-9999,    9
101812,20210126,-9999,    9
101812,20210127,-9999,    9
101812,20210128,-9999,    9
101812,20210129,-9999,    9
101812,20210130,-9999,    9
101812,20210131,-9999,    9
101812,20210201,-9999,    9
101812,20210202,-9999,    9
101812,20210203,-9999,    9
101812,20210204,-9999,    9
101812,20210205,-9999,    9
101812,20210206,-9999,    9
101812,20210207,-9999,    9
101812,20210208,-9999,    9
101812,20210209,-9999,    9
101812,20210210,-9999,    9
101812,20210211,-9999,    9
101812,20210212,-9999,    9
101812,20210213,-9999,    9
101812,20210214,-9999,    9
101812,20210215,-9999,    9
101812,20210216,-9999,    9
101812,20210217,-9999,    9
101812,20210218,-9999,    9
101812,20210219,-9999,    9
101812,20210220,-9999,    9
101812,20210221,-9999,    9
101812,20210222,-9999,    9
101812,20210223,-9999,    9
101812,20210224,-9999,    9
101812,20210225,-9999,    9
101812,20210226,-9999,    9
101812,20210227,-9999,    9
101812,20210228,-9999,    9
101812,20210301,-9999,    9
101812,20210302,-9999,    9
101812,20210303,-9999,    9
101812,20210304,-9999,    9
101812,20210305,-9999,    9
101812,20210306,-9999,    9
101812,20210307,-9999,    9
101812,20210308,-9999,    9
101812,20210309,-9999,    9
101812,20210310,-9999,    9
101812,20210311,-9999,    9
101812,20210312,-9999,    9
101812,20210313,-9999,    9
101812,20210314,-9999,    9
101812,20210315,-9999,    9
101812,20210316,-9999,    9
101812,20210317,-9999,    9
101812,20210318,-9999,    9
101812,20210319,-9999,    9
101812,20210320,-9999,    9
101812,20210321,-9999,    9
101812,20210322,-9999,    9
101812,20210323,-9999,    9
101812,20210324,-9999,    9
101812,20210325,-9999,    9
101812,20210326,-9999,    9
101812,20210327,-9999,    9
101812,20210328,-9999,    9
101812,20210329,-9999,    9
101812,20210330,-9999,    9
101812,20210331,-9999,    9
101812,20210401,-9999,    9
101812,20210402,-9999,    9
101812,20210403,-9999,    9
101812,20210404,-9999,    9
101812,20210405,-9999,    9
101812,20210406,-9999,    9
101812,20210407,-9999,    9
101812,20210408,-9999,    9
101812,20210409,-9999,    9
101812,20210410,-9999,    9
101812,20210411,-9999,    9
101812,20210412,-9999,    9
101812,20210413,-9999,    9
101812,20210414,-9999,    9
101812,20210415,-9999,    9
101812,20210416,-9999,    9
101812,20210417,-9999,    9
101812,20210418,-9999,    9
101812,20210419,-9999,    9
101812,20210420,-9999,    9
101812,20210421,-9999,    9
101812,20210422,-9999,    9
101812,20210423,-9999,    9
101812,20210424,-9999,    9
101812,20210425,-9999,    9
101812,20210426,-9999,    9
101812,20210427,-9999,    9
101812,20210428,-9999,    9
101812,20210429,-9999,    9
101812,20210430,-9999,    9
101812,20210501,-9999,    9
101812,20210502,-9999,    9
101812,20210503,-9999,    9
101812,20210504,-9999,    9
101812,20210505,-9999,    9
101812,20210506,-9999,    9
101812,20210507,-9999,    9
101812,20210508,-9999,    9
101812,20210509,-9999,    9
101812,20210510,-9999,    9
101812,20210511,-9999,    9
101812,20210512,-9999,    9
101812,20210513,-9999,    9
101812,20210514,-9999,    9
101812,20210515,-9999,    9
101812,20210516,-9999,    9
101812,20210517,-9999,    9
101812,20210518,-9999,    9
101812,20210519,-9999,    9
101812,20210520,-9999,    9
101812,20210521,-9999,    9
101812,20210522,-9999,    9
101812,20210523,-9999,    9
101812,20210524,-9999,    9
101812,20210525,-9999,    9
101812,20210526,-9999,    9
101812,20210527,-9999,    9
101812,20210528,-9999,    9
101812,20210529,-9999,    9
101812,20210530,-9999,    9
101812,20210531,-9999,    9
101812,20210601,-9999,    9
101812,20210602,-9999,    9
101812,20210603,-9999,    9
101812,20210604,-9999,    9
101812,20210605,-9999,    9
101812,20210606,-9999,    9
101812,20210607,-9999,    9
101812,20210608,-9999,    9
101812,20210609,-9999,    9
101812,20210610,-9999,    9
101812,20210611,-9999,    9
101812,20210612,-9999,    9
101812,20210613,-9999,    9
101812,20210614,-9999,    9
101812,20210615,-9999,    9
101812,20210616,-9999,    9
101812,20210617,-9999,    9
101812,20210618,-9999,    9
101812,20210619,-9999,    9
101812,20210620,-9999,    9
101812,20210621,-9999,    9
101812,20210622,-9999,    9
101812,20210623,-9999,    9
101812,20210624,-9999,    9
101812,20210625,-9999,    9
101812,20210626,-9999,    9
101812,20210627,-9999,    9
101812,20210628,-9999,    9
101812,20210629,-9999,    9
101812,20210630,-9999,    9
101812,20210701,-9999,    9
101812,20210702,-9999,    9
101812,20210703,-9999,    9
101812,20210704,-9999,    9
101812,20210705,-9999,    9
101812,20210706,-9999,    9
101812,20210707,-9999,    9
101812,20210708,-9999,    9
101812,20210709,-9999,    9
101812,20210710,-9999,    9
101812,20210711,-9999,    9
101812,20210712,-9999,    9
101812,20210713,-9999,    9
101812,20210714,-9999,    9
101812,20210715,-9999,    9
101812,20210716,-9999,    9
101812,20210717,-9999,    9
101812,20210718,-9999,    9
101812,20210719,-9999,    9
101812,20210720,-9999,    9
101812,20210721,-9999,    9
101812,20210722,-9999,    9
101812,20210723,-9999,    9
101812,20210724,-9999,    9
101812,20210725,-9999,    9
101812,20210726,-9999,    9
101812,20210727,-9999,    9
101812,20210728,-9999,    9
101812,20210729,-9999,    9
101812,20210730,-9999,    9
101812,20210731,-9999,    9
101812,20210801,-9999,    9
101812,20210802,-9999,    9
101812,20210803,-9999,    9
101812,20210804,-9999,    9
101812,20210805,-9999,    9
101812,20210806,-9999,    9
101812,20210807,-9999,    9
101812,20210808,-9999,    9
101812,20210809,-9999,    9
101812,20210810,-9999,    9
101812,20210811,-9999,    9
101812,20210812,-9999,    9
101812,20210813,-9999,    9
101812,20210814,-9999,    9
101812,20210815,-9999,    9
101812,20210816,-9999,    9
101812,20210817,-9999,    9
101812,20210818,-9999,    9
101812,20210819,-9999,    9
101812,20210820,-9999,    9
101812,20210821,-9999,    9
101812,20210822,-9999,    9
101812,20210823,-9999,    9
101812,20210824,-9999,    9
101812,20210825,-9999,    9
101812,20210826,-9999,    9
101812,20210827,-9999,    9
101812,20210828,-9999,    9
101812,20210829,-9999,    9
101812,20210830,-9999,    9
101812,20210831,-9999,    9
101812,20210901,-9999,    9
101812,20210902,-9999,    9
101812,20210903,-9999,    9
101812,20210904,-9999,    9
101812,20210905,-9999,    9
101812,20210906,-9999,    9
101812,20210907,-9999,    9
101812,20210908,-9999,    9
101812,20210909,-9999,    9
101812,20210910,-9999,    9
101812,20210911,-9999,    9
101812,20210912,-9999,    9
101812,20210913,-9999,    9
101812,20210914,-9999,    9
101812,20210915,-9999,    9
101812,20210916,-9999,    9
101812,20210917,-9999,    9
101812,20210918,-9999,    9
101812,20210919,-9999,    9
101812,20210920,-9999,    9
101812,20210921,-9999,    9
101812,20210922,-9999,    9
101812,20210923,-9999,    9
101812,20210924,-9999,    9
101812,20210925,-9999,    9
101812,20210926,-9999,    9
101812,20210927,-9999,    9
101812,20210928,-9999,    9
101812,20210929,-9999,    9
101812,20210930,-9999,    9
101812,20211001,-9999,    9
101812,20211002,-9999,    9
101812,20211003,-9999,    9
101812,20211004,-9999,    9
101812,20211005,-9999,    9
101812,20211006,-9999,    9
101812,20211007,-9999,    9
101812,20211008,-9999,    9
101812,20211009,-9999,    9
101812,20211010,-9999,    9
101812,20211011,-9999,    9
101812,20211012,-9999,    9
101812,20211013,-9999,    9
101812,20211014,-9999,    9
101812,20211015,-9999,    9
101812,20211016,-9999,    9
101812,20211017,-9999,    9
101812,20211018,-9999,    9
101812,20211019,-9999,    9
101812,20211020,-9999,    9
101812,20211021,-9999,    9
101812,20211022,-9999,    9
101812,20211023,-9999,    9
101812,20211024,-9999,    9
101812,20211025,-9999,    9
101812,20211026,-9999,    9
101812,20211027,-9999,    9
101812,20211028,-9999,    9
101812,20211029,-9999,    9
101812,20211030,-9999,    9
101812,20211031,-9999,    9
101812,20211101,-9999,    9
101812,20211102,-9999,    9
101812,20211103,-9999,    9
101812,20211104,-9999,    9
101812,20211105,-9999,    9
101812,20211106,-9999,    9
101812,20211107,-9999,    9
101812,20211108,-9999,    9
101812,20211109,-9999,    9
101812,20211110,-9999,    9
101812,20211111,-9999,    9
101812,20211112,-9999,    9
101812,20211113,-9999,    9
101812,20211114,-9999,    9
101812,20211115,-9999,    9
101812,20211116,-9999,    9
101812,20211117,-9999,    9
101812,20211118,-9999,    9
101812,20211119,-9999,    9
101812,20211120,-9999,    9
101812,20211121,-9999,    9
101812,20211122,-9999,    9
101812,20211123,-9999,    9
101812,20211124,-9999,    9
101812,20211125,-9999,    9
101812,20211126,-9999,    9
101812,20211127,-9999,    9
101812,20211128,-9999,    9
101812,20211129,-9999,    9
101812,20211130,-9999,    9
101812,20211201,-9999,    9
101812,20211202,-9999,    9
101812,20211203,-9999,    9
101812,20211204,-9999,    9
101812,20211205,-9999,    9
101812,20211206,-9999,    9
101812,20211207,-9999,    9
101812,20211208,-9999,    9
101812,20211209,-9999,    9
101812,20211210,-9999,    9
101812,20211211,-9999,    9
101812,20211212,-9999,    9
101812,20211213,-9999,    9
101812,20211214,-9999,    9
101812,20211215,-9999,    9
101812,20211216,-9999,    9
101812,20211217,-9999,    9
101812,20211218,-9999,    9
101812,20211219,-9999,    9
101812,20211220,-9999,    9
101812,20211221,-9999,    9
101812,20211222,-9999,    9
101812,20211223,-9999,    9
101812,20211224,-9999,    9
101812,20211225,-9999,    9
101812,20211226,-9999,    9
101812,20211227,-9999,    9
101812,20211228,-9999,    9
101812,20211229,-9999,    9
101812,20211230,-9999,    9
101812,20211231,-9999,    9
101812,20220101,-9999,    9
101812,20220102,-9999,    9
101812,20220103,-9999,    9
101812,20220104,-9999,    9
101812,20220105,-9999,    9
101812,20220106,-9999,    9
101812,20220107,-9999,    9
101812,20220108,-9999,    9
101812,20220109,-9999,    9
101812,20220110,-9999,    9
101812,20220111,-9999,    9
101812,20220112,-9999,    9
101812,20220113,-9999,    9
101812,20220114,-9999,    9
101812,20220115,-9999,    9
101812,20220116,-9999,    9
101812,20220117,-9999,    9
101812,20220118,-9999,    9
101812,20220119,-9999,    9
101812,20220120,-9999,    9
101812,20220121,-9999,    9
101812,20220122,-9999,    9
101812,20220123,-9999,    9
101812,20220124,-9999,    9
101812,20220125,-9999,    9
101812,20220126,-9999,    9
101812,20220127,-9999,    9
101812,20220128,-9999,    9
101812,20220129,-9999,    9
101812,20220130,-9999,    9
101812,20220131,-9999,    9
101812,20220201,-9999,    9
101812,20220202,-9999,    9
101812,20220203,-9999,    9
101812,20220204,-9999,    9
101812,20220205,-9999,    9
101812,20220206,-9999,    9
101812,20220207,-9999,    9
101812,20220208,-9999,    9
101812,20220209,-9999,    9
101812,20220210,-9999,    9
101812,20220211,-9999,    9
101812,20220212,-9999,    9
101812,20220213,-9999,    9
101812,20220214,-9999,    9
101812,20220215,-9999,    9
101812,20220216,-9999,    9
101812,20220217,-9999,    9
101812,20220218,-9999,    9
101812,20220219,-9999,    9
101812,20220220,-9999,    9
101812,20220221,-9999,    9
101812,20220222,-9999,    9
101812,20220223,-9999,    9
101812,20220224,-9999,    9
101812,20220225,-9999,    9
101812,20220226,-9999,    9
101812,20220227,-9999,    9
101812,20220228,-9999,    9
101812,20220301,-9999,    9
101812,20220302,-9999,    9
101812,20220303,-9999,    9
101812,20220304,-9999,    9
101812,20220305,-9999,    9
101812,20220306,-9999,    9
101812,20220307,-9999,    9
101812,20220308,-9999,    9
101812,20220309,-9999,    9
101812,20220310,-9999,    9
101812,20220311,-9999,    9
101812,20220312,-9999,    9
101812,20220313,-9999,    9
101812,20220314,-9999,    9
101812,20220315,-9999,    9
101812,20220316,-9999,    9
101812,20220317,-9999,    9
101812,20220318,-9999,    9
101812,20220319,-9999,    9
101812,20220320,-9999,    9
101812,20220321,-9999,    9
101812,20220322,-9999,    9
101812,20220323,-9999,    9
101812,20220324,-9999,    9
101812,20220325,-9999,    9
101812,20220326,-9999,    9
101812,20220327,-9999,    9
101812,20220328,-9999,    9
101812,20220329,-9999,    9
101812,20220330,-9999,    9
101812,20220331,-9999,    9
101812,20220401,-9999,    9
101812,20220402,-9999,    9
101812,20220403,-9999,    9
101812,20220404,-9999,    9
101812,20220405,-9999,    9
101812,20220406,-9999,    9
101812,20220407,-9999,    9
101812,20220408,-9999,    9
101812,20220409,-9999,    9
101812,20220410,-9999,    9
101812,20220411,-9999,    9
101812,20220412,-9999,    9
101812,20220413,-9999,    9
101812,20220414,-9999,    9
101812,20220415,-9999,    9
101812,20220416,-9999,    9
101812,20220417,-9999,    9
101812,20220418,-9999,    9
101812,20220419,-9999,    9
101812,20220420,-9999,    9
101812,20220421,-9999,    9
101812,20220422,-9999,    9
101812,20220423,-9999,    9
101812,20220424,-9999,    9
101812,20220425,-9999,    9
101812,20220426,-9999,    9
101812,20220427,-9999,    9
101812,20220428,-9999,    9
101812,20220429,-9999,    9
101812,20220430,-9999,    9
101812,20220501,-9999,    9
101812,20220502,-9999,    9
101812,20220503,-9999,    9
101812,20220504,-9999,    9
101812,20220505,-9999,    9
101812,20220506,-9999,    9
101812,20220507,-9999,    9
101812,20220508,-9999,    9
101812,20220509,-9999,    9
101812,20220510,-9999,    9
101812,20220511,-9999,    9
101812,20220512,-9999,    9
101812,20220513,-9999,    9
101812,20220514,-9999,    9
101812,20220515,-9999,    9
101812,20220516,-9999,    9
101812,20220517,-9999,    9
101812,20220518,-9999,    9
101812,20220519,-9999,    9
101812,20220520,-9999,    9
101812,20220521,-9999,    9
101812,20220522,-9999,    9
101812,20220523,-9999,    9
101812,20220524,-9999,    9
101812,20220525,-9999,    9
101812,20220526,-9999,    9
101812,20220527,-9999,    9
101812,20220528,-9999,    9
101812,20220529,-9999,    9
101812,20220530,-9999,    9
101812,20220531,-9999,    9
101812,20220601,-9999,    9
101812,20220602,-9999,    9
101812,20220603,-9999,    9
101812,20220604,-9999,    9
101812,20220605,-9999,    9
101812,20220606,-9999,    9
101812,20220607,-9999,    9
101812,20220608,-9999,    9
101812,20220609,-9999,    9
101812,20220610,-9999,    9
101812,20220611,-9999,    9
101812,20220612,-9999,    9
101812,20220613,-9999,    9
101812,20220614,-9999,    9
101812,20220615,-9999,    9
101812,20220616,-9999,    9
101812,20220617,-9999,    9
101812,20220618,-9999,    9
101812,20220619,-9999,    9
101812,20220620,-9999,    9
101812,20220621,-9999,    9
101812,20220622,-9999,    9
101812,20220623,-9999,    9
101812,20220624,-9999,    9
101812,20220625,-9999,    9
101812,20220626,-9999,    9
101812,20220627,-9999,    9
101812,20220628,-9999,    9
101812,20220629,-9999,    9
101812,20220630,-9999,    9
101812,20220701,-9999,    9
101812,20220702,-9999,    9
101812,20220703,-9999,    9
101812,20220704,-9999,    9
101812,20220705,-9999,    9
101812,20220706,-9999,    9
101812,20220707,-9999,    9
101812,20220708,-9999,    9
101812,20220709,-9999,    9
101812,20220710,-9999,    9
101812,20220711,-9999,    9
101812,20220712,-9999,    9
101812,20220713,-9999,    9
101812,20220714,-9999,    9
101812,20220715,-9999,    9
101812,20220716,-9999,    9
101812,20220717,-9999,    9
101812,20220718,-9999,    9
101812,20220719,-9999,    9
101812,20220720,-9999,    9
101812,20220721,-9999,    9
101812,20220722,-9999,    9
101812,20220723,-9999,    9
101812,20220724,-9999,    9
101812,20220725,-9999,    9
101812,20220726,-9999,    9
101812,20220727,-9999,    9
101812,20220728,-9999,    9
101812,20220729,-9999,    9
101812,20220730,-9999,    9
101812,20220731,-9999,    9
101812,20220801,-9999,    9
101812,20220802,-9999,    9
101812,20220803,-9999,    9
101812,20220804,-9999,    9
101812,20220805,-9999,    9
101812,20220806,-9999,    9
101812,20220807,-9999,    9
101812,20220808,-9999,    9
101812,20220809,-9999,    9
101812,20220810,-9999,    9
101812,20220811,-9999,    9
101812,20220812,-9999,    9
101812,20220813,-9999,    9
101812,20220814,-9999,    9
101812,20220815,-9999,    9
101812,20220816,-9999,    9
101812,20220817,-9999,    9
101812,20220818,-9999,    9
101812,20220819,-9999,    9
101812,20220820,-9999,    9
101812,20220821,-9999,    9
101812,20220822,-9999,    9
101812,20220823,-9999,    9
101812,20220824,-9999,    9
101812,20220825,-9999,    9
101812,20220826,-9999,    9
101812,20220827,-9999,    9
101812,20220828,-9999,    9
101812,20220829,-9999,    9
101812,20220830,-9999,    9
101812,20220831,-9999,    9
101812,20220901,-9999,    9
101812,20220902,-9999,    9
101812,20220903,-9999,    9
101812,20220904,-9999,    9
101812,20220905,-9999,    9
101812,20220906,-9999,    9
101812,20220907,-9999,    9
101812,20220908,-9999,    9
101812,20220909,-9999,    9
101812,20220910,-9999,    9
101812,20220911,-9999,    9
101812,20220912,-9999,    9
101812,20220913,-9999,    9
101812,20220914,-9999,    9
101812,20220915,-9999,    9
101812,20220916,-9999,    9
101812,20220917,-9999,    9
101812,20220918,-9999,    9
101812,20220919,-9999,    9
101812,20220920,-9999,    9
101812,20220921,-9999,    9
101812,20220922,-9999,    9
101812,20220923,-9999,    9
101812,20220924,-9999,    9
101812,20220925,-9999,    9
101812,20220926,-9999,    9
101812,20220927,-9999,    9
101812,20220928,-9999,    9
101812,20220929,-9999,    9
101812,20220930,-9999,    9
101812,20221001,-9999,    9
101812,20221002,-9999,    9
101812,20221003,-9999,    9
101812,20221004,-9999,    9
101812,20221005,-9999,    9
101812,20221006,-9999,    9
101812,20221007,-9999,    9
101812,20221008,-9999,    9
101812,20221009,-9999,    9
101812,20221010,-9999,    9
101812,20221011,-9999,    9
101812,20221012,-9999,    9
101812,20221013,-9999,    9
101812,20221014,-9999,    9
101812,20221015,-9999,    9
101812,20221016,-9999,    9
101812,20221017,-9999,    9
101812,20221018,-9999,    9
101812,20221019,-9999,    9
101812,20221020,-9999,    9
101812,20221021,-9999,    9
101812,20221022,-9999,    9
101812,20221023,-9999,    9
101812,20221024,-9999,    9
101812,20221025,-9999,    9
101812,20221026,-9999,    9
101812,20221027,-9999,    9
101812,20221028,-9999,    9
101812,20221029,-9999,    9
101812,20221030,-9999,    9
101812,20221031,-9999,    9
101812,20221101,-9999,    9
101812,20221102,-9999,    9
101812,20221103,-9999,    9
101812,20221104,-9999,    9
101812,20221105,-9999,    9
101812,20221106,-9999,    9
101812,20221107,-9999,    9
101812,20221108,-9999,    9
101812,20221109,-9999,    9
101812,20221110,-9999,    9
101812,20221111,-9999,    9
101812,20221112,-9999,    9
101812,20221113,-9999,    9
101812,20221114,-9999,    9
101812,20221115,-9999,    9
101812,20221116,-9999,    9
101812,20221117,-9999,    9
101812,20221118,-9999,    9
101812,20221119,-9999,    9
101812,20221120,-9999,    9
101812,20221121,-9999,    9
101812,20221122,-9999,    9
101812,20221123,-9999,    9
101812,20221124,-9999,    9
101812,20221125,-9999,    9
101812,20221126,-9999,    9
101812,20221127,-9999,    9
101812,20221128,-9999,    9
101812,20221129,-9999,    9
101812,20221130,-9999,    9
101812,20221201,-9999,    9
101812,20221202,-9999,    9
101812,20221203,-9999,    9
101812,20221204,-9999,    9
101812,20221205,-9999,    9
101812,20221206,-9999,    9
101812,20221207,-9999,    9
101812,20221208,-9999,    9
101812,20221209,-9999,    9
101812,20221210,-9999,    9
101812,20221211,-9999,    9
101812,20221212,-9999,    9
101812,20221213,-9999,    9
101812,20221214,-9999,    9
101812,20221215,-9999,    9
101812,20221216,-9999,    9
101812,20221217,-9999,    9
101812,20221218,-9999,    9
101812,20221219,-9999,    9
101812,20221220,-9999,    9
101812,20221221,-9999,    9
101812,20221222,-9999,    9
101812,20221223,-9999,    9
101812,20221224,-9999,    9
101812,20221225,-9999,    9
101812,20221226,-9999,    9
101812,20221227,-9999,    9
101812,20221228,-9999,    9
101812,20221229,-9999,    9
101812,20221230,-9999,    9
101812,20221231,-9999,    9
101812,20230101,-9999,    9
101812,20230102,-9999,    9
101812,20230103,-9999,    9
101812,20230104,-9999,    9
101812,20230105,-9999,    9
101812,20230106,-9999,    9
101812,20230107,-9999,    9
101812,20230108,-9999,    9
101812,20230109,-9999,    9
101812,20230110,-9999,    9
101812,20230111,-9999,    9
101812,20230112,-9999,    9
101812,20230113,-9999,    9
101812,20230114,-9999,    9
101812,20230115,-9999,    9
101812,20230116,-9999,    9
101812,20230117,-9999,    9
101812,20230118,-9999,    9
101812,20230119,-9999,    9
101812,20230120,-9999,    9
101812,20230121,-9999,    9
101812,20230122,-9999,    9
101812,20230123,-9999,    9
101812,20230124,-9999,    9
101812,20230125,-9999,    9
101812,20230126,-9999,    9
101812,20230127,-9999,    9
101812,20230128,-9999,    9
101812,20230129,-9999,    9
101812,20230130,-9999,    9
101812,20230131,-9999,    9
101812,20230201,-9999,    9
101812,20230202,-9999,    9
101812,20230203,-9999,    9
101812,20230204,-9999,    9
101812,20230205,-9999,    9
101812,20230206,-9999,    9
101812,20230207,-9999,    9
101812,20230208,-9999,    9
101812,20230209,-9999,    9
101812,20230210,-9999,    9
101812,20230211,-9999,    9
101812,20230212,-9999,    9
101812,20230213,-9999,    9
101812,20230214,-9999,    9
101812,20230215,-9999,    9
101812,20230216,-9999,    9
101812,20230217,-9999,    9
101812,20230218,-9999,    9
101812,20230219,-9999,    9
101812,20230220,-9999,    9
101812,20230221,-9999,    9
101812,20230222,-9999,    9
101812,20230223,-9999,    9
101812,20230224,-9999,    9
101812,20230225,-9999,    9
101812,20230226,-9999,    9
101812,20230227,-9999,    9
101812,20230228,-9999,    9
101812,20230301,-9999,    9
101812,20230302,-9999,    9
101812,20230303,-9999,    9
101812,20230304,-9999,    9
101812,20230305,-9999,    9
101812,20230306,-9999,    9
101812,20230307,-9999,    9
101812,20230308,-9999,    9
101812,20230309,-9999,    9
101812,20230310,-9999,    9
101812,20230311,-9999,    9
101812,20230312,-9999,    9
101812,20230313,-9999,    9
101812,20230314,-9999,    9
101812,20230315,-9999,    9
101812,20230316,-9999,    9
101812,20230317,-9999,    9
101812,20230318,-9999,    9
101812,20230319,-9999,    9
101812,20230320,-9999,    9
101812,20230321,-9999,    9
101812,20230322,-9999,    9
101812,20230323,-9999,    9
101812,20230324,-9999,    9
101812,20230325,-9999,    9
101812,20230326,-9999,    9
101812,20230327,-9999,    9
101812,20230328,-9999,    9
101812,20230329,-9999,    9
101812,20230330,-9999,    9
101812,20230331,-9999,    9
101812,20230401,-9999,    9
101812,20230402,-9999,    9
101812,20230403,-9999,    9
101812,20230404,-9999,    9
101812,20230405,-9999,    9
101812,20230406,-9999,    9
101812,20230407,-9999,    9
101812,20230408,-9999,    9
101812,20230409,-9999,    9
101812,20230410,-9999,    9
101812,20230411,-9999,    9
101812,20230412,-9999,    9
101812,20230413,-9999,    9
101812,20230414,-9999,    9
101812,20230415,-9999,    9
101812,20230416,-9999,    9
101812,20230417,-9999,    9
101812,20230418,-9999,    9
101812,20230419,-9999,    9
101812,20230420,-9999,    9
101812,20230421,-9999,    9
101812,20230422,-9999,    9
101812,20230423,-9999,    9
101812,20230424,-9999,    9
101812,20230425,-9999,    9
101812,20230426,-9999,    9
101812,20230427,-9999,    9
101812,20230428,-9999,    9
101812,20230429,-9999,    9
101812,20230430,-9999,    9
101812,20230501,-9999,    9
101812,20230502,-9999,    9
101812,20230503,-9999,    9
101812,20230504,-9999,    9
101812,20230505,-9999,    9
101812,20230506,-9999,    9
101812,20230507,-9999,    9
101812,20230508,-9999,    9
101812,20230509,-9999,    9
101812,20230510,-9999,    9
101812,20230511,-9999,    9
101812,20230512,-9999,    9
101812,20230513,-9999,    9
101812,20230514,-9999,    9
101812,20230515,-9999,    9
101812,20230516,-9999,    9
101812,20230517,-9999,    9
101812,20230518,-9999,    9
101812,20230519,-9999,    9
101812,20230520,-9999,    9
101812,20230521,-9999,    9
101812,20230522,-9999,    9
101812,20230523,-9999,    9
101812,20230524,-9999,    9
101812,20230525,-9999,    9
101812,20230526,-9999,    9
101812,20230527,-9999,    9
101812,20230528,-9999,    9
101812,20230529,-9999,    9
101812,20230530,-9999,    9
101812,20230531,-9999,    9
101812,20230601,-9999,    9
101812,20230602,-9999,    9
101812,20230603,-9999,    9
101812,20230604,-9999,    9
101812,20230605,-9999,    9
101812,20230606,-9999,    9
101812,20230607,-9999,    9
101812,20230608,-9999,    9
101812,20230609,-9999,    9
101812,20230610,-9999,    9
101812,20230611,-9999,    9
101812,20230612,-9999,    9
101812,20230613,-9999,    9
101812,20230614,-9999,    9
101812,20230615,-9999,    9
101812,20230616,-9999,    9
101812,20230617,-9999,    9
101812,20230618,-9999,    9
101812,20230619,-9999,    9
101812,20230620,-9999,    9
101812,20230621,-9999,    9
101812,20230622,-9999,    9
101812,20230623,-9999,    9
101812,20230624,-9999,    9
101812,20230625,-9999,    9
101812,20230626,-9999,    9
101812,20230627,-9999,    9
101812,20230628,-9999,    9
101812,20230629,-9999,    9
101812,20230630,-9999,    9
101812,20230701,-9999,    9
101812,20230702,-9999,    9
101812,20230703,-9999,    9
101812,20230704,-9999,    9
101812,20230705,-9999,    9
101812,20230706,-9999,    9
101812,20230707,-9999,    9
101812,20230708,-9999,    9
101812,20230709,-9999,    9
101812,20230710,-9999,    9
101812,20230711,-9999,    9
101812,20230712,-9999,    9
101812,20230713,-9999,    9
101812,20230714,-9999,    9
101812,20230715,-9999,    9
101812,20230716,-9999,    9
101812,20230717,-9999,    9
101812,20230718,-9999,    9
101812,20230719,-9999,    9
101812,20230720,-9999,    9
101812,20230721,-9999,    9
101812,20230722,-9999,    9
101812,20230723,-9999,    9
101812,20230724,-9999,    9
101812,20230725,-9999,    9
101812,20230726,-9999,    9
101812,20230727,-9999,    9
101812,20230728,-9999,    9
101812,20230729,-9999,    9
101812,20230730,-9999,    9
101812,20230731,-9999,    9
101812,20230801,-9999,    9
101812,20230802,-9999,    9
101812,20230803,-9999,    9
101812,20230804,-9999,    9
101812,20230805,-9999,    9
101812,20230806,-9999,    9
101812,20230807,-9999,    9
101812,20230808,-9999,    9
101812,20230809,-9999,    9
101812,20230810,-9999,    9
101812,20230811,-9999,    9
101812,20230812,-9999,    9
101812,20230813,-9999,    9
101812,20230814,-9999,    9
101812,20230815,-9999,    9
101812,20230816,-9999,    9
101812,20230817,-9999,    9
101812,20230818,-9999,    9
101812,20230819,-9999,    9
101812,20230820,-9999,    9
101812,20230821,-9999,    9
101812,20230822,-9999,    9
101812,20230823,-9999,    9
101812,20230824,-9999,    9
101812,20230825,-9999,    9
101812,20230826,-9999,    9
101812,20230827,-9999,    9
101812,20230828,-9999,    9
101812,20230829,-9999,    9
101812,20230830,-9999,    9
101812,20230831,-9999,    9
101812,20230901,-9999,    9
101812,20230902,-9999,    9
101812,20230903,-9999,    9
101812,20230904,-9999,    9
101812,20230905,-9999,    9
101812,20230906,-9999,    9
101812,20230907,-9999,    9
101812,20230908,-9999,    9
101812,20230909,-9999,    9
101812,20230910,-9999,    9
101812,20230911,-9999,    9
101812,20230912,-9999,    9
101812,20230913,-9999,    9
101812,20230914,-9999,    9
101812,20230915,-9999,    9
101812,20230916,-9999,    9
101812,20230917,-9999,    9
101812,20230918,-9999,    9
101812,20230919,-9999,    9
101812,20230920,-9999,    9
101812,20230921,-9999,    9
101812,20230922,-9999,    9
101812,20230923,-9999,    9
101812,20230924,-9999,    9
101812,20230925,-9999,    9
101812,20230926,-9999,    9
101812,20230927,-9999,    9
101812,20230928,-9999,    9
101812,20230929,-9999,    9
101812,20230930,-9999,    9
101812,20231001,-9999,    9
101812,20231002,-9999,    9
101812,20231003,-9999,    9
101812,20231004,-9999,    9
101812,20231005,-9999,    9
101812,20231006,-9999,    9
101812,20231007,-9999,    9
101812,20231008,-9999,    9
101812,20231009,-9999,    9
101812,20231010,-9999,    9
101812,20231011,-9999,    9
101812,20231012,-9999,    9
101812,20231013,-9999,    9
101812,20231014,-9999,    9
101812,20231015,-9999,    9
101812,20231016,-9999,    9
101812,20231017,-9999,    9
101812,20231018,-9999,    9
101812,20231019,-9999,    9
101812,20231020,-9999,    9
101812,20231021,-9999,    9
101812,20231022,-9999,    9
101812,20231023,-9999,    9
101812,20231024,-9999,    9
101812,20231025,-9999,    9
101812,20231026,-9999,    9
101812,20231027,-9999,    9
101812,20231028,-9999,    9
101812,20231029,-9999,    9
101812,20231030,-9999,    9
101812,20231031,-9999,    9
101812,20231101,-9999,    9
101812,20231102,-9999,    9
101812,20231103,-9999,    9
101812,20231104,-9999,    9
101812,20231105,-9999,    9
101812,20231106,-9999,    9
101812,20231107,-9999,    9
101812,20231108,-9999,    9
101812,20231109,-9999,    9
101812,20231110,-9999,    9
101812,20231111,-9999,    9
101812,20231112,-9999,    9
101812,20231113,-9999,    9
101812,20231114,-9999,    9
101812,20231115,-9999,    9
101812,20231116,-9999,    9
101812,20231117,-9999,    9
101812,20231118,-9999,    9
101812,20231119,-9999,    9
101812,20231120,-9999,    9
101812,20231121,-9999,    9
101812,20231122,-9999,    9
101812,20231123,-9999,    9
101812,20231124,-9999,    9
101812,20231125,-9999,    9
101812,20231126,-9999,    9
101812,20231127,-9999,    9
101812,20231128,-9999,    9
101812,20231129,-9999,    9
101812,20231130,-9999,    9
101812,20231201,-9999,    9
101812,20231202,-9999,    9
101812,20231203,-9999,    9
101812,20231204,-9999,    9
101812,20231205,-9999,    9
101812,20231206,-9999,    9
101812,20231207,-9999,    9
101812,20231208,-9999,    9
101812,20231209,-9999,    9
101812,20231210,-9999,    9
101812,20231211,-9999,    9
101812,20231212,-9999,    9
101812,20231213,-9999,    9
101812,20231214,-9999,    9
101812,20231215,-9999,    9
101812,20231216,-9999,    9
101812,20231217,-9999,    9
101812,20231218,-9999,    9
101812,20231219,-9999,    9
101812,20231220,-9999,    9
101812,20231221,-9999,    9
101812,20231222,-9999,    9
101812,20231223,-9999,    9
101812,20231224,-9999,    9
101812,20231225,-9999,    9
101812,20231226,-9999,    9
101812,20231227,-9999,    9
101812,20231228,-9999,    9
101812,20231229,-9999,    9
101812,20231230,-9999,    9
101812,20231231,-9999,    9
101812,20240101,-9999,    9
101812,20240102,-9999,    9
101812,20240103,-9999,    9
101812,20240104,-9999,    9
101812,20240105,-9999,    9
101812,20240106,-9999,    9
101812,20240107,-9999,    9
101812,20240108,-9999,    9
101812,20240109,-9999,    9
101812,20240110,-9999,    9
101812,20240111,-9999,    9
101812,20240112,-9999,    9
101812,20240113,-9999,    9
101812,20240114,-9999,    9
101812,20240115,-9999,    9
101812,20240116,-9999,    9
101812,20240117,-9999,    9
101812,20240118,-9999,    9
101812,20240119,-9999,    9
101812,20240120,-9999,    9
101812,20240121,-9999,    9
101812,20240122,-9999,    9
101812,20240123,-9999,    9
101812,20240124,-9999,    9
101812,20240125,-9999,    9
101812,20240126,-9999,    9
101812,20240127,-9999,    9
101812,20240128,-9999,    9
101812,20240129,-9999,    9
101812,20240130,-9999,    9
101812,20240131,-9999,    9
101812,20240201,-9999,    9
101812,20240202,-9999,    9
101812,20240203,-9999,    9
101812,20240204,-9999,    9
101812,20240205,-9999,    9
101812,20240206,-9999,    9
101812,20240207,-9999,    9
101812,20240208,-9999,    9
101812,20240209,-9999,    9
101812,20240210,-9999,    9
101812,20240211,-9999,    9
101812,20240212,-9999,    9
101812,20240213,-9999,    9
101812,20240214,-9999,    9
101812,20240215,-9999,    9
101812,20240216,-9999,    9
101812,20240217,-9999,    9
101812,20240218,-9999,    9
101812,20240219,-9999,    9
101812,20240220,-9999,    9
101812,20240221,-9999,    9
101812,20240222,-9999,    9
101812,20240223,-9999,    9
101812,20240224,-9999,    9
101812,20240225,-9999,    9
101812,20240226,-9999,    9
101812,20240227,-9999,    9
101812,20240228,-9999,    9
101812,20240229,-9999,    9
101812,20240301,-9999,    9
101812,20240302,-9999,    9
101812,20240303,-9999,    9
101812,20240304,-9999,    9
101812,20240305,-9999,    9
101812,20240306,-9999,    9
101812,20240307,-9999,    9
101812,20240308,-9999,    9
101812,20240309,-9999,    9
101812,20240310,-9999,    9
101812,20240311,-9999,    9
101812,20240312,-9999,    9
101812,20240313,-9999,    9
101812,20240314,-9999,    9
101812,20240315,-9999,    9
101812,20240316,-9999,    9
101812,20240317,-9999,    9
101812,20240318,-9999,    9
101812,20240319,-9999,    9
101812,20240320,-9999,    9
101812,20240321,-9999,    9
101812,20240322,-9999,    9
101812,20240323,-9999,    9
101812,20240324,-9999,    9
101812,20240325,-9999,    9
101812,20240326,-9999,    9
101812,20240327,-9999,    9
101812,20240328,-9999,    9
101812,20240329,-9999,    9
101812,20240330,-9999,    9
101812,20240331,-9999,    9
101812,20240401,-9999,    9
101812,20240402,-9999,    9
101812,20240403,-9999,    9
101812,20240404,-9999,    9
101812,20240405,-9999,    9
101812,20240406,-9999,    9
101812,20240407,-9999,    9
101812,20240408,-9999,    9
101812,20240409,-9999,    9
101812,20240410,-9999,    9
101812,20240411,-9999,    9
101812,20240412,-9999,    9
101812,20240413,-9999,    9
101812,20240414,-9999,    9
101812,20240415,-9999,    9
101812,20240416,-9999,    9
101812,20240417,-9999,    9
101812,20240418,-9999,    9
101812,20240419,-9999,    9
101812,20240420,-9999,    9
101812,20240421,-9999,    9
101812,20240422,-9999,    9
101812,20240423,-9999,    9
101812,20240424,-9999,    9
101812,20240425,-9999,    9
101812,20240426,-9999,    9
101812,20240427,-9999,    9
101812,20240428,-9999,    9
101812,20240429,-9999,    9
101812,20240430,-9999,    9
101812,20240501,-9999,    9
101812,20240502,-9999,    9
101812,20240503,-9999,    9
101812,20240504,-9999,    9
101812,20240505,-9999,    9
101812,20240506,-9999,    9
101812,20240507,-9999,    9
101812,20240508,-9999,    9
101812,20240509,-9999,    9
101812,20240510,-9999,    9
101812,20240511,-9999,    9
101812,20240512,-9999,    9
101812,20240513,-9999,    9
101812,20240514,-9999,    9
101812,20240515,-9999,    9
101812,20240516,-9999,    9
101812,20240517,-9999,    9
101812,20240518,-9999,    9
101812,20240519,-9999,    9
101812,20240520,-9999,    9
101812,20240521,-9999,    9
101812,20240522,-9999,    9
101812,20240523,-9999,    9
101812,20240524,-9999,    9
101812,20240525,-9999,    9
101812,20240526,-9999,    9
101812,20240527,-9999,    9
101812,20240528,-9999,    9
101812,20240529,-9999,    9
101812,20240530,-9999,    9
101812,20240531,-9999,    9
101812,20240601,-9999,    9
101812,20240602,-9999,    9
101812,20240603,-9999,    9
101812,20240604,-9999,    9
101812,20240605,-9999,    9
101812,20240606,-9999,    9
101812,20240607,-9999,    9
101812,20240608,-9999,    9
101812,20240609,-9999,    9
101812,20240610,-9999,    9
101812,20240611,-9999,    9
101812,20240612,-9999,    9
101812,20240613,-9999,    9
101812,20240614,-9999,    9
101812,20240615,-9999,    9
101812,20240616,-9999,    9
101812,20240617,-9999,    9
101812,20240618,-9999,    9
101812,20240619,-9999,    9
101812,20240620,-9999,    9
101812,20240621,-9999,    9
101812,20240622,-9999,    9
101812,20240623,-9999,    9
101812,20240624,-9999,    9
101812,20240625,-9999,    9
101812,20240626,-9999,    9
101812,20240627,-9999,    9
101812,20240628,-9999,    9
101812,20240629,-9999,    9
101812,20240630,-9999,    9
101812,20240701,-9999,    9
101812,20240702,-9999,    9
101812,20240703,-9999,    9
101812,20240704,-9999,    9
101812,20240705,-9999,    9
101812,20240706,-9999,    9
101812,20240707,-9999,    9
101812,20240708,-9999,    9
101812,20240709,-9999,    9
101812,20240710,-9999,    9
101812,20240711,-9999,    9
101812,20240712,-9999,    9
101812,20240713,-9999,    9
101812,20240714,-9999,    9
101812,20240715,-9999,    9
101812,20240716,-9999,    9
101812,20240717,-9999,    9
101812,20240718,-9999,    9
101812,20240719,-9999,    9
101812,20240720,-9999,    9
101812,20240721,-9999,    9
101812,20240722,-9999,    9
101812,20240723,-9999,    9
101812,20240724,-9999,    9
101812,20240725,-9999,    9
101812,20240726,-9999,    9
101812,20240727,-9999,    9
101812,20240728,-9999,    9
101812,20240729,-9999,    9
101812,20240730,-9999,    9
101812,20240731,-9999,    9
101812,20240801,-9999,    9
101812,20240802,-9999,    9
101812,20240803,-9999,    9
101812,20240804,-9999,    9
101812,20240805,-9999,    9
101812,20240806,-9999,    9
101812,20240807,-9999,    9
101812,20240808,-9999,    9
101812,20240809,-9999,    9
101812,20240810,-9999,    9
101812,20240811,-9999,    9
101812,20240812,-9999,    9
101812,20240813,-9999,    9
101812,20240814,-9999,    9
101812,20240815,-9999,    9
101812,20240816,-9999,    9
101812,20240817,-9999,    9
101812,20240818,-9999,    9
101812,20240819,-9999,    9
101812,20240820,-9999,    9
101812,20240821,-9999,    9
101812,20240822,-9999,    9
101812,20240823,-9999,    9
101812,20240824,-9999,    9
101812,20240825,-9999,    9
101812,20240826,-9999,    9
101812,20240827,-9999,    9
101812,20240828,-9999,    9
101812,20240829,-9999,    9
101812,20240830,-9999,    9
101812,20240831,-9999,    9
101812,20240901,-9999,    9
101812,20240902,-9999,    9
101812,20240903,-9999,    9
101812,20240904,-9999,    9
101812,20240905,-9999,    9
101812,20240906,-9999,    9
101812,20240907,-9999,    9
101812,20240908,-9999,    9
101812,20240909,-9999,    9
101812,20240910,-9999,    9
101812,20240911,-9999,    9
101812,20240912,-9999,    9
101812,20240913,-9999,    9
101812,20240914,-9999,    9
101812,20240915,-9999,    9
101812,20240916,-9999,    9
101812,20240917,-9999,    9
101812,20240918,-9999,    9
101812,20240919,-9999,    9
101812,20240920,-9999,    9
101812,20240921,-9999,    9
101812,20240922,-9999,    9
101812,20240923,-9999,    9
101812,20240924,-9999,    9
101812,20240925,-9999,    9
101812,20240926,-9999,    9
101812,20240927,-9999,    9
101812,20240928,-9999,    9
101812,20240929,-9999,    9
101812,20240930,-9999,    9
101812,20241001,-9999,    9
101812,20241002,-9999,    9
101812,20241003,-9999,    9
101812,20241004,-9999,    9
101812,20241005,-9999,    9
101812,20241006,-9999,    9
101812,20241007,-9999,    9
101812,20241008,-9999,    9
101812,20241009,-9999,    9
101812,20241010,-9999,    9
101812,20241011,-9999,    9
101812,20241012,-9999,    9
101812,20241013,-9999,    9
101812,20241014,-9999,    9
101812,20241015,-9999,    9
101812,20241016,-9999,    9
101812,20241017,-9999,    9
101812,20241018,-9999,    9
101812,20241019,-9999,    9
101812,20241020,-9999,    9
101812,20241021,-9999,    9
101812,20241022,-9999,    9
101812,20241023,-9999,    9
101812,20241024,-9999,    9
101812,20241025,-9999,    9
101812,20241026,-9999,    9
101812,20241027,-9999,    9
101812,20241028,-9999,    9
101812,20241029,-9999,    9
101812,20241030,-9999,    9
101812,20241031,-9999,    9
101812,20241101,-9999,    9
101812,20241102,-9999,    9
101812,20241103,-9999,    9
101812,20241104,-9999,    9
101812,20241105,-9999,    9
101812,20241106,-9999,    9
101812,20241107,-9999,    9
101812,20241108,-9999,    9
101812,20241109,-9999,    9
101812,20241110,-9999,    9
101812,20241111,-9999,    9
101812,20241112,-9999,    9
101812,20241113,-9999,    9
101812,20241114,-9999,    9
101812,20241115,-9999,    9
101812,20241116,-9999,    9
101812,20241117,-9999,    9
101812,20241118,-9999,    9
101812,20241119,-9999,    9
101812,20241120,-9999,    9
101812,20241121,-9999,    9
101812,20241122,-9999,    9
101812,20241123,-9999,    9
101812,20241124,-9999,    9
101812,20241125,-9999,    9
101812,20241126,-9999,    9
101812,20241127,-9999,    9
101812,20241128,-9999,    9
101812,20241129,-9999,    9
101812,20241130,-9999,    9
101812,20241201,-9999,    9
101812,20241202,-9999,    9
101812,20241203,-9999,    9
101812,20241204,-9999,    9
101812,20241205,-9999,    9
101812,20241206,-9999,    9
101812,20241207,-9999,    9
101812,20241208,-9999,    9
101812,20241209,-9999,    9
101812,20241210,-9999,    9
101812,20241211,-9999,    9
101812,20241212,-9999,    9
101812,20241213,-9999,    9
101812,20241214,-9999,    9
101812,20241215,-9999,    9
101812,20241216,-9999,    9
101812,20241217,-9999,    9
101812,20241218,-9999,    9
101812,20241219,-9999,    9
101812,20241220,-9999,    9
101812,20241221,-9999,    9
101812,20241222,-9999,    9
101812,20241223,-9999,    9
101812,20241224,-9999,    9
101812,20241225,-9999,    9
101812,20241226,-9999,    9
101812,20241227,-9999,    9
101812,20241228,-9999,    9
101812,20241229,-9999,    9
101812,20241230,-9999,    9
101812,20241231,-9999,    9
101812,20250101,-9999,    9
101812,20250102,-9999,    9
101812,20250103,-9999,    9
101812,20250104,-9999,    9
101812,20250105,-9999,    9
101812,20250106,-9999,    9
101812,20250107,-9999,    9
101812,20250108,-9999,    9
101812,20250109,-9999,    9
101812,20250110,-9999,    9
101812,20250111,-9999,    9
101812,20250112,-9999,    9
101812,20250113,-9999,    9
101812,20250114,-9999,    9
101812,20250115,-9999,    9
101812,20250116,-9999,    9
101812,20250117,-9999,    9
101812,20250118,-9999,    9
101812,20250119,-9999,    9
101812,20250120,-9999,    9
101812,20250121,-9999,    9
101812,20250122,-9999,    9
101812,20250123,-9999,    9
101812,20250124,-9999,    9
101812,20250125,-9999,    9
101812,20250126,-9999,    9
101812,20250127,-9999,    9
101812,20250128,-9999,    9
101812,20250129,-9999,    9
101812,20250130,-9999,    9
101812,20250131,-9999,    9
101812,20250201,-9999,    9
101812,20250202,-9999,    9
101812,20250203,-9999,    9
101812,20250204,-9999,    9
101812,20250205,-9999,    9
101812,20250206,-9999,    9
101812,20250207,-9999,    9
101812,20250208,-9999,    9
101812,20250209,-9999,    9
101812,20250210,-9999,    9
101812,20250211,-9999,    9
101812,20250212,-9999,    9
101812,20250213,-9999,    9
101812,20250214,-9999,    9
101812,20250215,-9999,    9
101812,20250216,-9999,    9
101812,20250217,-9999,    9
101812,20250218,-9999,    9
101812,20250219,-9999,    9
101812,20250220,-9999,    9
101812,20250221,-9999,    9
101812,20250222,-9999,    9
101812,20250223,-9999,    9
101812,20250224,-9999,    9
101812,20250225,-9999,    9
101812,20250226,-9999,    9
101812,20250227,-9999,    9
101812,20250228,-9999,    9
101812,20250301,-9999,    9
101812,20250302,-9999,    9
101812,20250303,-9999,    9
101812,20250304,-9999,    9
101812,20250305,-9999,    9
101812,20250306,-9999,    9
101812,20250307,-9999,    9
101812,20250308,-9999,    9
101812,20250309,-9999,    9
101812,20250310,-9999,    9
101812,20250311,-9999,    9
101812,20250312,-9999,    9
101812,20250313,-9999,    9
101812,20250314,-9999,    9
101812,20250315,-9999,    9
101812,20250316,-9999,    9
101812,20250317,-9999,    9
101812,20250318,-9999,    9
101812,20250319,-9999,    9
101812,20250320,-9999,    9
101812,20250321,-9999,    9
101812,20250322,-9999,    9
101812,20250323,-9999,    9
101812,20250324,-9999,    9
101812,20250325,-9999,    9
101812,20250326,-9999,    9
101812,20250327,-9999,    9
101812,20250328,-9999,    9
101812,20250329,-9999,    9
101812,20250330,-9999,    9
101812,20250331,-9999,    9
101812,20250401,-9999,    9
101812,20250402,-9999,    9
101812,20250403,-9999,    9
101812,20250404,-9999,    9
101812,20250405,-9999,    9
101812,20250406,-9999,    9
101812,20250407,-9999,    9
101812,20250408,-9999,    9
101812,20250409,-9999,    9
101812,20250410,-9999,    9
101812,20250411,-9999,    9
101812,20250412,-9999,    9
101812,20250413,-9999,    9
101812,20250414,-9999,    9
101812,20250415,-9999,    9
101812,20250416,-9999,    9
101812,20250417,-9999,    9
101812,20250418,-9999,    9
101812,20250419,-9999,    9
101812,20250420,-9999,    9
101812,20250421,-9999,    9
101812,20250422,-9999,    9
101812,20250423,-9999,    9
101812,20250424,-9999,    9
101812,20250425,-9999,    9
101812,20250426,-9999,    9
101812,20250427,-9999,    9
101812,20250428,-9999,    9
101812,20250429,-9999,    9
101812,20250430,-9999,    9
101812,20250501,-9999,    9
101812,20250502,-9999,    9
101812,20250503,-9999,    9
101812,20250504,-9999,    9
101812,20250505,-9999,    9
101812,20250506,-9999,    9
101812,20250507,-9999,    9
101812,20250508,-9999,    9
101812,20250509,-9999,    9
101812,20250510,-9999,    9
101812,20250511,-9999,    9
101812,20250512,-9999,    9
101812,20250513,-9999,    9
101812,20250514,-9999,    9
101812,20250515,-9999,    9
101812,20250516,-9999,    9
101812,20250517,-9999,    9
101812,20250518,-9999,    9
101812,20250519,-9999,    9
101812,20250520,-9999,    9
101812,20250521,-9999,    9
101812,20250522,-9999,    9
101812,20250523,-9999,    9
101812,20250524,-9999,    9
101812,20250525,-9999,    9
101812,20250526,-9999,    9
101812,20250527,-9999,    9
101812,20250528,-9999,    9
101812,20250529,-9999,    9
101812,20250530,-9999,    9
101812,20250531,-9999,    9
101812,20250601,-9999,    9
101812,20250602,-9999,    9
101812,20250603,-9999,    9
101812,20250604,-9999,    9
101812,20250605,-9999,    9
101812,20250606,-9999,    9
101812,20250607,-9999,    9
101812,20250608,-9999,    9
101812,20250609,-9999,    9
101812,20250610,-9999,    9
101812,20250611,-9999,    9
101812,20250612,-9999,    9
101812,20250613,-9999,    9
101812,20250614,-9999,    9
101812,20250615,-9999,    9
101812,20250616,-9999,    9
101812,20250617,-9999,    9
101812,20250618,-9999,    9
101812,20250619,-9999,    9
101812,20250620,-9999,    9
101812,20250621,-9999,    9
101812,20250622,-9999,    9
101812,20250623,-9999,    9
101812,20250624,-9999,    9
101812,20250625,-9999,    9
101812,20250626,-9999,    9
101812,20250627,-9999,    9
101812,20250628,-9999,    9
101812,20250629,-9999,    9
101812,20250630,-9999,    9
101812,20250701,-9999,    9
101812,20250702,-9999,    9
101812,20250703,-9999,    9
101812,20250704,-9999,    9
101812,20250705,-9999,    9
101812,20250706,-9999,    9
101812,20250707,-9999,    9
101812,20250708,-9999,    9
101812,20250709,-9999,    9
101812,20250710,-9999,    9
101812,20250711,-9999,    9
101812,20250712,-9999,    9
101812,20250713,-9999,    9
101812,20250714,-9999,    9
101812,20250715,-9999,    9
101812,20250716,-9999,    9
101812,20250717,-9999,    9
101812,20250718,-9999,    9
101812,20250719,-9999,    9
101812,20250720,-9999,    9
101812,20250721,-9999,    9
101812,20250722,-9999,    9
101812,20250723,-9999,    9
101812,20250724,-9999,    9
101812,20250725,-9999,    9
101812,20250726,-9999,    9
101812,20250727,-9999,    9
101812,20250728,-9999,    9
101812,20250729,-9999,    9
101812,20250730,-9999,    9
101812,20250731,-9999,    9
101812,20250801,-9999,    9
101812,20250802,-9999,    9
101812,20250803,-9999,    9
101812,20250804,-9999,    9
101812,20250805,-9999,    9
101812,20250806,-9999,    9
101812,20250807,-9999,    9
101812,20250808,-9999,    9
101812,20250809,-9999,    9
101812,20250810,-9999,    9
101812,20250811,-9999,    9
101812,20250812,-9999,    9
101812,20250813,-9999,    9
101812,20250814,-9999,    9
101812,20250815,-9999,    9
101812,20250816,-9999,    9
101812,20250817,-9999,    9
101812,20250818,-9999,    9
101812,20250819,-9999,    9
101812,20250820,-9999,    9
101812,20250821,-9999,    9
101812,20250822,-9999,    9
101812,20250823,-9999,    9
101812,20250824,-9999,    9
101812,20250825,-9999,    9
101812,20250826,-9999,    9
101812,20250827,-9999,    9
101812,20250828,-9999,    9
101812,20250829,-9999,    9
101812,20250830,-9999,    9
101812,20250831,-9999,    9
101812,20250901,-9999,    9
101812,20250902,-9999,    9
101812,20250903,-9999,    9
101812,20250904,-9999,    9
101812,20250905,-9999,    9
101812,20250906,-9999,    9
101812,20250907,-9999,    9
101812,20250908,-9999,    9
101812,20250909,-9999,    9
101812,20250910,-9999,    9
101812,20250911,-9999,    9
101812,20250912,-9999,    9
101812,20250913,-9999,    9
101812,20250914,-9999,    9
101812,20250915,-9999,    9
101812,20250916,-9999,    9
101812,20250917,-9999,    9
101812,20250918,-9999,    9
101812,20250919,-9999,    9
101812,20250920,-9999,    9
101812,20250921,-9999,    9
101812,20250922,-9999,    9
101812,20250923,-9999,    9
101812,20250924,-9999,    9
101812,20250925,-9999,    9
101812,20250926,-9999,    9
101812,20250927,-9999,    9
101812,20250928,-9999,    9
101812,20250929,-9999,    9
101812,20250930,-9999,    9
101812,20251001,-9999,    9
101812,20251002,-9999,    9
101812,20251003,-9999,    9
101812,20251004,-9999,    9
101812,20251005,-9999,    9
101812,20251006,-9999,    9
101812,20251007,-9999,    9
101812,20251008,-9999,    9
101812,20251009,-9999,    9
101812,20251010,-9999,    9
101812,20251011,-9999,    9
101812,20251012,-9999,    9
101812,20251013,-9999,    9
101812,20251014,-9999,    9
101812,20251015,-9999,    9
101812,20251016,-9999,    9
101812,20251017,-9999,    9
101812,20251018,-9999,    9
101812,20251019,-9999,    9
101812,20251020,-9999,    9
101812,20251021,-9999,    9
101812,20251022,-9999,    9
101812,20251023,-9999,    9
101812,20251024,-9999,    9
101812,20251025,-9999,    9
101812,20251026,-9999,    9
101812,20251027,-9999,    9
101812,20251028,-9999,    9
101812,20251029,-9999,    9
101812,20251030,-9999,    9
101812,20251031,-9999,    9
101812,20251101,-9999,    9
101812,20251102,-9999,    9
101812,20251103,-9999,    9
101812,20251104,-9999,    9
101812,20251105,-9999,    9
101812,20251106,-9999,    9
101812,20251107,-9999,    9
101812,20251108,-9999,    9
101812,20251109,-9999,    9
101812,20251110,-9999,    9
101812,20251111,-9999,    9
101812,20251112,-9999,    9
101812,20251113,-9999,    9
101812,20251114,-9999,    9
101812,20251115,-9999,    9
101812,20251116,-9999,    9
101812,20251117,-9999,    9
101812,20251118,-9999,    9
101812,20251119,-9999,    9
101812,20251120,-9999,    9
101812,20251121,-9999,    9
101812,20251122,-9999,    9
101812,20251123,-9999,    9
101812,20251124,-9999,    9
101812,20251125,-9999,    9
101812,20251126,-9999,    9
101812,20251127,-9999,    9
101812,20251128,-9999,    9
101812,20251129,-9999,    9
101812,20251130,-9999,    9
101812,20251201,-9999,    9
101812,20251202,-9999,    9
101812,20251203,-9999,    9
101812,20251204,-9999,    9
101812,20251205,-9999,    9
101812,20251206,-9999,    9
101812,20251207,-9999,    9
101812,20251208,-9999,    9
101812,20251209,-9999,    9
101812,20251210,-9999,    9
101812,20251211,-9999,    9
101812,20251212,-9999,    9
101812,20251213,-9999,    9
101812,20251214,-9999,    9
101812,20251215,-9999,    9
101812,20251216,-9999,    9
101812,20251217,-9999,    9
101812,20251218,-9999,    9
101812,20251219,-9999,    9
101812,20251220,-9999,    9
101812,20251221,-9999,    9
101812,20251222,-9999,    9
101812,20251223,-9999,    9
101812,20251224,-9999,    9
101812,20251225,-9999,    9
101812,20251226,-9999,    9
101812,20251227,-9999,    9
101812,20251228,-9999,    9
101812,20251229,-9999,    9
101812,20251230,-9999,    9
101812,20251231,-9999,    9
